Y,X,empirical,pred_1zero,pred_10zero,pred_80zero,pred_300zero,pred_1000zero
9.210340371976184,10000,0.0219930560165309,0.017957078010243925,0.03134190897591728,0.0232539256464811,0.020176461864382957,0.021442963488078063
9.211839248099919,10015,0.0208039929718837,0.01785599652116615,0.031918782343974494,0.022926612648822838,0.0217355743291623,0.020539445755265878
9.213435576883485,10031,0.0220149998951469,0.01773812767790178,0.03248765441212447,0.02270419901895673,0.02383006049410886,0.021852658056816136
9.21492982430999,10046,0.0233129036104668,0.01761845687886501,0.03297238083877112,0.022625179545469533,0.025386738056502656,0.025012353516858613
9.216521231051264,10062,0.0277977906810001,0.017481319200298207,0.03343239246489977,0.022679330155434187,0.02593713822375491,0.02705755027870814
9.218010878280401,10077,0.0247075717084729,0.017344138737477588,0.03380574711809649,0.02285054051477983,0.02544391734612992,0.026360260410109398
9.219597393238857,10093,0.0247083138107857,0.01718894724409148,0.034137814401939796,0.023141633824581717,0.02449622212328871,0.025226126574138894
9.221082468508083,10108,0.0277996289273621,0.017035452851240945,0.03438349078289824,0.02348962617249155,0.02389090049446128,0.024538374423315964
9.222664121665014,10124,0.0233112422402977,0.016863540312124448,0.034572167494948534,0.023904562451022016,0.02394517067230258,0.02341890918575701
9.224144652952582,10139,0.0233117201233181,0.01669503228211755,0.03467772716830196,0.02429703292647566,0.024600985053085715,0.02349083751149711
9.225721474014483,10155,0.0247098457216109,0.016507836647980847,0.034712135462750905,0.024678045114353304,0.025484222275783543,0.02515406731300112
9.227197489042604,10170,0.0262064855851373,0.016325707824866788,0.034669788448378897,0.024966273524062898,0.025879493118849368,0.02592013111162165
9.22876950744455,10186,0.0247128717380034,0.016124759207070134,0.034544338220435795,0.0251731543284436,0.025406789247760103,0.026354176350132076
9.230339058482873,10202,0.0233194689252148,0.015917337340988966,0.03433606832120167,0.025262944748494023,0.024164746838806213,0.025987842376221686
9.231808278591425,10217,0.0220303893829372,0.01571738991585052,0.03406634538790621,0.025243910009849303,0.02288456782378655,0.02271797198337073
9.233373071086753,10233,0.0197402719213576,0.015498680760973644,0.033700764074821615,0.025133237620508737,0.02206412559796011,0.02063745380133827
9.234935418831565,10249,0.0233294933491297,0.015274808871578713,0.033257176405919284,0.024964037407378466,0.022230719028786913,0.02236295380381314
9.236397906295473,10264,0.026210913271006,0.015060649414073063,0.03277330496756278,0.024792904125318226,0.023401244105642007,0.023931900898252353
9.237955539009155,10280,0.0247389452189665,0.014828089569609005,0.03218836033504796,0.024645436252087448,0.025551912002323377,0.025111760756559656
9.239510749275965,10296,0.0312608893720142,0.014591734144531514,0.031536908793727815,0.024584737896749028,0.028052714727892614,0.02886041392756227
9.241063544619024,10312,0.0331377993322322,0.014352057089769645,0.03082421825169015,0.02465946799872791,0.030029282983617803,0.03205238589176403
9.242613932526476,10328,0.031289868517439,0.014109535105422863,0.030056148587305286,0.024913007510324603,0.03076485627508333,0.031050965622137064
9.244065241377806,10343,0.0278922086445347,0.01388001247438461,0.029291456052146746,0.02534592504384801,0.030200653913676982,0.027564191893161304
9.2456109860581,10359,0.0248994777475473,0.013633340866686145,0.028434643877598597,0.02604373174516211,0.028700157333947814,0.02581376476956079
9.247154345098899,10375,0.0279530115108525,0.013385231506144872,0.02754238522524371,0.027004461169134353,0.026993206088413397,0.029750207545878475
9.248695325852644,10391,0.0296263523142803,0.013136162749802113,0.02662212218658634,0.02823476222733464,0.025731158793926047,0.031130843217532424
9.250233935637858,10407,0.0236301521361525,0.012886611106521617,0.025681483033333705,0.02972308242728279,0.02533620640489046,0.024219379282456113
9.251770181739321,10423,0.0236448695613278,0.01263705034741465,0.024728189158297373,0.03143399493012662,0.026063871288216276,0.022338683643954905
9.253304071408298,10439,0.0264588466279164,0.012387950633748994,0.023769961578942417,0.03330338109577382,0.028097990164669302,0.027633358577273393
9.254835611862735,10455,0.0332159257277891,0.012139777663753099,0.022814428416847922,0.03523633670262964,0.03152152698172957,0.032823316343680076
9.25636481028746,10471,0.0371652885857474,0.01189299183963421,0.02186903473152469,0.03710948793513896,0.03613227239611395,0.03843275743327981
9.257891673834404,10487,0.0438093615346232,0.011648047456073741,0.02094095602914071,0.03877868911710176,0.04123527507115177,0.04410566299551778
9.259511415982631,10504,0.0438132200962592,0.011390312017851173,0.01998147053743564,0.04015886025593575,0.045878147855545164,0.04347358061261701
9.2610334862917,10520,0.0487227011270461,0.011150569997768978,0.019110178319529908,0.04093785237972196,0.04819436927638152,0.04631014121023669
9.262553243423117,10536,0.0462205386872629,0.010914014552052858,0.01827567689466126,0.04109634821451193,0.04780708202030498,0.04943799787081371
9.264070694397148,10552,0.0414993727243324,0.010681067307485878,0.01748327683781777,0.04056585497274876,0.044975951427603675,0.04245783314597582
9.26558584620216,10568,0.0392823077187696,0.010452140045464265,0.016737678517611102,0.039334487854500756,0.04073684015078961,0.03947763462756314
9.267098705794792,10584,0.0392869404556155,0.010227634043879469,0.016042930278395557,0.03745159256723255,0.03631226174443987,0.04103768942467061
9.268703615273097,10601,0.0313449654923968,0.009994376991598225,0.015364227622961042,0.03485768509312787,0.03234865878557326,0.03320322947650929
9.27021176901357,10617,0.027935025008706,0.00978020886147439,0.014784192743709297,0.03202038867691636,0.029577608859210174,0.027636183803615474
9.271717651651084,10633,0.0279354541598289,0.009571619115057321,0.014263068019202376,0.028985618816302378,0.02751206643266945,0.02808609249494228
9.273315171137574,10650,0.0222520410298989,0.009356498746924697,0.013775223604189082,0.02575662077317456,0.02558557581455487,0.02520403071033027
9.274816391160549,10666,0.0263787235577252,0.00916051252143235,0.013378519246542205,0.022896752612564512,0.02358375080920799,0.022142846214975403
9.276315360899716,10682,0.0199918079595144,0.008971141230400203,0.01304210079584845,0.020354826986655635,0.021239949436839656,0.021838244643159165
9.277905558138606,10699,0.0210840334524788,0.008777528707631965,0.01274965542216375,0.0181090668063561,0.018614851584624798,0.019560504878083383
9.279399907907678,10715,0.0165854547648194,0.008602763213671047,0.012533923968910024,0.016471450207323598,0.016483013937291735,0.016818098397694856
9.280985211545513,10732,0.0150323298220547,0.008425317684417268,0.012365449891210736,0.01523408815477902,0.014990129139000326,0.015271061921029713
9.282474969735382,10748,0.0147372073529898,0.00826634513055575,0.01226118053754067,0.014497997151644446,0.014354743995756578,0.014366291198604629
9.284055409798464,10765,0.0143976691329451,0.008106255762654639,0.012204410742422395,0.014092228832862055,0.014210601641100724,0.014315318683195015
9.285540604539118,10781,0.0144479862344081,0.007964126051198622,0.012197987172583394,0.013978070844395226,0.014251406149208128,0.014359592878635636
9.287116210778231,10798,0.014441992619967,0.007822433377128988,0.01223654744774472,0.014047532220457938,0.014298633220611099,0.014394037471282683
9.28859686994195,10814,0.0146399476479385,0.00769805416751028,0.012311050700109976,0.014216481179857729,0.014328871141515955,0.014454426157623216
9.290167671835736,10831,0.0145296114489671,0.0075756454143199314,0.012425685330219465,0.014442156104995444,0.014353282319209099,0.014578326845245708
9.291736010180177,10848,0.0145126802631026,0.007463465887142829,0.012571425337363235,0.014671628454361332,0.014373750400424134,0.014472836914737306
9.293209849798478,10864,0.0153415972086067,0.007367384034900297,0.012731962689834168,0.014869916644240767,0.014502595017858477,0.01499400393670804
9.29477342795101,10881,0.0153660245128571,0.007275533403385782,0.012922009852972758,0.015056092999958554,0.015019764103263453,0.015231508719572878
9.296334565143043,10898,0.0158345091061809,0.00719435634283434,0.01312669237061852,0.015223685203084163,0.016082223393679783,0.015773051364303455
9.297801647746176,10914,0.0185585078830137,0.007127801713572484,0.013327887651865036,0.01537785721789262,0.017336168521218102,0.0177659678530291
9.299358068293836,10931,0.0170470532640432,0.007067632847604712,0.01354585101697722,0.015556788420340804,0.018347294729836514,0.01887699003454065
9.300912070160567,10948,0.0178059346803595,0.007018393113333758,0.013763385689253435,0.015773487286130095,0.018570734989789773,0.017264560386790553
9.302463660851988,10965,0.0159172254952469,0.006980126604784049,0.013976003242523485,0.016052241500476266,0.018077938248366593,0.0171910064014628
9.304012847838818,10982,0.0196332907755541,0.006952855910301801,0.014179625141892893,0.01641828705445466,0.017342009905996478,0.018935322678028943
9.305559638557117,10999,0.0179158080154929,0.006936582301111038,0.01437062311804877,0.01689669172737449,0.01680935717034551,0.0181511017390519
9.307013259236445,11015,0.017948700934485,0.006931294269360856,0.01453602898526926,0.017470088375658062,0.016677038041830173,0.016448471964416272
9.308555419473135,11032,0.0165501676940373,0.00693629271416345,0.01469398775033541,0.0182268354588418,0.0169521318381499,0.016629075595779343
9.310095205113177,11049,0.0165564490477024,0.006952170777220196,0.014831511997500255,0.019143506994687032,0.017588792306841988,0.017513201912587692
9.311632623458054,11066,0.0179782895392742,0.006978848284629151,0.014946958637271666,0.02021441112629835,0.018452048825705798,0.017767603529792925
9.313167681775651,11083,0.0188313583964904,0.007016225225471531,0.015039196317404883,0.021416084238458432,0.019422078011119902,0.01904247552422511
9.314700387300425,11100,0.0208263044785749,0.007064182154094311,0.015107591532781114,0.022705138649900487,0.020531824563716577,0.021791458455704155
9.316230747233615,11117,0.0244899160921301,0.007122580623995499,0.015151987087369867,0.02401864502056088,0.022005957864293036,0.024239397225208383
9.317758768743452,11134,0.024515387004507,0.007191263651949205,0.015172673673471748,0.02527752979542726,0.02413124237826145,0.024776996615036576
9.319374133000304,11152,0.0232363993826575,0.007275001868374606,0.015169523931194273,0.026452148079577527,0.027188102809608095,0.024619281017404068
9.320897362540826,11169,0.0307521240763807,0.007364288397883573,0.015144029906171719,0.027317857871962004,0.030421908834375046,0.028066247082003573
9.322418275381533,11186,0.0325883893223278,0.007463269538972464,0.015098109411041507,0.02786515847828895,0.033058347242314275,0.034411184596548614
9.323936878558722,11203,0.0384968464939863,0.007571718411297951,0.015033469215254107,0.028033603659560504,0.03411622589175059,0.036413328844922314
9.325453179076687,11220,0.034530997620438,0.00768939235781635,0.014952047629179333,0.02779049031915082,0.03324087778661594,0.03434288032245835
9.326967183907902,11237,0.0292057094106192,0.007816033561358437,0.014855964433374988,0.027136079872402418,0.03095985180158189,0.03143425705602947
9.328567753340833,11255,0.0276214189998015,0.007959595356115902,0.014740751861577986,0.026033806963388764,0.028079436697435532,0.026909094138789464
9.330077053578517,11272,0.0246908193180873,0.008103825613653526,0.014621661623900006,0.024676202349260212,0.025652900895012817,0.024422391686157743
9.331584079261546,11289,0.0233695118302456,0.008256147162474716,0.014495000964373886,0.02310422562443894,0.02362469351204055,0.024203896504491892
9.333177281935246,11307,0.0233976795861441,0.008425900396858227,0.014355254641354979,0.021323773827639038,0.02153786246381768,0.022253332443262608
9.33467964623179,11324,0.0188503615607972,0.008593883011007086,0.014220361834928912,0.019646234875339938,0.01926103644851325,0.019282840073352688
9.33617975681533,11341,0.0171028093925572,0.008768964372388988,0.014084887952658463,0.018073286966340054,0.01678993861334893,0.017084875152250923
9.33776566023142,11359,0.015702925259614,0.008961696936829917,0.01394311369349224,0.016609563800076218,0.014646057883032184,0.014810791973687856
9.339261152043022,11376,0.0136188092376678,0.009150292123880813,0.013812799261793808,0.01547279096512241,0.013635135110698467,0.013633154601704734
9.340842180040339,11394,0.0136069020423521,0.00935652391467657,0.01368057022344906,0.014554915246383,0.013460366619682024,0.01355721553093176
9.34233308143468,11411,0.0136359277319086,0.009557085676976322,0.013562717993594094,0.013951763543224393,0.013503216817853816,0.013585670983395541
9.343909263897597,11429,0.0138099740337613,0.009775141451210443,0.013446858286318303,0.013559134080264212,0.013526901434354999,0.013639764403251872
9.345395602969049,11446,0.0143150563682002,0.00998605603751763,0.013347001912737697,0.013373236835380253,0.013883549775063975,0.01402731623056036
9.346966969508008,11464,0.0151559253882453,0.01021419730841555,0.013252374030828936,0.013313231850868013,0.014726082779713469,0.01475266970089883
9.348535870727583,11482,0.0151668908803025,0.010446831947158492,0.013169905725636949,0.013335312870124908,0.015357811099847178,0.01509222786523767
9.350015354048663,11499,0.0163456577095774,0.010670237455373995,0.01310363713551423,0.013386849838174899,0.015138509140627792,0.015436103832343631
9.351579483668905,11517,0.0147351056383167,0.010910236715605003,0.013046024375491003,0.013441273886286319,0.014302712275867904,0.014939755315309472
9.353141170607854,11535,0.0138687589499659,0.011153310503515377,0.013001371334785508,0.013478536515486203,0.013706012203145062,0.013740001719841235
9.354613861132608,11552,0.0142995974599283,0.011385263901289529,0.012970972253425696,0.013495672227387071,0.013734387607469771,0.014212686827489555
9.356170820187721,11570,0.0139176668430042,0.01163291914986313,0.012950962223001967,0.013502465584285668,0.01406250122091383,0.013924177178906129
9.35772535888924,11588,0.0141452194580528,0.011882210694563458,0.012943052892614163,0.013510638087765961,0.014241319593028693,0.013923138772168473
9.359277484750551,11606,0.0142029758585812,0.012132650077028104,0.012946715467739192,0.013533283518327091,0.014186856182621218,0.014467586193938502
9.360741172643708,11623,0.0145130355785491,0.012369791294335724,0.01296026753298015,0.013575955702501624,0.014073055790295174,0.014429915452399607
9.36228862824824,11641,0.0145628620374158,0.012621071000464425,0.012984713634097674,0.01364615240492798,0.014001865192166273,0.014214144535005174
9.363833692933289,11659,0.0141621552847879,0.01287207284892056,0.013018945086524215,0.013738595671102014,0.01398731209906224,0.014137179290822005
9.365376374075716,11677,0.0141700429211496,0.013122319853300557,0.013062389998057717,0.013845535094623855,0.013998492959384292,0.014072728980318921
9.36691667901828,11695,0.0142495422144944,0.013371340133397688,0.013114547303137939,0.01395797966044552,0.014028936796296937,0.014179767817689337
9.368454615069874,11713,0.0143268979419488,0.013618667762929906,0.013175015079369481,0.014068834915110308,0.014114572271812066,0.014288294720872723
9.369990189505721,11731,0.0143758233463266,0.013863843594130823,0.013243515373590725,0.014175201048007808,0.014294010784153408,0.014334224089693409
9.37152340956757,11749,0.014646437845293,0.014106416058005064,0.013319915049679753,0.014279193296166112,0.014544476811884009,0.014695018357215161
9.373054282463928,11767,0.0148044757562263,0.014345941939109345,0.013404242269634832,0.014387081229127201,0.014793434029025037,0.014718666548951409
9.374582815370232,11785,0.0150175158759326,0.014581987123785268,0.013496698322664261,0.014507009836011877,0.014997132523819302,0.015370700378969634
9.37610901542907,11803,0.0164192673504458,0.014814127320857753,0.013597664621899406,0.014645949614117335,0.015166853223505576,0.016007014151726107
9.377632889750377,11821,0.0154082956492747,0.015041948753879021,0.01370770479275739,0.014806736584787941,0.015325129509330768,0.015276525075672806
9.379238908437998,11840,0.0154915783072958,0.015277296928532004,0.013834526044134238,0.014996397913081537,0.015478855239683948,0.015437438736586715
9.380758024267312,11858,0.0160175758996972,0.015494989627531744,0.013965741273470274,0.015184470894334116,0.015580102201204652,0.01585660623835592
9.382274835883653,11876,0.0168085493522226,0.015707171154465634,0.014108827086594541,0.01536533250991734,0.015609785101231914,0.015982687775639864
9.383789350266541,11894,0.015833578441924,0.01591347685432867,0.014265009002345012,0.015522142373838739,0.01565383358650615,0.01574399576141282
9.385301574363844,11912,0.0159042642042931,0.016113555623079624,0.014435634533758292,0.015640782865652382,0.015963138068708797,0.015944358349398884
9.3868953338758,11931,0.0176039856773127,0.016317622221556177,0.014633007424707847,0.015717329775452888,0.016758731710717848,0.016985507410684768
9.388402871849754,11949,0.0204746750886506,0.01650385876775706,0.014837941241509334,0.01574892783347314,0.01763818846923895,0.019331716795009047
9.389908140573517,11967,0.018371758282724,0.016682884616816513,0.015061928344554602,0.01575994075016642,0.01794906096794479,0.019069147467226072
9.391494581018131,11986,0.0166437558765346,0.016863711970906838,0.015320765042800725,0.015785712424845895,0.017297273624146476,0.016574024517976377
9.392995206560256,12004,0.0161949528672627,0.017027018377837645,0.015588824946337829,0.015870024542993477,0.016336932462086933,0.01612876486706853
9.394576760974909,12023,0.0163074652303735,0.01719065810162875,0.015897567823768388,0.016079631526732283,0.01614400442629095,0.016213326475470302
9.396072771892221,12041,0.017069023175709,0.017337152909491213,0.016215956617571095,0.016445797009508135,0.017328229399359876,0.01676182406587591
9.397649470281175,12060,0.0192093996476269,0.017482527391606228,0.016580797352310526,0.017058066119008928,0.01955935319160363,0.018817600512826417
9.399140894867847,12078,0.0216808592614486,0.01761126213884498,0.016954849972932527,0.01788230858298659,0.021614338880017927,0.020988433202200424
9.400712766959849,12097,0.0237433873131842,0.01773744777680882,0.017380714447503658,0.019020215876118005,0.02293065828280491,0.023984402276348585
9.402199633250625,12115,0.0248919837675116,0.01784762180605898,0.01781430222048206,0.020337244131896606,0.023268863381270488,0.025475452488126663
9.403766708502241,12134,0.0226814997041993,0.017953852691492175,0.018304311887100213,0.02193756779630712,0.02306467986261871,0.023522087981695264
9.4053313318708,12153,0.0237460996765022,0.01804959096955766,0.018827756387374342,0.023686156477701743,0.02283259118309287,0.023055988699524747
9.406811351874557,12171,0.0226844277963597,0.018130486339505487,0.019354401866222955,0.025400709434219453,0.023009565803454014,0.02265823091726882
9.408371222475315,12190,0.0199950470765778,0.018205415575334113,0.019942331118075342,0.02717910801310988,0.023946850400076224,0.021083835842659247
9.409928663668856,12209,0.0261173560689028,0.018269508345291133,0.02056234839723783,0.028829947730787578,0.025901412366990867,0.025396593992167333
9.41140190014419,12227,0.0334571294170817,0.01832016489676123,0.02117825977047529,0.030196676981447863,0.028746344990225485,0.034876989642064996
9.4129546320379,12246,0.0388420001712435,0.018362963558924823,0.021857011669062096,0.031363997998329486,0.03243907730900152,0.03492127900825228
9.41450495669259,12265,0.0318246017354011,0.018394771029598786,0.022563270514254746,0.0322028432424102,0.03588866798300608,0.03194437827937015
9.416052881560711,12284,0.038842708747026,0.018415577273310127,0.02329475411661738,0.03269364810650934,0.03781744369164008,0.03560111117331669
9.417598414060167,12303,0.0388437463724702,0.018425393450736877,0.02404883156367514,0.03284437958569434,0.03738965372713979,0.038156305342884334
9.419141561574515,12322,0.038843802444672,0.01842425166883673,0.024822542867659576,0.032687887329114075,0.034856449537966655,0.03762800370005689
9.420682331453184,12341,0.0369670755153573,0.018412204693869692,0.02561262317176833,0.03227695738837877,0.031417618886862744,0.03333239573507733
9.42222073101168,12360,0.0248586939772053,0.018389325628500222,0.026415531090737958,0.031677936624757534,0.02840626708630044,0.025204061594213893
9.423756767531808,12379,0.0248586513015325,0.018355707554211183,0.027227480707867742,0.030963913269140466,0.02659427581319438,0.02389953008760158
9.425290448261864,12398,0.0302626198946007,0.018311463140306627,0.028044476707226873,0.030208401677348312,0.02610130875278192,0.030169637657576392
9.42682178041684,12417,0.0302647437950081,0.018256724220820367,0.028862352086965408,0.029480299115739426,0.02662698416653691,0.031063803033763968
9.428350771178643,12436,0.0260853047856366,0.018191641340682133,0.029676807877423016,0.02884059269489162,0.027634577980938595,0.026125505286285974
9.42987742769628,12455,0.0260853854499958,0.01811638327252961,0.03048345427592836,0.028340945043212353,0.028553172437589956,0.025874440297576705
9.431401757086068,12474,0.0287925247386189,0.018031136505581385,0.03127785260855033,0.028023937006168946,0.029096780862387116,0.027892295932816575
9.432923766431827,12493,0.028793862863007,0.01793610470801361,0.03205555753706111,0.027924453950576102,0.0294500065851741,0.028571784668084257
9.434443462785092,12512,0.0318327328219309,0.017831508164304205,0.032812158946338384,0.0280715192255276,0.03010036780770664,0.03128979358403793
9.436040652072082,12532,0.0370051277735736,0.017711333436085205,0.03358102008365906,0.028519781818876176,0.03156477281436953,0.03629030855987398
9.437555622660446,12551,0.0352291547176388,0.017587861301445736,0.03428085387904865,0.029246237115125036,0.03370983369246751,0.037005649919960366
9.43906830158429,12570,0.0318959286697006,0.01745559342662918,0.034946759171424605,0.03028225305647616,0.03601260134256111,0.033129421778555074
9.44057869576626,12589,0.0319383523658223,0.017314811212622343,0.03557487196564135,0.03163748401241527,0.037500764790660515,0.03093280357566383
9.442166123673225,12609,0.035382649390923,0.017157745397769004,0.03619121696286099,0.03340839883630533,0.037379016877967707,0.035186827441159876
9.443671849677882,12628,0.0453223847260449,0.017000424142300102,0.036730630721232935,0.03540280675363527,0.035818371994241864,0.04175234765945374
9.445175311879977,12647,0.0372850531553216,0.016835527821242702,0.03722196421445234,0.03766863167175253,0.033897332495811845,0.04000927707473957
9.446755465483632,12667,0.0354980051967322,0.0166541338459891,0.037684156658710694,0.04028936198268175,0.03287766849797094,0.03207773771480317
9.448254302193842,12686,0.0289884172349904,0.016474739265564527,0.03806842676687882,0.04292676966132079,0.03384282080048043,0.030445505239367943
9.449829601826476,12706,0.0355754939549769,0.01627885469536382,0.03841287097097497,0.0457558597398561,0.0373969665647999,0.03596406168014457
9.451323841418724,12725,0.0413615843302144,0.016086446520894273,0.03868122468342476,0.0483829494231392,0.043008900908732085,0.04213768753595593
9.452894316810216,12745,0.0501862204002297,0.01587767546832196,0.03890020005008624,0.05095762426976204,0.05015910117126921,0.05035643568837701
9.454383987398135,12764,0.0630152723843853,0.015673813567698307,0.03904685599727928,0.053104743212082944,0.05646041180053642,0.06208929201856449
9.455949668006056,12784,0.0658720734810947,0.01545383231511885,0.0391359313670011,0.054935230237665784,0.061022975734751295,0.06498585762798167
9.457512901089752,12804,0.0577463716811,0.015228771906496245,0.03915774781127246,0.05622802342887702,0.06297626473552123,0.05747898415429489
9.458995712459117,12823,0.0578036000280706,0.015010681344830013,0.039116297888834806,0.056894575116267485,0.06295117314441101,0.05811506501759929
9.460554194813056,12843,0.0660798044233702,0.014777052443671335,0.03900774952380298,0.05697103674434438,0.06182594015975208,0.06482471482780147
9.462110252078716,12863,0.0579466441578905,0.014539724109664035,0.038833561067532024,0.05640681058480209,0.060093182593512526,0.06270584366134457
9.463663891791523,12883,0.0607086320276748,0.014299172232431776,0.03859507438818917,0.05523664564063814,0.057736766421594254,0.0569681442988856
9.46513761709219,12902,0.0505539294354667,0.014068097890030686,0.038310508851662255,0.053622268306050117,0.05473235915313193,0.055353635795330994
9.466686564118111,12922,0.0482679177156842,0.013822637676354554,0.03795187020416429,0.05147697510148769,0.05084099214524837,0.05225250446823765
9.468233115617213,12942,0.0460793844115254,0.013575369037535978,0.037534938509608366,0.04897378880841592,0.046727938193949436,0.04508518274500618
9.469777278987662,12962,0.0397169786953768,0.013326772405496304,0.03706235672191495,0.04621986970047204,0.04310672309534102,0.039744496769284224
9.471319061593414,12982,0.0440634183790053,0.013077327052146728,0.03653702754432013,0.043320669914047656,0.04042577485148656,0.04093909444437107
9.472858470764415,13002,0.0441870899977039,0.012827510183411958,0.035962082958013356,0.040373498441020984,0.03860968135461818,0.04422441509850194
9.474395513796807,13022,0.0380431159736033,0.012577796049718318,0.03534085327389751,0.037462903071835196,0.037120366632885315,0.0393539944347461
9.475930197953149,13042,0.0343454545741648,0.012328655074408983,0.034676836080781905,0.034657969592659,0.035292071266039164,0.031411207093207286
9.477462530462601,13062,0.0261851872537354,0.012080553001472255,0.03397366543828386,0.03201138912163294,0.03278847099503755,0.029880182467761373
9.478992518521158,13082,0.0310241247249683,0.011833950063892719,0.0332350816345064,0.029559972236329394,0.029860069741967556,0.030611502428350857
9.48052016929182,13102,0.0263373938551156,0.011589300173902608,0.032464901797876936,0.027326201904059634,0.027145891287275053,0.028399427522582163
9.482045489904824,13122,0.0279420918183131,0.011347050136294624,0.031666991619842065,0.025320407816413083,0.025198199727068767,0.02693158686447853
9.483568487457811,13142,0.0250370767086393,0.011107638885941608,0.030845238411538484,0.02354319321028419,0.02414575460669044,0.025914317977420942
9.485089169016064,13162,0.0224023349985919,0.010871496750550812,0.030003525683114617,0.02198782781479498,0.02364087893150419,0.022433160750662644
9.48668339975797,13183,0.0189758932542653,0.010627526421665728,0.029102464411179925,0.020580391993955303,0.022962043585986434,0.02041282953419364
9.4881993554792,13203,0.0225235119817023,0.01039939119984228,0.02823183494936838,0.019439000037843726,0.02153076595808488,0.021665054084905433
9.489713016556824,13223,0.0213235512053841,0.010175777185876943,0.02735283002508111,0.0184743592362985,0.019274927197012327,0.02117275986318668
9.491299898667137,13244,0.0171327576153805,0.009946273334385861,0.026424847074176392,0.017632182378450552,0.01670345971060301,0.017113487786349416
9.492808877375076,13264,0.0141373477658706,0.009733129253874062,0.025539951282431098,0.01697417802986443,0.014866327967147869,0.014458088408507975
9.494315582496638,13284,0.0141869614992369,0.009525653399849707,0.024657453324009617,0.016439317073693047,0.013984721537665341,0.014037407796885105
9.495895183411788,13305,0.0136492183101716,0.009314287419823378,0.023737002176987203,0.015992534098295142,0.014060266457500442,0.014609744314355336
9.497397249034046,13325,0.0156698298338142,0.009119512097331157,0.02286953047371125,0.015660597024524464,0.015022876876497265,0.015089811750986802
9.498971993463552,13346,0.0157116489678041,0.008922208167121104,0.02197161047559653,0.015394603435916813,0.016757986606054893,0.01597848244083671
9.500469448071016,13366,0.0174646396879382,0.008741486719532947,0.02113170145256041,0.015206084295350596,0.018420861899800866,0.018012748419400388
9.502039365785896,13387,0.0195218203864283,0.008559600396332606,0.020268769234336494,0.015062219842654972,0.019183536610078815,0.019948129375295987
9.50353223760156,13407,0.0184807640030467,0.008394159723266018,0.019467592285402565,0.014964144382469818,0.01855392517267237,0.019465708440105218
9.505097358099924,13428,0.0166102277882501,0.008228910204909476,0.018650631736242023,0.014889074728290859,0.016941220039008303,0.017252197282889535
9.50658567508845,13448,0.0150226904142743,0.008079844209828806,0.017897931218273523,0.01483244462334597,0.015321084645930225,0.015124452806268385
9.508146027598816,13469,0.0131862889762261,0.007932308074578981,0.017136419237190642,0.014776797312106994,0.0141072163489526,0.013929226482552525
9.5097039492018,13490,0.0150284538329686,0.007794213859220457,0.016406491422857022,0.014714166283964162,0.013484514212211472,0.013697818209791567
9.511185430954244,13510,0.0137279648073256,0.007671678484210787,0.0157424232208739,0.014639549138736937,0.013288886036234614,0.013295095588717368
9.512738628263644,13531,0.0137290270022144,0.007552643944599474,0.01507944910174064,0.014538970455649223,0.013298363921801375,0.012936156589593207
9.514289416891836,13552,0.0143437655623174,0.0074436520619861855,0.014453108102672729,0.014411941064498847,0.013361527572113951,0.013796719006504778
9.515837804297965,13573,0.015032398253861,0.007344865455536646,0.013864744058952976,0.014258070208133591,0.013404300250856052,0.01445666441588326
9.517383797906584,13594,0.0131959156662714,0.007256425887168498,0.01331552547619917,0.014080288399493511,0.013464406141407417,0.013361161847586433
9.51892740510786,13615,0.0127350930208384,0.007178454213198357,0.012806452228777082,0.013884366730638469,0.013631208863744604,0.013168069290910592
9.520468633257794,13636,0.0143487143832737,0.0071110503771609586,0.012338362486234225,0.013678071361273669,0.01395759951487887,0.01394333626916747
9.521934264474275,13656,0.0150332019591502,0.007056753788005756,0.011931292298063162,0.013479902966738014,0.014371861044677296,0.014069681024064268
9.523470868881551,13677,0.0143518701162385,0.007010191228992862,0.011545052705898106,0.0132782203561841,0.014751226869430872,0.015167858838147929
9.525005115757848,13698,0.0175230113193147,0.006974370071346345,0.011201395386440589,0.013090335750471267,0.014860483180838734,0.01672826351148624
9.526537012326163,13719,0.0132027428931786,0.006949308308309762,0.010900587751970876,0.012921752415353375,0.014593161584564725,0.0142982672653451
9.528139343331777,13741,0.0123452124952293,0.006934590401434199,0.010631565477058152,0.012769293021545388,0.014016087125916484,0.012628881663494204
9.529666449762423,13762,0.0143519368667753,0.006931530426809676,0.01041880106594204,0.012647512929372847,0.013408379107130282,0.01388135615252199
9.53119122769444,13783,0.0137412973558173,0.006939160036367925,0.010248939117752633,0.012547097026991525,0.01292128889025192,0.014410714203955202
9.532713684217894,13804,0.0132032467522633,0.006957416300013831,0.010121766801893181,0.012463891079750522,0.012603878203327252,0.01276916240515521
9.534233826390537,13825,0.0120178908689962,0.006986217030342479,0.010036966471585619,0.012391611946061363,0.012410635857155941,0.012054516379827004
9.53575166123797,13846,0.0120182537155663,0.007025461139848739,0.009994120359518223,0.012322181155378137,0.012260361308215301,0.011922120167907798
9.537339306804911,13868,0.0120217050290586,0.007077644641623359,0.009993671672344363,0.012242421901689315,0.012077141243098291,0.01217794019006619
9.538852438916221,13889,0.012343579250911,0.0071378799293866126,0.010035029242230726,0.012149933824039259,0.011864033884585913,0.012632336839001926
9.540363284917488,13910,0.0117724110880813,0.007208138126403121,0.010116492928221707,0.012033792348802043,0.011654671922857587,0.01186776213541252
9.541943631485893,13932,0.0115935778464544,0.0072923030722726635,0.010243997990364101,0.011882982583338733,0.01149414693031092,0.011418566159265044
9.543449817892206,13953,0.0117734013427563,0.007382525407957364,0.010405051399005692,0.011714534401906155,0.011416266882445793,0.011550891838816132
9.5450252980233,13975,0.012032765449112,0.007487168810681906,0.010613942329423759,0.011525959083930754,0.011401277422285073,0.011635962893874897
9.546526853487581,13996,0.0118120037210126,0.007596488519601101,0.01085061269452874,0.011357915385256302,0.011434846428568084,0.011469374636951545
9.54809749706027,14018,0.0115524337593548,0.007720632419773685,0.011136381706779311,0.0112303935677118,0.011503838137396956,0.011551850332265063
9.549594449971952,14039,0.0121101838790575,0.007848051728429669,0.011444045868650254,0.011196358059437982,0.011568974627834874,0.011745359251494284
9.551160286590816,14061,0.0116590431493787,0.007990586239002603,0.011801524048292494,0.01129910832338913,0.0115879170110409,0.011671756843231594
9.552652665079078,14082,0.0117906663255792,0.008134986689960978,0.01217494626316053,0.01156848948241675,0.011560017969498446,0.011694522755039665
9.554213724077709,14104,0.0117912274492284,0.008294681156961893,0.01259834192326832,0.012058831224036056,0.011622658811674652,0.011687610015512176
9.555772349968867,14126,0.0122023618717563,0.008462643480847465,0.013053032482627054,0.012770472563704127,0.012084205328103982,0.012297145880724478
9.557257866458935,14147,0.0144193043806277,0.008630349337247956,0.01351464758713268,0.013640093383716568,0.013195799796136057,0.014692352193731408
9.558811758564227,14169,0.0151568372720033,0.008813408368315578,0.014025405610459684,0.014707534347945524,0.01513148703115071,0.01583459264850908
9.560363239834537,14191,0.0159971793296207,0.009003623781855945,0.014562105176534097,0.01586827992257772,0.01750570122882755,0.01617149285671799
9.561912317739012,14213,0.0187379697122687,0.009200596898616827,0.015122803287754668,0.017039967244783752,0.019682403061508404,0.01864797645859983
9.563388747859216,14234,0.021006011152061,0.009394545337958648,0.01567856277761675,0.018090113053287706,0.02109721945668297,0.021921577136549644
9.56493314971059,14256,0.0235904821116712,0.009603538625548183,0.0162803334332006,0.019045690547017016,0.021792506039701197,0.022205441818179954
9.566475170062404,14278,0.0202706378847422,0.009818057192414766,0.01690003022355261,0.01979902115422644,0.021967547670883526,0.020747618211231104
9.568014816248,14300,0.022765470352262,0.010037668398478623,0.01753550175875055,0.02032335974463656,0.021996986690977834,0.022063048452674587
9.569552095566884,14322,0.025542296522197,0.010261933251111861,0.018184557321668068,0.02062353614762806,0.02205381075346402,0.025253948723889644
9.571087015284968,14344,0.0256854787974123,0.010490407309587769,0.018844973167269213,0.020733740719004107,0.022005266538766628,0.023924329986273106
9.572619582634749,14366,0.0177940205583676,0.010722641587519979,0.019514499268236847,0.02071122978272224,0.02153207049431264,0.0195425582598725
9.574149804815514,14388,0.0188413985883799,0.010958183451603988,0.020190866487768497,0.020627899753098873,0.020431868529924777,0.018223477211828126
9.575677688993569,14410,0.019990564396958,0.011196577514984754,0.020871794151438715,0.020562012098057948,0.018897980449825453,0.018460162361599478
9.577203242302403,14432,0.0172510241544839,0.011437366523619125,0.02155499798152842,0.02059201818395007,0.017477727598826286,0.017770033114457347
9.578795654450447,14455,0.0192175886341941,0.011691163810409745,0.022269216040688114,0.02080794381529317,0.016736491785466205,0.018793941882456037
9.580316462154043,14477,0.0193287650956063,0.011935424172345744,0.022949989774809658,0.02126642740496404,0.0171700794971731,0.01999759499361375
9.581834960513191,14499,0.0175696873769717,0.012180684469910198,0.023626147653538633,0.02204359245192047,0.01910744572691183,0.018203313666036173
9.583351156530735,14521,0.0206317513516816,0.01242648874125252,0.024295477479009137,0.023210245740331946,0.02285874442292851,0.019591865460864926
9.58493381641726,14544,0.0271003441131538,0.012683555341372318,0.024985573697585743,0.0249205498764976,0.02843701827549442,0.027610985171885653
9.586445324777861,14566,0.0335237438580294,0.01292906326983495,0.025634225060443553,0.027087373384453738,0.03412725523466812,0.03369785240838903
9.58795455192857,14588,0.0431145260747865,0.013173745005217815,0.026269595758394517,0.02981289324149246,0.038565203694044065,0.0396345244623129
9.589529948672084,14611,0.0453714457324107,0.013428186499820945,0.02691748225092518,0.03326354238783108,0.04094506610314812,0.047355032350924794
9.591034531092424,14633,0.0434173904293299,0.013669810376336838,0.027519555280431336,0.037090839824183604,0.04151245560585794,0.04282799855568729
9.592605086913911,14656,0.0435533826222848,0.013920110001109024,0.028128530364825398,0.04152245468058588,0.04172418654460538,0.037813845686221634
9.594105053105007,14678,0.043665659838038,0.014156882482392696,0.02868964830224076,0.04599031089087556,0.04285476934328474,0.04276438150603125
9.595670797663969,14701,0.041725742296223,0.014401196965536434,0.0292521164842851,0.05063990031685402,0.04570515590682164,0.04439815762162937
9.597166175865407,14723,0.0483150407644774,0.014631388326587353,0.029765437583291757,0.05477644369736871,0.049860714331998984,0.04635415730935823
9.598727138549597,14746,0.0580259869776923,0.014867947312150962,0.030274719580430036,0.05845077958672035,0.05474302349422319,0.05885361592572013
9.600285668426311,14769,0.0633567296613915,0.015099885637043814,0.030754566284991937,0.06114919053193379,0.05884439794677627,0.06315790723947046
9.601774166671369,14791,0.0661867868700081,0.015317021073039953,0.031184776978390116,0.06258230818998577,0.06110747712738589,0.059794327035045974
9.603327958573235,14814,0.0558259996258672,0.015538692815176076,0.03160332008089061,0.06272796778691815,0.06155296522037013,0.06266481572476396
9.604879339950791,14837,0.0663994720192783,0.01575451667771819,0.03198893046825012,0.06145254883503603,0.06051831734605301,0.059817584763350876
9.606428318271748,14860,0.0511004304198304,0.01596410519955304,0.03234073251924108,0.05884246931224872,0.05862378649909869,0.055005208408307506
9.607907707957207,14882,0.0535486479161863,0.016158402948319762,0.03264494083062287,0.05528208835575983,0.05626525791209484,0.05680487037686548
9.609452006112173,14905,0.0535861109193324,0.01635472889252143,0.03292866986853301,0.05072577211643541,0.05308439793906078,0.05270537937414291
9.610993923087124,14928,0.0512212447739293,0.016543763644469803,0.03317693136631551,0.04565064182737426,0.04887337270065595,0.04824020727225038
9.612533466213929,14951,0.0466296615604264,0.016725182111272534,0.03338947637970874,0.04040428182345718,0.04356771678585519,0.04922415523063185
9.614070642790631,14974,0.0422921251804135,0.016898676157251723,0.033566209999540006,0.03530413446925665,0.03755578142440309,0.039241823303635515
9.61560546008168,14997,0.0259835343290096,0.017063955009200375,0.03370718746508988,0.03060699706772266,0.031549167628415024,0.02787847780370621
9.617137925318124,15020,0.0291790866934079,0.017220745622803138,0.03381260927952141,0.02649148030800898,0.02624103168226152,0.02578269684672027
9.618668045697824,15043,0.0231303152585338,0.017368793010173557,0.033882815387666534,0.023054665649291553,0.022036130196544757,0.022437197472308573
9.620195828385642,15066,0.0181310199403877,0.01750786052852473,0.033918278486132485,0.02032145372060958,0.01901033931313435,0.018182276078118544
9.621721280513649,15089,0.0181609042987922,0.017637730130069813,0.03391959654421161,0.018262931323983003,0.01703852793157276,0.017875508632300394
9.623310579570122,15113,0.0170961832618558,0.017763224481783853,0.03388534245753835,0.0167689547554217,0.01591568384458601,0.01669994611603606
9.624831291291661,15136,0.0151336569556249,0.017873699300718734,0.03381922647303465,0.01589173855584415,0.015592991237202099,0.01598309936445446
9.626349693960016,15159,0.0194814109342817,0.017974428979786617,0.033721468406697944,0.015494225242779578,0.01591550754625883,0.01733224693156181
9.627865794576712,15182,0.0143089045430614,0.01806527241910872,0.033593083523546466,0.015531368312852059,0.016790012031246672,0.015820312309849968
9.629445365788381,15206,0.016265010719234,0.018149393691658473,0.03342764769589279,0.01600464810235198,0.018106525898570612,0.015684039703124025
9.630956783851689,15229,0.0196790877101078,0.01821967684679034,0.033240153700331114,0.016860063098552907,0.01946148913223429,0.020569447699724856
9.632465920977454,15252,0.0209866156906033,0.01827976296863607,0.03302556454148736,0.018097208378146858,0.020580343323598243,0.021718706285395573
9.634038248345409,15276,0.0223655119034285,0.018331521716577176,0.03277413216075094,0.019773222154858626,0.021291043366276095,0.02041541975805101
9.63554274576738,15299,0.0237866390516169,0.01837059463526536,0.03250816528465905,0.02170834582211567,0.021615740653267275,0.024306508511588776
9.637110246578176,15323,0.0252756630778125,0.018400352817700954,0.03220600150366426,0.024001699949372797,0.02194337104412715,0.024549147221260482
9.638610132737613,15346,0.0224159941261866,0.018418311299811817,0.03189422322065392,0.026371007821648806,0.02269120483766059,0.019912633033153826
9.640172836532642,15370,0.0210888478098014,0.01842604719592795,0.03154721122699125,0.02890357067007457,0.024331132104638775,0.02101915686804059
9.641733102094262,15394,0.0301259033200311,0.01842258275682472,0.031179581194466344,0.03136341874539504,0.027081830523169106,0.027696488454611687
9.643226075660337,15417,0.0318903276058049,0.018408807039598827,0.030809337870509587,0.03352625826290416,0.03073381979520697,0.033833810476389475
9.644781588320864,15441,0.0375356260139317,0.018383599194844554,0.030405742656355796,0.03546083636360217,0.03526956325018184,0.037426114156777164
9.646334685119168,15465,0.0375824617097862,0.018347426676226557,0.02998598318375395,0.03696854942015894,0.03991353020567025,0.038536391545760246
9.64782080951636,15488,0.0416946821138924,0.018302583843522027,0.029569877811411592,0.03795112857426724,0.043704286522060175,0.042832199167829065
9.649369196922487,15512,0.0506847868333116,0.018245306639751654,0.029122589636712142,0.03846503150308216,0.04615486553224091,0.048651270371570604
9.650915190531107,15536,0.048401940958429,0.01817747888818475,0.028663255631617115,0.03846304309028237,0.046408672089850445,0.045241475889821164
9.652458797732383,15560,0.0417998957567802,0.018099278790804675,0.028193161692725194,0.03798414515157742,0.044221769541418085,0.04070641190087058
9.654000025882317,15584,0.0397358470782074,0.01801090297952508,0.02771353214163977,0.037093356937094944,0.04000221150994039,0.041521959482799686
9.655538882302947,15608,0.0377244593644888,0.01791256594162243,0.02722552640540405,0.0358733046447171,0.03480238682487298,0.036529362807720664
9.657075374282563,15632,0.0269128564014423,0.017804499418704378,0.026730236667601236,0.03441544582393062,0.029952978574740104,0.02833803315814333
9.658609509075912,15656,0.0269134688567232,0.01768695178082622,0.026228686473250416,0.032811989180666405,0.02653405025957299,0.027706018124321555
9.6601412939044,15680,0.0285581450300479,0.017560187377384143,0.0257218302621698,0.031149247580455307,0.02505897819038662,0.02923964065256327
9.661670735956296,15704,0.0269145775358678,0.017424485866425525,0.025210553797861638,0.029502823659945967,0.02546704372534226,0.025164403250580565
9.663197842386948,15728,0.0223654044300509,0.017280141524025145,0.02469567545210411,0.027934711310898933,0.027164354369257755,0.022149115082856705
9.66472262031896,15752,0.0253355379779336,0.017127462535392376,0.024177948299384272,0.026492141517244473,0.02903211308275215,0.02589314556198594
9.666245076842417,15776,0.0338677015194009,0.016966770269356585,0.023658062969958385,0.025207827546667665,0.029747023589582186,0.03265694678997118
9.667828508151501,15801,0.0357660166513605,0.016791221457015948,0.023114901295971116,0.024059073891317975,0.028445983487974915,0.03357258746273339
9.669346247012376,15825,0.0269183193568313,0.01661521784161214,0.022592512360045964,0.02314566861529191,0.025619215901169154,0.027555152650979253
9.670861685832426,15849,0.0209907223086489,0.016432251764210613,0.022069722143322323,0.02241562433967266,0.02247146095113922,0.02156049772553552
9.67243782965082,15874,0.0160745205185853,0.01623465420158006,0.02152524020357556,0.021839094226935384,0.02010748429011172,0.018321352789953185
9.673948594133057,15898,0.0196716215016743,0.01603862263477482,0.021003082002567838,0.02144473937258951,0.01928705911363178,0.017151895961842616
9.675457079648524,15922,0.0184131910267044,0.015836772959339492,0.020481871609761036,0.02118346275971226,0.019812691034167516,0.01858197485253889
9.67702600274797,15947,0.0253342979084158,0.015620749772787424,0.019940364336546147,0.02102329336853952,0.02119027938545772,0.023538225576019103
9.678529856656308,15971,0.0238244371469718,0.01540824888039528,0.019422256764974003,0.020944384798699502,0.0224088785276415,0.026819671835497223
9.680093969966707,15996,0.0269076340223783,0.01518200576724344,0.01888475687216657,0.020901984285701954,0.022747366603676537,0.024247124826684962
9.68159322062235,16020,0.0196819831978321,0.014960545827489293,0.018371222662305123,0.020861106598126216,0.02205864127596557,0.02024387364909146
9.683152553543955,16045,0.0184300157107179,0.014725868799213192,0.017839240017269227,0.020777419307613478,0.02090674844768207,0.017990554729630483
9.684709458731556,16070,0.0196914203231939,0.014487588947403863,0.017310665069128667,0.020612249016156728,0.020158763055616105,0.01864993682758228
9.68620181070608,16094,0.0223994057950044,0.014255894240329872,0.016806831364796652,0.020344792252139195,0.020274503866953193,0.022251735684743774
9.687753979396929,16119,0.0253511372645831,0.014011941014554304,0.01628618700926229,0.019927578395832077,0.02112850587757731,0.024144176243630376
9.68930374259339,16144,0.0224438504866257,0.013765805145551794,0.01577028707376812,0.01935471018119378,0.021981412387456503,0.02159666795652031
9.690851107739812,16169,0.0198051518650846,0.013517968606363473,0.015259655688840648,0.01862549339818346,0.021796021335210237,0.020909420597700495
9.692334329073471,16193,0.0198394117956153,0.013278892522075455,0.014774936854905186,0.01779110076289013,0.02008912663091227,0.021340883318604963
9.693877015504505,16218,0.018635303190324,0.013029118190784053,0.014276341775310274,0.016808343069558845,0.017107477511391384,0.01741115072573106
9.695417325719395,16243,0.011758247671414,0.012779063653009456,0.013784870739012148,0.015747315303445638,0.013991919013080233,0.012693792309841403
9.696955267027116,16268,0.0104035417135033,0.012529203742043908,0.013301270707402448,0.014653070930468363,0.011692068648453012,0.010782170238788951
9.698490846702954,16293,0.0111480672905986,0.012280009283153561,0.012826356103974276,0.0135726970238454,0.010489987390768174,0.010814962571236625
9.700024071988745,16318,0.0105507344192134,0.012031946241454577,0.012361011580206072,0.012550192724137038,0.010193390984292477,0.012038385140066754
9.701554950093058,16343,0.0127736285269627,0.011785474890788293,0.011906193783194387,0.011621987665652337,0.010495089667382121,0.01188065599871232
9.703083488191409,16368,0.0106530027582473,0.011541049004837593,0.011462932066715335,0.010813778848583045,0.011069170563742374,0.010090147774479098
9.704670693212975,16394,0.0101145549251747,0.011289495777123243,0.011015383564693337,0.010114961020035259,0.011582421975345508,0.010358943142534657
9.706194479812028,16419,0.0121126353820844,0.011050618451836958,0.010599188334491888,0.00958091615879216,0.011732690001065353,0.012020520061820347
9.707715948017768,16444,0.0129284378300383,0.01081511817409345,0.01019811472701462,0.009173686712073487,0.01149187871131093,0.01152324881147896
9.709235104874208,16469,0.010865723511021,0.010583414718874497,0.009813469779221106,0.008878185451839264,0.010960151087001914,0.01100155934518422
9.71081258366268,16495,0.0129906121886466,0.010346910951052632,0.00943233525240356,0.008669426543999933,0.010241871114792167,0.011568925567331481
9.71232704707497,16520,0.0103593290350963,0.010124211357527342,0.009085495888094337,0.00854370026576885,0.009510867443763569,0.010304446841171407
9.713839220355712,16545,0.0087279640822326,0.009906519383961775,0.008759391134593031,0.008473625929541324,0.008858137377683454,0.0086174349656053
9.715409458629791,16571,0.008320992819735,0.009685834452155557,0.008443850123987476,0.008443462119870657,0.008384117577732202,0.008123665885126705
9.716916981452759,16596,0.0081563674436137,0.009479506261780197,0.008164722410440044,0.00844233448647063,0.008169433691630902,0.0081208790123324
9.718482398112974,16622,0.0082684763898033,0.009271407906943306,0.007901355373212196,0.008458226337398816,0.008135075077915924,0.008459976000803013
9.719985298994013,16647,0.0104597988242008,0.00907789252827022,0.007675602167872261,0.008479720571361971,0.00821923102440828,0.009009624414428291
9.72154592356046,16673,0.0082703085918793,0.008883827270490276,0.007471069622276616,0.008498582894270572,0.008434019691144774,0.00853581066366786
9.723044230753944,16698,0.0084975740205348,0.008704455443659597,0.007305046343858021,0.008504956825027206,0.008721263652661331,0.008353970170766892
9.724600092476456,16724,0.0087305181544429,0.008525742743041527,0.00716584451823552,0.008492617863854914,0.008893990337739265,0.008800192132692146
9.726153537253213,16750,0.0089945745180968,0.00835532165974764,0.007062322697811671,0.008457746586786326,0.008762791293896913,0.009246274172808893
9.727644961839882,16775,0.0090245960504079,0.008199544502113578,0.006997826397023274,0.008404696659378603,0.008487010135936574,0.008775219645709525
9.729193687429401,16801,0.0084876906380397,0.00804621177191427,0.006968549129669949,0.008336729397415617,0.008345006728384152,0.008436328984054582
9.730740018176446,16827,0.0086058979279049,0.00790197382134163,0.006979072330027711,0.008268831525578696,0.008394197143141739,0.008583574926289361
9.73228396147602,16853,0.0086675714404237,0.00776706385872689,0.007030532971774608,0.008218178130757894,0.008432578063674968,0.008602307317095007
9.733825524688928,16879,0.0085964154269493,0.0076416954833096,0.007123908026845689,0.008203119241135435,0.008431357474649232,0.00857014250336977
9.735364715141987,16905,0.0088973925031606,0.007526062486763897,0.007259996045547246,0.00823984807678443,0.008565402269179909,0.00895424798905517
9.736901540128232,16931,0.0091259392671112,0.007420338695619064,0.007439399523773503,0.008339249948002852,0.008787568793802663,0.009075690116664875
9.738436006907127,16957,0.0087092589092226,0.0073246778541932135,0.007662508294795093,0.008504679763335413,0.008802210303184971,0.008680287633007188
9.73996812270477,16983,0.0087091068378838,0.007239213547587765,0.00792948417961662,0.00873121539520507,0.008608068069662151,0.008711816017285214
9.741497894714092,17009,0.0088843536533218,0.0071640591642167335,0.008240247123210974,0.009006586120160878,0.008682880211015421,0.00874760639840055
9.743025330095069,17035,0.0088078010727644,0.007099307897285505,0.008594463033970729,0.009313577331338495,0.009401288248075415,0.00890114176164845
9.744550435974908,17061,0.0096893905711737,0.007045032784562164,0.008991533530550115,0.009633375154701567,0.010533572122991632,0.010129396943823043
9.746073219448272,17087,0.0149661648783681,0.007001286785727503,0.009430587783988125,0.009949128800930452,0.01152494609892257,0.012325699159722913
9.747652120978,17114,0.012786293393418,0.00696703776596648,0.0099297308751316,0.01026014823429165,0.012094150854472317,0.013168323711236022
9.749170192151773,17140,0.0128909488321321,0.006944835906569311,0.010450506411261488,0.010538679044063503,0.012320297559856721,0.012719302694915472
9.750685962278164,17166,0.012331408790716,0.006933202255071445,0.0110089002183457,0.0108001523331457,0.012475984432947368,0.012127826525072348
9.752257603219848,17193,0.0118241501771943,0.006932278173923945,0.011626434206532204,0.011065806380580894,0.01267231567652331,0.012354962476992115
9.753768704286186,17219,0.0139310477049944,0.006942084516282409,0.012255003892731459,0.011334834336907467,0.012807657053581929,0.013146122670836051
9.755277525370943,17245,0.012633643909162,0.0069623192640974945,0.01291424930916441,0.011641295344736815,0.01274699374893938,0.013256099176701813
9.756841972194641,17272,0.0141279502511017,0.006994279949456879,0.013628292318936017,0.01203055728037376,0.012472628294030601,0.012559037635319185
9.758346166866458,17298,0.0115723473947139,0.0070354934267182175,0.014341070420897255,0.012508814300069906,0.012212920810543083,0.011569673120577093
9.759905824058103,17325,0.0111201485010582,0.0070889991343197215,0.015103823892732841,0.013154472470820529,0.0122616154778325,0.011459239331447366
9.761463052506713,17352,0.0151836219140725,0.007153260885862111,0.015885666336905788,0.013998493434317498,0.012900659361248097,0.014288389654195384
9.762960317399154,17378,0.0170717542643186,0.007225145716843286,0.016652706239955916,0.015044725943792222,0.01418800492000092,0.01793459081866471
9.76451280024554,17405,0.0181554197395545,0.007309995860468481,0.017459723144341868,0.01641966293485799,0.016038358287905993,0.016318588612863224
9.766062876624456,17432,0.0131133169747345,0.007405029900770171,0.018272948607366696,0.018127443576391376,0.017851927617936095,0.014118570163608648
9.767610553984774,17459,0.0155087272878178,0.007510018347757161,0.01908773075510755,0.020191290148030627,0.01907862753580774,0.016057143031143938
9.769098649497478,17485,0.0206266136804554,0.007620296290560057,0.01986937325188042,0.02251342209755607,0.01975977856207487,0.020669584157160588
9.770641639202701,17512,0.0272792924906923,0.007744091516626982,0.02067333744135195,0.025238189000272304,0.020719500157480492,0.02580505567648528
9.772182251758137,17539,0.0274649457071606,0.007877061979222642,0.021464635452858108,0.028208727481728823,0.02307689066152594,0.02800883835749385
9.773720494477063,17566,0.0261979158395815,0.008018913470907996,0.02223844052982031,0.03131051965911555,0.027900790219977586,0.026445919509924164
9.775256374639044,17593,0.030827400651141,0.00816933720321636,0.0229899760230356,0.03439317739302461,0.03556057205024281,0.02940281543998477
9.77678989949017,17620,0.0377862023019888,0.008328010550012168,0.023714554164855198,0.037281238052505127,0.044805895344424765,0.04090834156311567
9.778321076243234,17647,0.0543757085705049,0.008494597807096667,0.02440761452704243,0.03979027970459297,0.052596825651262745,0.052825882602654715
9.77984991207795,17674,0.0592387579830639,0.008668750966332212,0.025064761746900394,0.04174640603711073,0.055792991199972254,0.06080876593650296
9.781376414141155,17701,0.0618457736815055,0.008850110502550074,0.02568180211236743,0.04300632913687715,0.05354973335661238,0.061176405284707476
9.782956995898381,17729,0.0503501795181798,0.009045402737567522,0.026275104751909202,0.04347644484207526,0.047657591906580185,0.0475662416616974
9.784478765953926,17756,0.0364969160933699,0.00924028607173278,0.0267984946475875,0.04308861223433194,0.04173255468017008,0.03730489773211797
9.785998223743661,17783,0.0384391187096391,0.00944122154921909,0.0272706276863265,0.041907533659127694,0.037650073391476746,0.036508120157621046
9.787515376283709,17810,0.0349101738526531,0.009647811350879306,0.02768845894055602,0.04002741472992382,0.035726290673218156,0.03459137836868857
9.789086292226154,17838,0.0332626222253775,0.009867591576750942,0.028061537150079106,0.03749378055128087,0.03491508648218401,0.03375607458265521
9.79059877045751,17865,0.036885011271066,0.010084438888979613,0.028360836721976222,0.034670291886131265,0.033622006806935445,0.037897687740995466
9.79216485389186,17893,0.0317259283316981,0.010313963872505614,0.028606469478098376,0.03155275233658882,0.030531180323212642,0.03342784740639203
9.79367268652892,17920,0.0255746279022333,0.010539335966334825,0.02877936102273916,0.02855060599291451,0.026089842721258527,0.024120100270833885
9.795233967095871,17948,0.0228554531402936,0.01077678735485196,0.028891178706836246,0.025610260014914996,0.02141998133348634,0.020570517351160306
9.796737182589249,17975,0.0169185671112803,0.01100891367022121,0.028933301288618235,0.023065306187265752,0.018224700932878816,0.018167709902406612
9.798293689657623,18003,0.0169747770523132,0.01125244123645765,0.0289086602987568,0.020813492095753706,0.016863896133870904,0.016769087911059573
9.799847777776368,18031,0.0170330302318358,0.011498345273559788,0.028814750403649152,0.0190021933604424,0.01735318958429897,0.018927104557566517
9.801344078867425,18058,0.0170835800840559,0.011737263757330453,0.028659327164295152,0.017685063450901296,0.018998370227304034,0.01829708375625685
9.802893437300426,18086,0.0194346801532618,0.011986423684368088,0.02843210468095734,0.01675533604216861,0.020877136288385403,0.018240301468353426
9.804440398934894,18114,0.0220077348502152,0.012236523314430352,0.02813934631870277,0.01624882585897399,0.021777780731555233,0.025004305280654997
9.80598497117489,18142,0.0277675461400583,0.012487080576787338,0.027783225243487968,0.016140619222051136,0.021223127380767388,0.024940230906528686
9.80747212410244,18169,0.0184846050009271,0.012728674279977335,0.02738224251508678,0.016389688873437717,0.019811105825577283,0.01764558758227592
9.809012024313242,18197,0.0163562662599979,0.012978738719233563,0.026909597450430485,0.016987676834645082,0.018423239698459985,0.01695014952015416
9.810549556876861,18225,0.0174961311567287,0.013227851857472252,0.02638242330634355,0.017896660864162948,0.017883745724141767,0.018308044731366244
9.812084729062786,18253,0.0165180078949161,0.013475548009793024,0.02580440657621484,0.019066530953527887,0.018466224286970197,0.01714555318136492
9.813617548107084,18281,0.0213324556612356,0.013721367729554481,0.025179532152573042,0.020426039180493613,0.019989048945316803,0.020560432767179015
9.815148021212606,18309,0.027037488502645,0.013964858611974116,0.02451204468226248,0.021880124277549637,0.02193382087774487,0.02527664444035461
9.816730688609846,18338,0.0242721244967966,0.014214116332088814,0.023780559070036126,0.02336167912971889,0.023723305196141048,0.024721074273768587
9.818256408173468,18366,0.0258600074643122,0.014451501791377002,0.023040306023036743,0.024635468831388424,0.02480770863069967,0.024399197079761282
9.819779803462641,18394,0.0218374899753364,0.014685236054577954,0.022271494664371522,0.02562518738812845,0.02520681460580467,0.022927407248486548
9.82130088154818,18422,0.0206786407676211,0.014914902785648733,0.021478996217817396,0.026218701443192625,0.02507526181394401,0.02185088258028546
9.82287384854188,18451,0.0278259432599006,0.015148051256989939,0.020638470611249973,0.026330221125351095,0.024496291969852074,0.02658726769589672
9.824390231177425,18479,0.0279707705674609,0.015368196358652388,0.01981295680017831,0.025914529054398956,0.023489335123797063,0.027441341655429448
9.825904317877747,18507,0.0223443487030446,0.01558307820438744,0.018978661614354537,0.024997771559195067,0.022028019947591185,0.021617609767803875
9.82747006611221,18536,0.0199031544244652,0.01579969192677165,0.018110442691234782,0.02358522367709924,0.02022967769628921,0.01972081714074307
9.828979500361065,18564,0.0200354185515202,0.016002731947338256,0.017273010333630975,0.02187728132228069,0.018625789687641132,0.019109362043298685
9.830540444780063,18593,0.0155924438363345,0.016206331830756173,0.016411446040674092,0.019886627087674663,0.017554665343205902,0.016467782385601343
9.832045255081761,18621,0.0167410871322689,0.016396112593542747,0.015589648026091817,0.017886969312455328,0.017311582981226654,0.016674711022894077
9.83360142507196,18650,0.0179227617640695,0.016585292236563583,0.014753373415630747,0.01586863367483714,0.017740483488062977,0.018259867720508163
9.835155177159303,18679,0.0203622858855127,0.01676663664506674,0.013936492959503272,0.014014700152839267,0.018289773651468427,0.019018359476956806
9.836653064348903,18707,0.021674046122212,0.016933999439516623,0.013169940467081578,0.012454367930612734,0.01813734520402496,0.019821540949213203
9.838202085837498,18736,0.0147445074536716,0.017099048334510304,0.01240253252968698,0.011117968821952469,0.01667878245934326,0.016501896145642073
9.839748711569122,18765,0.0128614577190334,0.017255386954846748,0.01166539796948441,0.010077907263227501,0.014061818665433674,0.012176592372220163
9.841292948943009,18794,0.0111827773651272,0.017402757112187257,0.010961495648423275,0.009323591676788597,0.011165585635067862,0.011798667149599627
9.842781677418733,18822,0.0097092196236073,0.017536311238683395,0.010315820289372734,0.008844698681309913,0.008952166012369157,0.010567231324108204
9.844321241866911,18851,0.0069619798322133,0.017665375164604258,0.00968438656168591,0.008580764880111435,0.007608482947266188,0.007282567260528747
9.84585843969949,18880,0.0066026975682906,0.01778481833376622,0.009092697477844507,0.008527767200584138,0.007095423297244913,0.006480573395312966
9.847393278181219,18909,0.0079690328916493,0.01789445971316983,0.008542176212323551,0.00866302548900857,0.007145861953464432,0.007317914437927656
9.848925764543445,18938,0.0080231185538073,0.017994138154316507,0.00803386119121922,0.008964271901379712,0.007529923227836298,0.008155221590391224
9.850455905984322,18967,0.0086252162210006,0.01808371248586993,0.007568414858213714,0.009405021644049182,0.008049187359907364,0.008892259818310032
9.852036350945047,18997,0.0092983565114219,0.01816561408426369,0.007132344912034171,0.009969983270186377,0.00860696796714325,0.008816121477066835
9.853561743766402,19026,0.0088226241116575,0.0182342791775829,0.006754665773527825,0.010572921450480999,0.009215472431794753,0.008277166144912999
9.85508481330796,19055,0.0089438813817866,0.018292534411529972,0.00641970641052017,0.011172985893919931,0.010068071004283469,0.009611927753532023
9.856605566635999,19084,0.0116175036357096,0.018340319359407838,0.0061267682406914645,0.01170607355311304,0.01132460526188354,0.012288181908895144
9.858176329826124,19114,0.0133160960645572,0.01837869098696939,0.005866899123802253,0.012120934241947403,0.01300876008530471,0.013138040592420623
9.859692392536456,19143,0.0152155039726683,0.018405070086818635,0.005656139991449518,0.01233770428432869,0.014618069872890656,0.014340201695399164
9.861206160279522,19172,0.0162522132829707,0.01842091650164265,0.00548364357573089,0.012342277185397967,0.015578798293144899,0.017002459051324817
9.862769719257567,19202,0.017359553868115,0.01842624570932671,0.005343664037147399,0.012118780138934348,0.015408644218601069,0.01619116828705137
9.864278839310847,19231,0.0145623086851566,0.01842074168772973,0.0052436111908480436,0.011705488436126186,0.014215609600664272,0.013120928787518003
9.86583760508422,19261,0.012266645598643,0.018404086538228573,0.0051744130813237135,0.011124475863500877,0.01252185984713808,0.011733460401951033
9.867342105899777,19290,0.0104942478140435,0.01837746895007405,0.005138484065625802,0.010480120792253774,0.011038276225296566,0.011111605995908703
9.868896107766508,19320,0.0101272252458498,0.01833915510311011,0.005130948825749907,0.009803904536030559,0.00994782689601249,0.010636235251694465
9.870447698457928,19350,0.010756790394811,0.01829000376278763,0.0051510429504195545,0.009190808090225506,0.009264627137431102,0.010158265247339107
9.871996885444755,19380,0.0084189054297756,0.018230159688998968,0.005196195827553117,0.008700080673580366,0.008821706052961096,0.00875034818998676
9.873492155000728,19409,0.0084431206631523,0.018162300580576933,0.005261240329596892,0.008377873126117378,0.008526782979778524,0.00830894280829149
9.875036636362113,19439,0.0085980018923734,0.01808192426424737,0.005348176349861436,0.008216246696675734,0.008399596222360407,0.008513715915411068
9.87657873597891,19469,0.0087718362381933,0.01799139700814831,0.005452612978609218,0.0082224131675721,0.00856041617937587,0.008613774950945412
9.878118461185586,19499,0.0090570970854197,0.017890937484762923,0.005572113090889458,0.008372969710551053,0.009008960493229665,0.009207397224453242
9.87965581928278,19529,0.0102552232895153,0.0177807815541793,0.005704333995984986,0.008634644073947038,0.009556031061852387,0.009976221348105229
9.881190817537519,19559,0.0103639637518587,0.01766118163047358,0.005847047142362769,0.008971217599971777,0.0099563885203077,0.010182588983118988
9.8827234631834,19589,0.0104910271447923,0.017532406025090205,0.005998155211107458,0.009349220390573239,0.010101537486683715,0.010281692914838297
9.884253763420828,19619,0.0102581986161229,0.017394738268865357,0.006155706537321224,0.009741609709452089,0.010060649079300306,0.00974558240871979
9.885781725417196,19649,0.0098291305778759,0.017248476414365065,0.00631790683581419,0.010129238807253365,0.009971605701565616,0.009915049441914701
9.88730735630709,19679,0.0106834423414516,0.01709393232020033,0.0064831282425069844,0.010500418876736053,0.009932635851309869,0.010604329056467443
9.888881400146765,19710,0.0098945148454045,0.016925881066407505,0.006655486845013961,0.010860379159974266,0.009981490956338221,0.009948387200938125
9.890402312987472,19740,0.010128055201004,0.016755511562050424,0.006822551653095463,0.01118323038410757,0.010118808058549438,0.00997064939407294
9.891920916164665,19770,0.0111250360833107,0.016577882655860444,0.006988770176069003,0.01147933570541999,0.010357751626383586,0.011176696205747098
9.893487720457795,19801,0.0113771837796112,0.016387088841775834,0.007158667279976744,0.011754368491542794,0.010768962667385895,0.01117891749011643
9.895001648885827,19831,0.0110060136134206,0.016195819864760447,0.007320520339426581,0.011985513323401024,0.011436242793515837,0.010693084304251152
9.896513288798792,19861,0.0115195157913766,0.015998413364316122,0.00747927459434367,0.012174591496198026,0.012466647827025149,0.012105098043566489
9.898072919834629,19892,0.015189969482185,0.015788390871874412,0.007639632754525588,0.012315599254633635,0.013816854230032085,0.015302389528904763
9.89957992770511,19922,0.0168870358080521,0.015579708811661914,0.0077909885298455975,0.012389042328318091,0.014972847492333958,0.016025543063351806
9.901134786952529,19953,0.0150037132438752,0.015358887174540353,0.007943315061789292,0.012390842471088213,0.015396274952589863,0.01490032405067963
9.90268723236536,19984,0.0135029858117163,0.01513324290158718,0.008091526974638741,0.012313212967815842,0.014749852613019563,0.013776967375168632
9.9041873076504,20014,0.0147173763440085,0.014910715589817578,0.008231189771878405,0.012166104996561716,0.01345826028964138,0.013877626510530509
9.905735025076607,20045,0.0128147358903067,0.014676919042421039,0.00837188342006527,0.011953545640476097,0.012162523247412306,0.013183900312645852
9.907280350774824,20076,0.0116525779529941,0.014439667891100627,0.008509267124337676,0.011704344376837717,0.011399275822164755,0.011314390105671418
9.908823292125648,20107,0.011329632339177,0.014199430331459345,0.008643804113924243,0.011452937902722884,0.011152799360300917,0.011206691345173084
9.91036385647556,20138,0.011601099061034,0.0139566766552588,0.008776026586338052,0.011238874851697209,0.011149862697344776,0.01135572153064534
9.911902051137144,20169,0.0115183214287793,0.013711878328083653,0.008906518794927838,0.011100436867931421,0.011197666578628597,0.011307802149204392
9.913437883389296,20200,0.0114115666170005,0.013465507077461726,0.009035900386707539,0.01106723492614813,0.01124664908823308,0.011474064069067024
9.914971360477415,20231,0.0114628351199822,0.01321803399302166,0.009164810192292778,0.011153403745087817,0.011302740627710299,0.011403227488765795
9.916502489613622,20262,0.0115694158971952,0.01296992864022943,0.009293890652028425,0.011353162962631936,0.011402650343275018,0.011447014309541629
9.918031277976969,20293,0.0117979493502193,0.012721658189185194,0.009423773043484183,0.011640180497091937,0.011620392963082826,0.011632919894096285
9.919557732713622,20324,0.0120240655931424,0.012473686559905642,0.009555063655832504,0.011971384096117374,0.012006626665190728,0.011957217980226394
9.92108186093708,20355,0.0136884118717941,0.012226473585444465,0.009688331036459183,0.01229478968379936,0.012513182520561472,0.013581367030724767
9.922652721797139,20387,0.0152661059386619,0.011972564018755981,0.00982852079724299,0.012566921348757826,0.013015836879193384,0.014768047694943226
9.92417214372896,20418,0.0133152909989453,0.01172828848432868,0.009967342012859788,0.01273139289651822,0.013333169966499981,0.012604980721368196
9.925689260519812,20449,0.0123933831199429,0.011486132673695849,0.010109521181814322,0.012780126260410557,0.013400000073465253,0.012069542018610466
9.927252906086387,20481,0.0130013123460198,0.011238850181445105,0.010260139222228572,0.012715686526495192,0.013211661065672927,0.013214922108703635
9.928765359720396,20512,0.0147621702995415,0.011002334871633119,0.010410016836026296,0.012571178501164572,0.012866298847778351,0.014104994047566145
9.930324206489688,20544,0.0127677605005732,0.010761775892230237,0.010568972760468028,0.012383506516819914,0.012484212822911612,0.013277968270264619
9.93183202554527,20575,0.0131133775132156,0.010532628002061397,0.010727120475042602,0.012212793230143055,0.012217130531041216,0.01235590802624075
9.933386102881991,20607,0.0121523943526005,0.010300534495238024,0.01089461233789615,0.012090369919823492,0.012107359254280395,0.01208559757746713
9.934889315675662,20638,0.0123822333238606,0.010080399394506721,0.011060834059553602,0.012047394175467676,0.012137368776740454,0.012207218399280786
9.936438652675815,20670,0.0125165340132557,0.009858423538067455,0.011236256451467003,0.012083402267067183,0.01224808556743444,0.012349901924620613
9.937985592943695,20702,0.0125505697277496,0.009642187828334982,0.01141522032154113,0.012182958848935919,0.012389719650184665,0.012560723009761798
9.939530143883058,20734,0.0127226399219381,0.009432078721954232,0.011597265436419542,0.012315757264272706,0.012534349570352118,0.012659544150667036
9.9410723128634,20766,0.0129201827966323,0.009228467991095144,0.011781837440412566,0.012452004928983233,0.012682002679481684,0.013122634622924035
9.94256402451792,20797,0.0133164220600262,0.009037753600978832,0.011962445740474531,0.012571733401441177,0.012847134635586272,0.013084969691127444
9.944101525421383,20829,0.0137548510202409,0.00884796359897518,0.012150039389640634,0.012688626459615526,0.013019815464298451,0.013361252012588426
9.945636666044289,20861,0.0145172246359368,0.008665683926952935,0.012338025162418817,0.012829931886084809,0.013114006511815353,0.013862987746594706
9.947169453622253,20893,0.0133273514622822,0.008491222969718087,0.012525546086636134,0.013047795531538862,0.013163563619585962,0.013330924314795971
9.948747683940992,20926,0.0135638407135754,0.008319807285944732,0.012717475750657058,0.013417412888037803,0.01354235402666481,0.013746871954836294
9.950275714034888,20958,0.0160341596226372,0.008162106468461782,0.012901201799130787,0.013971997060800856,0.014707447618155275,0.01586647930153649
9.951801412814678,20990,0.0191040375848129,0.008013053360695457,0.01308157848627461,0.01475117030681361,0.016657173518567568,0.01781752686227477
9.953324787383298,21022,0.0171967479912147,0.00787288543086656,0.0132575957879057,0.01575107402669007,0.018674132346676336,0.018296666226042015
9.95484584481127,21054,0.0184838140656199,0.007741821823814469,0.01342823338986764,0.016928648716517572,0.019865777164848556,0.020147852051555542
9.956412015844014,21087,0.0192261461247578,0.007616410154985034,0.013597490338885554,0.018246168189248003,0.019916507758084158,0.019831455211911313
9.957928388214375,21119,0.0179379226714941,0.007504437488641318,0.013754075658957367,0.019519432477010493,0.01928210202403067,0.01675065579856783
9.959489742651412,21152,0.0192903451616989,0.007399079218757314,0.01390672550668811,0.02071266467861971,0.01866206904681496,0.01798155953604107
9.961001458736735,21184,0.0225059125168068,0.007306867638848958,0.01404521644591888,0.021655359896211285,0.018571681749508212,0.02253620938175258
9.962558026113117,21217,0.0216488655341565,0.007222171964848669,0.014177240966589668,0.02233380812314796,0.019182912756513407,0.021026622156808443
9.96406511442173,21249,0.0193461660134339,0.007150232527012891,0.014293931202432057,0.02267522869501904,0.02039423873135183,0.01930216094534317
9.965616924001678,21282,0.0216780672601211,0.007086644183067834,0.014401748717493171,0.022709469010240388,0.02195903760686507,0.021614809965443474
9.96716632919931,21315,0.021696438999187,0.0070338894707929565,0.014496092814227951,0.02246605408608647,0.023309152553097748,0.022056006511119244
9.9686664935611,21347,0.0208975787010963,0.006993127789416513,0.014574070922620402,0.02203141520089379,0.02394038532045775,0.021816593353561724
9.970211184579037,21380,0.0217142981726166,0.006961840703222727,0.014639995911023518,0.021457621312070005,0.023701338770174208,0.024382110863737233
9.971753493206217,21413,0.0264654936061468,0.0069414762704856185,0.014690746922682383,0.020834281258382867,0.02271369431852841,0.025461992589839968
9.97329342678009,21446,0.0217150451102961,0.0069320227507521145,0.01472597421214839,0.020227639927459386,0.021334328260213177,0.023908638901859593
9.974830992604263,21479,0.0217186229828796,0.006933447763724105,0.014745450708729149,0.019685829519680984,0.0199408229002983,0.020092000788108917
9.976366197948701,21512,0.0165641039580469,0.0069456985722159,0.01474907667392593,0.019237607495383228,0.018827396830387803,0.01630843865747417
9.977899050049938,21545,0.0170480638220839,0.006968702400235043,0.014736883236854983,0.018894045632700227,0.01817738034600639,0.016687647579232273
9.979429556111283,21578,0.0225604715445784,0.007002366784983216,0.01470903478728711,0.018651446152996087,0.018083881247921114,0.020448821351265634
9.980957723303026,21611,0.0194338290546033,0.007046579961531317,0.014665830214654434,0.018494092106618214,0.01857552293066568,0.02085152501840674
9.982483558762624,21644,0.0217249035034399,0.007101211278883356,0.014607702989848152,0.018396249853546327,0.019560117402492496,0.01960243871960321
9.984053200375698,21678,0.0194544661679448,0.0071682369108038105,0.014532806587694003,0.018321542287679165,0.020699363807992456,0.019939451314727682
9.985574323534237,21711,0.0194663319731015,0.0072435425992476675,0.014446264709134196,0.018232840751772922,0.021237401931289195,0.019347729695423904
9.987093136390923,21744,0.0217739170328473,0.007328759904070214,0.014346918694408213,0.018084849184661644,0.02061415347635638,0.020192495380899896
9.988655564906006,21778,0.0226506873582408,0.0074267127501223855,0.014232178457006483,0.01782901287104485,0.018811462963628532,0.021799433789054815
9.990169708671853,21811,0.0181823108216761,0.007531415087270527,0.014109893788458902,0.017452288715465034,0.016725613439430354,0.017558238004536098
9.991727341385538,21845,0.014125051630791,0.007648962206187383,0.013973919016447602,0.01692420723254768,0.015132092671196485,0.014316746461211125
9.993236844679735,21878,0.0145562348387122,0.007772183242624014,0.013833576664230835,0.016295889496710805,0.01438821214373411,0.014190811150880419
9.994789710942914,21912,0.0143830940054125,0.007908263653589898,0.013681841874552332,0.015580944952420288,0.014161607931405508,0.014876385054388853
9.996294602122337,21945,0.014384879699325,0.008048912785411536,0.013529152373096976,0.014896736774184682,0.014171094356653601,0.014833987927951549
9.997842731017272,21979,0.0142552100392656,0.008202342967031755,0.013367909537380332,0.014295835435914893,0.014291968234821921,0.014120864364980773
9.99938846691333,22013,0.0141680137183781,0.008364088843542922,0.013204433161376266,0.01389520844224845,0.01438141869064875,0.01407769367479355
10.000931817196982,22047,0.015074438242785,0.008533803488959695,0.013040551154036625,0.01377028114317264,0.014272030890979797,0.01463377370647243
10.002472789220548,22081,0.0148202221042397,0.008711127438266,0.012878137238943377,0.013958484829467795,0.014044830103521647,0.014547181461899645
10.004011390302429,22115,0.0141427487479439,0.00889568951025616,0.0127190966065614,0.01444776043914736,0.014030693566998296,0.01419004617971719
10.005547627727276,22149,0.0144131514324287,0.009087107641587941,0.012565351159974418,0.015174522527989114,0.014443027267670314,0.014825427155905997
10.007081508746234,22183,0.0153929359522081,0.009284989730248449,0.012418824471784665,0.016032191663688602,0.015177146768550195,0.015073941458788218
10.008613040577128,22217,0.0157523540260642,0.00948893448663353,0.012281426573098083,0.01688894832066428,0.016021086937803547,0.016179892850552064
10.010142230404668,22251,0.017613380730147,0.009698532290476684,0.01215503869796045,0.017611162959018628,0.01692204261704725,0.017250970605937447
10.011669085380657,22285,0.0181904686405053,0.009913366051885076,0.01204149810818584,0.018087581622629956,0.01798955045518402,0.017920122280540497
10.013193612624184,22319,0.0188119827577329,0.01013301207475487,0.011942583124191102,0.01824914175631424,0.019284481102046357,0.019379407577869087
10.014715819221838,22353,0.0201849583694347,0.010357040920890011,0.011859998487151104,0.018080299293744377,0.020573912791740076,0.020163379107239487
10.016280380011253,22388,0.0188138879544875,0.010591778783324833,0.01179374756571281,0.0176024963433004,0.02128082548465251,0.020627436336628422
10.01779789871354,22422,0.02258362074945,0.010823362876294965,0.011749167437775355,0.016928635572604225,0.020775619423171694,0.021864068318674063
10.01935764857854,22457,0.0209494291492707,0.011064945503472102,0.011725124372419456,0.01613634327366435,0.019036268522416498,0.020359955019830726
10.020870508171171,22491,0.0182219926969399,0.011302267110877812,0.01172429263117478,0.015388141916702892,0.01690384946997422,0.01670534493899021
10.022425476607642,22526,0.0149172898952658,0.011548813499137396,0.011747825636974615,0.014743666543937146,0.015183993710435625,0.014835501675621575
10.023933705611997,22560,0.0147209741015968,0.011790039388259257,0.011795381180431393,0.014305491540020124,0.014363350212456289,0.014379557693288423
10.02548392184538,22595,0.0143562766840855,0.012039659896061585,0.011870628518713677,0.014072379343970931,0.01420757194037581,0.014289628935323935
10.027031738627583,22630,0.0143597266910193,0.01229011865950113,0.01197325195041787,0.014041683057998723,0.014397045368391738,0.014377714296249835
10.028533041510352,22664,0.0149073846348273,0.012533766192003883,0.01209964898389308,0.014155571856197634,0.014733461813059614,0.014697569205409945
10.030076149635702,22699,0.0158089246435447,0.012784466228976544,0.01225756819456687,0.014350826540930207,0.015221068553574973,0.015451560823159547
10.031616880246656,22734,0.0158662588940109,0.01303457960483425,0.012443813390848928,0.014552857949685449,0.0158256083815644,0.01630364834803182
10.033155240658164,22769,0.0177098635523388,0.013283635112588392,0.01265830014208829,0.014702466831688311,0.016327570206668057,0.016565633272075043
10.034691238151472,22804,0.0153350671389891,0.01353116716341875,0.012900737835388722,0.01476492776155337,0.01635030291115372,0.016117821011259005
10.036224879974322,22839,0.0156844273981675,0.01377671661206592,0.013170630686624565,0.014734145357649105,0.01573218856406553,0.015503361792744207
10.037756173341162,22874,0.0157357100509981,0.014019831558562894,0.013467280517927883,0.014630473251181018,0.014858695464700599,0.015044289323335548
10.039285125433349,22909,0.0145445775216447,0.014260068125151721,0.013789791284177889,0.014493611797253801,0.0144072355457745,0.014561005177883673
10.040855326828934,22945,0.014816748063773,0.014503707497577623,0.014147349527502191,0.014370074340792443,0.01469002766552736,0.01483198167779003
10.042379551402746,22980,0.0154698312467132,0.01473677850280707,0.014518786467995974,0.014316404772199007,0.015319916826935061,0.015736127372935404
10.043901456251342,23015,0.0161145821235164,0.014965683290528498,0.014912235892786764,0.014367888362125367,0.01573776189979585,0.015773123784791513
10.045421048424794,23050,0.0157954970899284,0.015190017628396509,0.015326084462294096,0.01454909654603433,0.01574780018987825,0.015787156736478566
10.046981652174855,23086,0.0158285607946643,0.015415579809313722,0.015771180327125656,0.014879131562493562,0.015535589361923733,0.015737263349175183
10.048496574446103,23121,0.0151336106774974,0.015629449080039885,0.01622084808623766,0.015331885028542904,0.015370662468179952,0.015222379732323682
10.050052389617964,23157,0.0151822350515219,0.015843455820733925,0.01669862965383937,0.015912302579006412,0.015366646037864591,0.015237457585051916
10.051562670601491,23192,0.0159513693286878,0.01604534822526343,0.0171757981869662,0.016560373153920054,0.01554874644263346,0.01591025946646061
10.05311372649194,23228,0.0166771771260509,0.01624630144628792,0.01767725828181716,0.017281463117457322,0.015936753106067195,0.016357782421254352
10.054662380333246,23264,0.0163415622871672,0.016440101722746143,0.018187053616296307,0.018027168463848643,0.016530406194587267,0.016685551172614835
10.056165720177834,23299,0.0175569641228893,0.016621339980838524,0.018688253503305823,0.018750646423256453,0.017298815876965173,0.01730346707744313
10.057709658383915,23335,0.0175802748701694,0.016800058950355898,0.01920696668879002,0.019473404921552986,0.018283363166332764,0.018063126397930906
10.059251216519025,23371,0.0186223452416525,0.016970670917606893,0.01972633529178036,0.020160755916289585,0.01944774495275464,0.019645056556692728
10.060790401909903,23407,0.0211603921400945,0.017132889656293997,0.02024375724346827,0.020804688529306455,0.02070539250743096,0.020365956758628324
10.062327221849518,23443,0.0211684927099655,0.01728644706663042,0.020756656384266537,0.0214019055952951,0.021876358026564718,0.020408461803302372
10.063861683597258,23479,0.0235025280095073,0.01743109349160463,0.021262503068571255,0.021952503694555255,0.02276861020831757,0.02447499271388999
10.065393794379148,23515,0.0293020169602233,0.01756659799358623,0.021758834104475544,0.022458790838960213,0.023331619490496197,0.027498363281018737
10.066923561388052,23551,0.0235079344727416,0.017692748591405447,0.02224327183026944,0.02292442118848708,0.023736361016697044,0.02267296980828619
10.068450991783877,23587,0.0205126680553023,0.017809352458108694,0.022713542140985733,0.023353917090736632,0.024288540237985722,0.021709657064002814
10.07001842342376,23624,0.0282317537656355,0.01791906478328054,0.023179848201530923,0.023763248481369133,0.025271998261500367,0.025608815471837167
10.071541137532378,23660,0.0262318483570596,0.01801579778047538,0.023614921419492264,0.0241366576437641,0.026637552330496864,0.025533507194153388
10.07306153650758,23696,0.0272147139469727,0.01810251842617196,0.024029737604147398,0.024493109922729024,0.02804452194433504,0.027493405733181913
10.074621763689509,23733,0.0327460564463023,0.018181094343862683,0.02443317917091395,0.02485138622785932,0.02886360295311898,0.03435938851951034
10.076137489633352,23769,0.0282419227192761,0.01824718135626501,0.02480187649538782,0.025203345534047447,0.028508967404014728,0.03077547358982264
10.077692928727824,23806,0.02442189706331,0.01830437154989641,0.02515488804183553,0.025582172199195122,0.026989396647383687,0.024149533054102633
10.079204010277946,23842,0.0244396714600735,0.018349517191243947,0.02547195390622806,0.025982170689998512,0.025029358691311145,0.023982680438106568
10.080754690582811,23879,0.0220384221563486,0.01838508873405633,0.025769674747493133,0.02644198040105488,0.023363541148330776,0.022788619431056603
10.082261156114397,23915,0.0220670423177693,0.01840914704399101,0.0260311832664941,0.02695273034436169,0.022620100267634065,0.021074172374471935
10.08380710665941,23952,0.0244984199226607,0.01842303222938941,0.026270416652185883,0.027558319741365415,0.02295380100619342,0.02468985274253807
10.08535067092992,23989,0.0282922724396459,0.018425951760516673,0.02647932228312566,0.028258832826632805,0.024362239571082033,0.02915502072249666
10.08689185628132,24026,0.0283177565132851,0.01841795073034983,0.02665772689852264,0.029063237435053457,0.026602185432448466,0.027154008849562105
10.088430670035034,24063,0.0273492395999216,0.018399094667513223,0.02680566754912158,0.029974277437798492,0.029238083242432922,0.02598627245946043
10.089967119478748,24100,0.0294305533732516,0.01836946919195316,0.02692338444440783,0.030986572254438138,0.0318343386312623,0.02930353589061208
10.0915012118666,24137,0.0340631319670094,0.018329179636783835,0.027011312028752524,0.03208490391020945,0.034198273223046007,0.033465959443089235
10.093032954419405,24174,0.0379793081903999,0.01827835063760258,0.027070068445611956,0.033242979556712696,0.03639658392619592,0.03711219294143614
10.094562354324832,24211,0.0452536121495592,0.018217125690614393,0.027100443564855598,0.034423019542958955,0.03852206466451881,0.04214909654730391
10.09608941873764,24248,0.0422986919797832,0.018145666680933335,0.027103385761456728,0.03557652331171059,0.04043564108620826,0.044387152491993896
10.097614154779846,24285,0.0409059811770682,0.01806415338246776,0.027079987643855382,0.036646478239553845,0.04171275641317169,0.0409330457645863
10.099177683735626,24323,0.0381933561693233,0.017970178622964014,0.027029823343982365,0.03759347812198438,0.04186554697260906,0.03841334055425084
10.100697721823831,24360,0.0382099730869645,0.017868907458366345,0.02695689981886002,0.038304845490943464,0.04074758714103664,0.038222814235759905
10.102256440708684,24398,0.0369246588328596,0.017755110134797192,0.026858795454068073,0.0387607462894616,0.03872339995733658,0.03775011868569899
10.103771809704256,24435,0.0424031428123545,0.017635027994508168,0.02674222391268362,0.03889385378720761,0.036651755881914896,0.03971012287064708
10.105325748023002,24473,0.039625773258501,0.017502447332744406,0.02660255870522642,0.03868557742247254,0.03510922002534067,0.039745439102802815
10.106836476522158,24510,0.0333863206743544,0.01736462847362948,0.026448815711913494,0.03814418016198464,0.03445332685347548,0.03348340362713375
10.108385663508988,24548,0.031200396191915,0.0172144290408028,0.026274443234806648,0.03726190749492402,0.034480540469362414,0.031093682450724015
10.109932454227286,24586,0.0346120930244313,0.017055784065206286,0.026085176046902178,0.036093989067502615,0.03471356389166173,0.03460244916137191
10.111436244467797,24623,0.0346288942453536,0.01689352457060061,0.025888307228257596,0.03474336279550895,0.03457745695094687,0.035697316450041636
10.112978327396553,24661,0.0346421641898366,0.01671922677807765,0.025674957235477223,0.033211595532295066,0.033718445361018146,0.03494073818463504
10.114518035966537,24699,0.0312825476898315,0.01653753753513649,0.02545205477464474,0.031613083077965703,0.032188421618968385,0.03318329682408099
10.116055377478151,24737,0.0282869929378918,0.016348834700802204,0.025221329904143087,0.030024851033091045,0.030348633587414475,0.028467790009179532
10.117590359198187,24775,0.0264938083679975,0.016153506519795833,0.024984458219984813,0.028513801900167807,0.02858438868153764,0.027263592303148478
10.119122988360015,24813,0.0292481355387574,0.015951950773927956,0.024743050217742844,0.027132192977147224,0.027102888349828394,0.02938046589973559
10.120653272163802,24851,0.0273741984846847,0.01574457392691635,0.02449864208832388,0.025915630362665854,0.025922511073226354,0.027671065309300195
10.122181217776706,24889,0.0248657410605454,0.015531790264400689,0.024252687962856283,0.024883467705906985,0.024983333751137538,0.024591580456761825
10.123746948670474,24928,0.0233947433395997,0.015308226821128347,0.024000085762618986,0.024021430512756244,0.02424311525806868,0.023148646139714554
10.125270178210997,24966,0.023394819801869,0.01508578522247679,0.023755088682581277,0.023368182459851103,0.023784051939684404,0.022447872311267384
10.126791091051704,25004,0.0227200393236889,0.01485922940701584,0.023512389087644834,0.022886503402177703,0.023647324621232743,0.0238594295538627
10.128349626344304,25043,0.0273719706655177,0.01462289200672614,0.023266817415262053,0.022553008018417232,0.02383657457120463,0.026040600854473787
10.129865866360268,25081,0.0264996725012075,0.014389343165922549,0.02303196093150964,0.022365644355555173,0.024189945757319833,0.025561713058739433
10.131419620582134,25120,0.0241196587305301,0.014146759789696517,0.022796380309288357,0.02229371758637921,0.02440759651093547,0.024474354825793458
10.132931216398818,25158,0.0256899294344936,0.013908036859714161,0.022572944193622657,0.022320122807189497,0.024151921221698364,0.022591433543096753
10.134480218793737,25197,0.0209368792214936,0.01366108182131988,0.022350604005607455,0.022423948781534354,0.023307376910306606,0.021178320231506245
10.1360268254907,25236,0.023436731669739,0.013412629543943254,0.022135947451537394,0.022582114005513035,0.022140383253831063,0.023423446830603094
10.137531478318628,25274,0.0249338111408364,0.013169566678581745,0.021934683982889253,0.02276565895501494,0.021135505338322147,0.0241810792445325
10.139073376740225,25313,0.0187048834034074,0.012919569802151221,0.021736637992240446,0.02296145850857412,0.02059397816315573,0.02011436333832956
10.140612901370757,25352,0.0204330478601996,0.012669501169065915,0.0215475479857119,0.02314384110937605,0.020700691185059173,0.019529067307950534
10.142150059508008,25391,0.0215445301000626,0.012419834196136448,0.021367661210355018,0.023295525858245864,0.02145513017568599,0.022672603450019976
10.143684858416163,25430,0.0235168464312058,0.01217103791328222,0.02119714207765737,0.023404567422092234,0.02267663153236857,0.022994532745270028
10.145217305326018,25469,0.0215768494764941,0.011923576119762271,0.021036077029118572,0.02346526947738234,0.02394710430830195,0.021806559971005928
10.146747407435162,25508,0.0242841597449664,0.011677906561979904,0.020884479268260786,0.02347831012232282,0.02478168226787849,0.024823994782156127
10.148275171908208,25547,0.0285698183172077,0.01143448013407193,0.020742293268353557,0.023450046135054515,0.024967856644678238,0.02855321975245347
10.14983968898722,25587,0.0276528949567466,0.011187606485459052,0.020606112138913682,0.023389339734637988,0.02469083238199939,0.025535001427315872
10.15136274006952,25626,0.0215882389715883,0.010950073410469396,0.020482559590897044,0.023312699383624017,0.024367485365963722,0.022252749414707073
10.152883474994404,25665,0.0250975586870392,0.010716098197346816,0.020367873349976445,0.023232713298408453,0.024287420388777514,0.023529624156460868
10.154440804489605,25705,0.0251003233323624,0.010480254965182938,0.020259149012654565,0.023160336853258478,0.0245009163076776,0.025564481518596922
10.155956869232163,25744,0.0235816728560811,0.010254749674871722,0.020161470079747064,0.02310923296275043,0.02479653539594918,0.024348081598584405
10.157509423495274,25784,0.0267907668275829,0.010028434038872401,0.02006941014265584,0.023083123384693153,0.024870242242852086,0.024844081482672396
10.159020846651988,25823,0.026795375171166,0.009813013952290964,0.01998712022949645,0.023084789390553036,0.02451625223673856,0.027021009232533227
10.160568654878034,25863,0.0277113274580222,0.009597832529306276,0.019909864481693438,0.023110623578198455,0.023769468944567978,0.024574261169689957
10.162114071095669,25903,0.0215908075482299,0.009388867472570426,0.019839273337757445,0.02315178746733735,0.022892138677842132,0.020819980715087824
10.163657102686784,25943,0.0204496208320865,0.009186488390255277,0.019774725622712708,0.023194068224906102,0.02214513251099413,0.02054467871215158
10.165159269555678,25982,0.0236302940717744,0.008995848126924043,0.019716974416086646,0.023218815675378476,0.021655014655316558,0.02284682490050741
10.16669761306342,26022,0.0236433538193095,0.008807501730667442,0.019662363719965124,0.02320663273120334,0.021371432073446533,0.023941017342110803
10.168233593704851,26062,0.0204650981886404,0.00862674784606069,0.01961168878770535,0.023134811247262826,0.02122778160289307,0.02139189220104039
10.169767218727474,26102,0.0204818339707091,0.008453891962981287,0.019564160370945466,0.02298342531951144,0.02118414790472359,0.020047831973556272
10.171336747234188,26143,0.0210667655046365,0.008285212878376505,0.019517844920875466,0.022729721287753954,0.021300735310891494,0.021219268281723023
10.172865624189871,26183,0.0216899891561488,0.008129214973577593,0.019474124432883256,0.022377952610888107,0.021688491842948878,0.02135237113157675
10.174392167248598,26223,0.0205337144744001,0.007981932914417584,0.01943095510598036,0.021924518683945543,0.02241013335015718,0.02193647156090825
10.175916383525095,26263,0.0262102916588762,0.007843600847982114,0.019387423684806167,0.02138078388877725,0.023327263433705607,0.025443163890050486
10.177476297855906,26304,0.0231006683046123,0.007711324503595356,0.019341452647186466,0.020751556845249056,0.024009111254933657,0.025223955325843574
10.1789958240562,26344,0.0224341657185065,0.007591757336203893,0.019294319960525597,0.020096404068070502,0.02381193644135408,0.022031044171122983
10.18051304479938,26384,0.0206036779724367,0.007481735397777575,0.01924397476655651,0.019433208951305708,0.022465229145670073,0.021719458103824155
10.182065810738438,26425,0.0200775739390567,0.007379035151691872,0.019188046296033604,0.018779236666186246,0.020306891948289257,0.021025404983916765
10.183616169332996,26466,0.0195784636465401,0.007286680422208925,0.01912674197304593,0.018182103889868843,0.01827564352107139,0.01885256251993043
10.185126401440623,26506,0.0173139396596397,0.007206671961769686,0.019060813807550564,0.017676496166438096,0.017045193507872116,0.017284514181520612
10.18667202593546,26547,0.0164612703672097,0.007135115500543755,0.018986039319464514,0.017250059584275848,0.016534751328805355,0.016384342545056847
10.188215265161473,26588,0.0164090344365499,0.007074226965501874,0.018903089054937403,0.016919330998186856,0.016427120650068863,0.016378529692263694
10.1897561264694,26629,0.017116414452168,0.007024072843150882,0.018811129364946496,0.016678144382924722,0.016489930820221668,0.017039780016392603
10.191257121160008,26669,0.0167336615578868,0.0069855305433210125,0.018712006017172912,0.01651748418407917,0.016623494981032393,0.016845722648642893
10.192793306104006,26710,0.016739797442628,0.006956697461883823,0.018600109036024062,0.016415196436821853,0.016699739905194123,0.0165340136640266
10.19432713480299,26751,0.016739854565233,0.006938673405313922,0.018477231022052287,0.01636338822195583,0.01661695746638593,0.01685256709666146
10.195895938351995,26793,0.0164922688080556,0.0069314008256327825,0.018339506035787205,0.016354324210038768,0.01645437200622859,0.016532191228057665
10.197425019150415,26834,0.0164071243765098,0.006935189131081797,0.018193176058243832,0.016387139141793888,0.016361582789213402,0.016352937388421904
10.198951765429964,26875,0.0164988115595723,0.006949677368603665,0.01803494087648468,0.016466826043134448,0.016374730975523097,0.016449358504043866
10.200476184308208,26916,0.0167480333372558,0.006974789700418051,0.017864797177011928,0.01660462920452759,0.016561659507251917,0.016740266755041106
10.202035378298214,26958,0.017676874633448,0.007011430999245757,0.017678331184416793,0.016820928278710796,0.017141760609873734,0.01766247124917047
10.203555107263542,26999,0.018759995025531,0.0070577400191309085,0.017484778048780604,0.01711970947322799,0.018152081086184275,0.018708777952184966
10.2050725301569,27040,0.0176774545023539,0.007114328494489246,0.017280379464477136,0.01751573831930743,0.019247277726068972,0.018197682430017056
10.206624579542767,27082,0.0191944322779878,0.007182798145372815,0.01706051875078769,0.018027033865005794,0.019902981012912675,0.019415457401327035
10.208174223803733,27124,0.021300809853308,0.007261715601653761,0.01683105450560633,0.01864202644630412,0.01988776065750095,0.021087237077630057
10.209684658985624,27165,0.0191983097438884,0.007348640702627542,0.016598964654916868,0.01933125656443529,0.01953033153018905,0.01899614019539084
10.211229572115675,27207,0.019198621522877,0.007447600381322568,0.016354347232720435,0.02010950544276887,0.01929498965818068,0.019374332835683634
10.212772102170325,27249,0.021307475052901,0.007556360810314702,0.01610443340129305,0.020936073108869392,0.01954043565948851,0.021493870779758263
10.214312256490173,27291,0.0196756553842152,0.007674670195935308,0.015851102356837718,0.02178256505752693,0.020442712250933002,0.01932912812883562
10.215850042381968,27333,0.0201851106793138,0.007802260529555936,0.015596438940431912,0.022619429863218188,0.0219738410866439,0.020415348968397258
10.217385467118802,27375,0.0264232847502013,0.007938848272366213,0.015342722245966459,0.023417854681558766,0.023773125860254235,0.02715132116651283
10.218918537940311,27417,0.0255995444429384,0.008084135060506727,0.015092411333538624,0.0241509923653776,0.025212852757351543,0.02610910670278203
10.220449262052888,27459,0.0226215979552094,0.008237808428853122,0.01484812812911199,0.024794450724969563,0.02579029365024148,0.022768882056194366
10.221977646629885,27501,0.0248805254010965,0.008399542551745617,0.014612637635764193,0.025326147369064585,0.02549567778267479,0.024967678573886227
10.223503698811808,27543,0.0266050069149583,0.008568998998954327,0.014388825625060796,0.02572576877396222,0.02478436146015066,0.026257253736609736
10.225063676635465,27586,0.0258174070812275,0.008750124610292915,0.014174897885767304,0.02597807336560173,0.02423044103573778,0.02554400946637826
10.226585030208865,27628,0.0258978452361475,0.008934126289103402,0.013983917369257269,0.02605262501276746,0.024275615129238346,0.02557709455530139
10.228104072780972,27670,0.0251711552364001,0.009124758161004063,0.013813814929939317,0.02593993448546491,0.025033145608875818,0.024376753636643135
10.229656896161444,27713,0.0269581703851618,0.00932639957916094,0.013664532584983772,0.02561493740186976,0.026351527699049332,0.024627471617915567
10.231171283124262,27755,0.0279420841433013,0.009529274107162478,0.01354615728551248,0.02508199569147336,0.02760574093569408,0.027016264971114937
10.232719354644704,27798,0.0262322841162075,0.009742623678024507,0.013456239279493997,0.024312718396969378,0.028013978884638045,0.027623959099611427
10.234265033343494,27841,0.0280905065752466,0.009961253102319271,0.013401096625210333,0.02332667418781745,0.02688621327518028,0.027333192208752174
10.235808326606287,27884,0.0263598127568411,0.010184721043866694,0.013383755880998204,0.022150878931885942,0.024306907450028132,0.02682078801415214
10.23731343350214,27926,0.0239637848624689,0.010407234774949925,0.013406053230891014,0.020866033051821452,0.021225907771835546,0.023172674596547295
10.238852032964804,27969,0.017756295154279,0.01063894686223348,0.013471661801960428,0.0194833192803645,0.018546825243655585,0.018062647675951636
10.240388268775408,28012,0.0160481490351244,0.010874152743103365,0.01358296573261701,0.018131266704878874,0.016895455881973536,0.016011666832786688
10.241922148185072,28055,0.0159470160453541,0.011112393285853537,0.013742132249313676,0.016932543576185465,0.016141666417818258,0.01593011352565815
10.243453678411596,28098,0.0165652704066895,0.011353207147933104,0.013951034540872726,0.016026572942457146,0.01586721613594969,0.01624121204576567
10.2450184013482,28142,0.0160502328501237,0.011601802476602462,0.014217896682240383,0.015554280450494055,0.015758438507101978,0.016078439718645872
10.246545200515676,28185,0.0159495720881418,0.011846407384162655,0.014531815969888038,0.01567673841789865,0.015728021706288547,0.015863780202174542
10.24806967212072,28228,0.0160879354239173,0.012092186481067113,0.014899090202241169,0.016489072904237956,0.015999100834288876,0.015949652060585136
10.249591823249144,28271,0.0191656878351006,0.012338678476555261,0.01532017225820911,0.01806084101927228,0.017242814935018502,0.018566668474854754
10.251146978547906,28315,0.0214016441994366,0.012591161882372854,0.015806804542603296,0.020468656041127124,0.02035912085007835,0.0227602421325973
10.252664456297504,28358,0.0258212911709521,0.012837695235062915,0.016336510392991353,0.02354857213441349,0.025290124997609673,0.025413217130989964
10.254214844204958,28402,0.0326035439524935,0.01308926986593601,0.016933124817906355,0.027315117624778756,0.03107494858433206,0.029215408580018292
10.255762832130172,28446,0.0305240712584267,0.01333966871184622,0.017583702427574982,0.03150647975546014,0.03584634735552558,0.0325304423621766
10.257273326840831,28489,0.0398794646476516,0.013582786637654625,0.018269998874933066,0.03577339245417351,0.03861431957927522,0.037569637387656014
10.258816591150495,28533,0.0426213769544058,0.013829473492610595,0.01902183942028461,0.04004209939079974,0.039953251829465304,0.043232417143817405
10.260357477464831,28577,0.0427072951422691,0.014073595695575532,0.0198212976376535,0.04393823758520403,0.04101147015007805,0.040968778678154814
10.261895993101012,28621,0.0414485543812551,0.014314702418064186,0.020665416406146792,0.04721675325444316,0.04281336472354997,0.0425175074105578
10.263432145342485,28665,0.0535676068210077,0.014552352006768849,0.021550856591418116,0.04969015741340418,0.04554581073556965,0.050715318598368454
10.26496594143918,28709,0.0474458972165451,0.014786112725495007,0.02247392316292037,0.05124751087603484,0.04845490072500796,0.048236841539069986
10.266497388607728,28753,0.0446808979391304,0.015015563467935497,0.02343059493930373,0.05186320404578822,0.05030447994886972,0.04566945930837087
10.268026494031648,28797,0.0525700133526412,0.015240294440389357,0.024416557588554325,0.05159456712030855,0.050303864574672355,0.04989684380296275
10.269553264861557,28841,0.0451137600510467,0.015459907813626987,0.02542723947284713,0.05056926968110362,0.048818322054821756,0.04598654702470048
10.271112327661111,28886,0.04835746775819,0.01567881759663278,0.026481465822824762,0.048923560076324424,0.047125605326557074,0.046497237144316424
10.27263439797018,28930,0.0584498123161975,0.015886915472287683,0.027527316292164827,0.04693867912886382,0.046656794395627144,0.05638727218818519
10.274154155101597,28974,0.0519740532811417,0.016088772108232317,0.028582901638499913,0.04479042405503392,0.04789581968786112,0.05088899833829502
10.275706066850656,29019,0.0403177843271333,0.016288402594547984,0.029667123960495326,0.042621299350564155,0.050222793951722106,0.0441167956507069
10.277255573901035,29064,0.0508317310493883,0.01648079363870872,0.030750466248071227,0.04064800607604169,0.0517007006918587,0.050776827833739
10.278768329466978,29108,0.0463684636024023,0.01666158767397022,0.03180348257454054,0.03903154621281079,0.050241530767349565,0.048265715203118786
10.280313102435128,29153,0.040742621950501,0.01683869025806186,0.032868552974672956,0.037785511328415206,0.04507505952924952,0.041922637785557465
10.281855492759924,29198,0.0381723220104201,0.01700760623291151,0.03391615115163218,0.03700403226776413,0.037778004124186575,0.04329912309782456
10.283395507779986,29243,0.0357527833505663,0.017168052631160113,0.0349409061131589,0.03671096521273645,0.031120628349968763,0.03447586794562492
10.284899010540572,29287,0.0270023184313716,0.017316490058018674,0.035915812165778944,0.036896062236741134,0.02717606404777381,0.02532641674959886
10.286434349213692,29332,0.0234485004171888,0.017459423873464185,0.03688028925386179,0.03754499273728114,0.026429144337974886,0.026918446616421402
10.28800137389136,29378,0.0302039940379427,0.01759602047894979,0.0378272467562156,0.03864000046370811,0.029147681333184565,0.02862614199179648
10.289531960404688,29423,0.0325059511328308,0.017720128587645267,0.03871098019551101,0.040057606101353366,0.034914082420795946,0.030346921804598286
10.291060207802705,29468,0.0443388102557172,0.01783463183481225,0.03954838137770903,0.04171202741933043,0.042492780834729106,0.04363228540670215
10.292586123223996,29513,0.057197782316962,0.0179393606795333,0.04033566262489788,0.04346772084313265,0.04960482218678593,0.05560514681742841
10.294109713774516,29558,0.0521923973735552,0.01803416510468523,0.04106940168973229,0.04516396413756033,0.054193121296922143,0.054832503220676655
10.295664766317357,29604,0.0573182744479358,0.018120682926352587,0.041760944726255474,0.04665466183098611,0.0557233992865241,0.05570175708645814
10.297183677044291,29649,0.0506714284834966,0.018195039874302738,0.04237754039900131,0.047700268383767924,0.0551045091719328,0.05448071685541836
10.29873396044996,29695,0.0475469462837408,0.018260445545489987,0.042944262437957154,0.048191778881675786,0.05369599733519077,0.05012010827667382
10.30028184419666,29741,0.0507350874631726,0.018315055957825937,0.04344480114612044,0.04798851060113671,0.052205430468877725,0.05282034763296092
10.301793763445811,29786,0.0540639704568914,0.01835798099067293,0.0438690028559938,0.04707016009353149,0.050423103073412884,0.0531669439953177
10.303336921858657,29832,0.0445622084823819,0.018391095540470546,0.044234716489034626,0.04541786654676063,0.04754753248299596,0.045533270965497696
10.304877702602262,29878,0.0431000544536839,0.01841331493813982,0.044531193555621906,0.04313548165704052,0.043202549170279714,0.04257654639129038
10.306416112992297,29924,0.0416688148795782,0.018424647309036275,0.04475828693704746,0.040372347214505486,0.03782968813009144,0.041746951015490336
10.307952160310707,29970,0.0349807554949986,0.018425121359936913,0.04491626990137261,0.03731515404571703,0.03251127367096293,0.033769491818269166
10.309485851805952,30016,0.0240952246019976,0.01841478610403511,0.04500581806794988,0.034163299125801024,0.0282628390707179,0.0259755776035896
10.311017194693171,30062,0.0260104518435524,0.01839371055087242,0.04502798826561011,0.031104707147980894,0.025522941317246705,0.02374403305097149
10.312546196154422,30108,0.0214770196749594,0.01836198336239257,0.04498419465885102,0.028296475372990737,0.024153973396979996,0.024338318816810096
10.314072863338865,30154,0.0260268971004825,0.01831971247634491,0.04487618253259486,0.02585339695839824,0.023702165379591314,0.025267531557396892
10.315630315397533,30201,0.0232099678790823,0.018265764677050177,0.04470162697331723,0.023806967732894625,0.023648985853707786,0.024684652646429436
10.317152284987246,30247,0.0250846649097138,0.01820258369376757,0.044470322423647936,0.022275342253578717,0.023622640480437697,0.023371179340935744
10.318671941705205,30293,0.022364897048185,0.01812929799577103,0.04418179129257031,0.021212387047283558,0.02354449612995269,0.023946035527530572
10.320222252902523,30340,0.0241746652928143,0.018044170965233215,0.04383077377078109,0.02059735746932824,0.02359095686742463,0.023733120665381288
10.321770164354907,30387,0.02071115020141,0.017948895534520278,0.04342607259009654,0.020441454201788938,0.023993310887280215,0.02172695864710439
10.323282824952448,30433,0.026123347164941,0.017846040715618794,0.04298118605403944,0.02072044035610652,0.024776095754002074,0.024123004057562392
10.324826009800583,30480,0.0281909581565945,0.01773137646448715,0.04248014821401616,0.021437722568411414,0.02573081947499736,0.029172335768852586
10.32636681689808,30527,0.0271410223841992,0.017607296683236996,0.04193563278364948,0.022582913676472183,0.02639559760446921,0.027491432299615225
10.32790525356098,30574,0.0271412914104078,0.017474079908384677,0.04135122345640409,0.024138234598673265,0.026414047552835718,0.02485366088885507
10.329441327071608,30621,0.0251429810601225,0.01733201986694326,0.040730529331819115,0.026067719883976624,0.025839266116525594,0.02544244871623839
10.330975044678786,30668,0.0232848192460842,0.017181424755022004,0.04007715498678564,0.02831016651633031,0.025180963235297428,0.024685606362439928
10.332506413598027,30715,0.0271520687678034,0.01702261649865994,0.039394672520505006,0.030776883407525733,0.02515233674840929,0.02547922045423912
10.334035441011755,30762,0.0282016542994826,0.016855929998615356,0.03868659577189548,0.033355338089052305,0.026385337326970452,0.028651263754557538
10.335562134069493,30809,0.0292925806938556,0.016681712360830495,0.037956356869447955,0.0359182809837866,0.02927500089057785,0.028906396492128145
10.337118907970645,30857,0.0339272983191062,0.016496387503622006,0.03719116664990024,0.03838560272317239,0.03394475484230157,0.03158362739172437
10.338640904346118,30904,0.0364358679342503,0.01630805313721651,0.03642617198473351,0.04053576629871024,0.0396191963753286,0.03953516275541674
10.34019289638035,30952,0.0477512918169098,0.01610909195651309,0.03563203155047898,0.04236455783715857,0.04534376587461679,0.045953660633212434
10.341710224882464,30999,0.054184167221052,0.015908189201640558,0.03484480235725292,0.04373745781327189,0.04956245682668434,0.052347319777051926
10.343257464336284,31047,0.0541841464542416,0.0156972109048368,0.03403386691472847,0.044692539714016,0.05158416200313505,0.05473642133304901
10.344770153509684,31094,0.0462241019063473,0.015485358978414542,0.0332356417420873,0.04520704993468971,0.05130151068071274,0.047422631044705954
10.346312669401367,31142,0.0447308459451853,0.015264048189433888,0.032418676910336994,0.04535173481538463,0.04938872877822685,0.045956561259825564
10.347852809601848,31190,0.0493121844833129,0.015038174272764764,0.03160228939970798,0.04518295108054665,0.04680441355032791,0.0492513191959153
10.349390581417667,31238,0.041838304683964,0.01480818591215518,0.030788653612153424,0.04478331792692809,0.04439193103224641,0.04424499024417302
10.350925992121716,31286,0.0418393857099786,0.014574536148178292,0.029979750269715118,0.04423546044607186,0.04266508577599263,0.04265205571351634
10.352459048953431,31334,0.0447343998172353,0.014337681470569146,0.029177369935172285,0.04361292242173054,0.04179504588514425,0.045966382921317085
10.353989759119012,31382,0.0418390660841981,0.014098080916425995,0.028383118529483622,0.042973613079175625,0.04167255179674983,0.042066537017014086
10.355518129791614,31430,0.0377344434261904,0.013856195175928326,0.02759842464166565,0.04235593737186421,0.04198364455797304,0.039244681005536616
10.35707593582602,31479,0.0364307213902978,0.013607392339361302,0.026808549188497396,0.041765754370970014,0.04230889413678013,0.04045527724127454
10.358599600533706,31527,0.043273621331445,0.013362297011321893,0.02604685156331421,0.04122410514507549,0.04223428636898413,0.03990299894339536
10.360120947218691,31575,0.0418493171762318,0.013116309263738277,0.025298047165754248,0.040697408822978426,0.04155813547523941,0.04351357737768473
10.361671604976522,31624,0.047761543297555,0.012864752486802385,0.024547790605758006,0.04013846236834406,0.040307853124183515,0.04555994363184501
10.363219861917235,31673,0.0352118470886699,0.012613228429025595,0.023812562356093442,0.039510833175387,0.03877993760723595,0.03879415800538644
10.364734201103053,31721,0.0391246161387329,0.012367332555651674,0.023107511309519907,0.03878016227267152,0.037342161257931605,0.03678086840421901
10.366277727263562,31770,0.0365011380696554,0.012117287593760998,0.022403775007202732,0.03786891483699181,0.03613847679797776,0.03596004463063686
10.367818874622332,31819,0.0293988932071196,0.011868694151715046,0.021716642197952336,0.03675307275448371,0.03519155120544114,0.030325182511987542
10.369357650500255,31868,0.0328522556691341,0.01162201682219761,0.021046480996527006,0.035410913324992355,0.03432223255567452,0.03260302421283579
10.370894062184476,31917,0.0391877972365919,0.011377713000237573,0.020393604175714335,0.03384106680449369,0.03332315423686643,0.03906429677761847
10.3724281169286,31966,0.0366223254468692,0.011136232089864423,0.019758283859495962,0.0320641920824595,0.03210287532158208,0.03533102833252971
10.373959821952903,32015,0.0318607713430723,0.010898014736960001,0.01914076559568608,0.03012170687314591,0.030728388398617426,0.03102223639442829
10.375489184444536,32064,0.027592616898244,0.010663492089342468,0.018541281659172768,0.028071666802194847,0.02933195786992336,0.028603319523789722
10.377016211557724,32113,0.0229604654024546,0.010433085085050788,0.01796006345293146,0.025982404410614574,0.027959098145839627,0.024011749642896315
10.378572002524349,32163,0.0213777848541002,0.010202643884842405,0.017386063505337154,0.023883773913849,0.026448839619237864,0.024690409290832792
10.380094332915435,32212,0.0287376899153299,0.009981791317709234,0.01684250927023831,0.02192691695267167,0.024617198666088018,0.028202815150454433
10.38161434933888,32261,0.0231240921076098,0.009766257026917463,0.01631802421983501,0.02012392982877223,0.022288976638962274,0.023972109506068016
10.383163008509824,32311,0.0186695125347263,0.009552193627917838,0.015802836024389075,0.018483171232757663,0.019561595218048067,0.019051182307014806
10.38470927304354,32361,0.0174775221512894,0.009344438770595471,0.01530824721958393,0.017066029116774784,0.01695292305941511,0.017723175081763742
10.386222296135593,32410,0.0149573392592364,0.009147313604407011,0.014843971672187494,0.01589887580883718,0.014986176188220169,0.015226047245036997
10.387763841068582,32460,0.0138465317671629,0.008953118241261505,0.014391560465044537,0.01492406638624386,0.013766336657270076,0.013043624783954152
10.389303013297951,32510,0.0130214147095925,0.008766279518071025,0.013961269568778564,0.014146748961059712,0.013201242874725832,0.012868151199990758
10.390839820116476,32560,0.013062399943356,0.008587116859072891,0.013553728710877438,0.013539741932212374,0.013031783625097233,0.01325234580253407
10.392374268783366,32610,0.0136341671194592,0.008415932717300949,0.013169627788191567,0.013073952220257486,0.01302835359102033,0.013391520837474254
10.393906366524456,32660,0.0133675076364917,0.008253012182029314,0.012809714692717751,0.012721860202109032,0.01300184133752567,0.01370052275604065
10.39543612053243,32710,0.0129162935007797,0.008098622624741748,0.012474791666124054,0.01245997655510665,0.012842398676789445,0.013351273884352852
10.396963537967006,32760,0.012371371066251,0.007953013383672564,0.012165710244581872,0.012270322989816309,0.012590885640454165,0.012386821534486489
10.398519104003336,32811,0.0123045181695488,0.007813776935382405,0.011877997002460484,0.012139094797862082,0.012377385350602836,0.012264804398080743
10.400041823264546,32861,0.0124265958732761,0.007686589377487277,0.01162388036887044,0.012065858306185877,0.012282570128557938,0.012382090707062109
10.401592611892738,32912,0.0124099714823367,0.0075665650559353535,0.01139419428026984,0.012048013399815212,0.012268292745182825,0.012344298257224044
10.403110661794123,32962,0.0124883748301718,0.0074585879719780744,0.011198935432057262,0.012091421645143065,0.012278867710806773,0.0123606434939087
10.404656702268806,33013,0.0125071144596523,0.007358500872485243,0.011031315086538243,0.01220637545329233,0.012297256884609163,0.012489957038731864
10.406200356191569,33064,0.012652606616631,0.007268705764929657,0.010896575727376893,0.0124022780796633,0.012393174140793807,0.012402837619901984
10.407711432667556,33114,0.013363338940664,0.007190781576714124,0.010797374221200749,0.012680349076886754,0.012759981932488701,0.01341707696776533
10.409250381959655,33165,0.014569859533091,0.007121712354585608,0.010730704120688097,0.013054388568608799,0.013601306457907528,0.014173015644469707
10.41078696652556,33216,0.0149623340142974,0.007063241194012848,0.010699814053631445,0.013514821756307149,0.014752094531227434,0.014933390317011495
10.412321193621326,33267,0.0153939387948627,0.007015429563911968,0.010705569655427167,0.014047314095412038,0.015646618191849766,0.015839528331961984
10.413853070469662,33318,0.0163460978051157,0.0069783183605138304,0.010748758087775291,0.014627823056304959,0.015822974450958028,0.014989346774925626
10.41541257174542,33370,0.0146619125169308,0.006951517794985051,0.010832052871706799,0.015235687948360365,0.015391291563659912,0.015032773580414301
10.416939723904,33421,0.0154747267748464,0.006936058676297149,0.010952844765075458,0.015809593814224664,0.014916488767706482,0.01570021032471318
10.418464547424596,33472,0.0154896894852105,0.006931300256645668,0.011112821035522897,0.01632331341861054,0.014872843021086168,0.014780790626098137
10.420016879218796,33524,0.0150824224728687,0.006937424472779923,0.011316615175664384,0.016750469611349354,0.015548029435942488,0.015267458150259408
10.42153702139144,33575,0.0180486067338157,0.006954135122252114,0.011556567335938597,0.017049727188645336,0.016976310760019306,0.018055914358391614
10.423084594689206,33627,0.0206239247330468,0.0069820050833901215,0.011842101382918168,0.017220036468491073,0.0187974461705989,0.019453837744144074
10.424600084170256,33678,0.0206253389976709,0.007019862783600819,0.012162073028736587,0.017256218277123543,0.019989645929256505,0.019671765001849237
10.426142928055697,33730,0.0213482829497891,0.007069071155750658,0.012528673202575096,0.01717453062503607,0.019755972080920406,0.019377262715080782
10.42768339524029,33782,0.0174830294176473,0.007128848763033277,0.012935457271611404,0.016999007228259547,0.018196740137141374,0.01765139166147506
10.429221493035238,33834,0.0164310760069753,0.007199033661623544,0.013381648625071178,0.01676266159372597,0.016309087661123555,0.01643027510942776
10.430757228718052,33886,0.0150755419847399,0.007279445422945042,0.0138662536745154,0.016501055326156193,0.014997734984633707,0.015224525461556077
10.432290609532773,33938,0.0146850514817361,0.007369885674638413,0.01438805825316282,0.016248353422670635,0.014548605608631558,0.014398802385766251
10.433821642690162,33990,0.015081145389007,0.0074701386684073055,0.014945625969530663,0.016034561283245027,0.014890626399619541,0.015592297645339297
10.435350335367918,34042,0.0174787963695484,0.007579971873198633,0.01553729857314953,0.015884233777066152,0.015839852855754993,0.017057954034485578
10.436906024954752,34095,0.0186433621943201,0.007701517954525173,0.01617349881553023,0.01581613513601006,0.016987578647650263,0.016572840400807816
10.438430013409498,34147,0.0164320306394741,0.00782992164646754,0.016828090752232523,0.01584769937221879,0.017666289147780984,0.016649400117620207
10.439951682857124,34199,0.0164349171658537,0.007967108030222856,0.017510469871535934,0.01598802298646399,0.01757682206525894,0.017000912716906222
10.441500236146082,34252,0.0159564221124842,0.008115666205631604,0.018231970613076742,0.016251787566240364,0.016959128516519394,0.016563634234074316
10.443046395124991,34305,0.0174805149698352,0.008272717919159074,0.018976880811165914,0.016643315564618167,0.01638648424021953,0.01691289075611939
10.444561061459837,34357,0.0174810336716326,0.00843473375377644,0.019727547739872738,0.017153101616511218,0.01630389107810328,0.017992284468514048
10.446102498791523,34410,0.019266138677766,0.008607598782225348,0.02050967597864993,0.017795940354438128,0.016900990031035238,0.01845482673404666
10.447641563750562,34463,0.018643352051214,0.008787909339107974,0.021305638830853783,0.018549837946753037,0.018163761729420344,0.017631752220691774
10.449178263628198,34516,0.0169446860751626,0.008975290224226848,0.022111924736259295,0.019391288068445953,0.01982758435859384,0.017299059132705134
10.450712605682124,34569,0.0206025134475872,0.009169355733846907,0.022924904850628876,0.02028651636509602,0.021446260273044842,0.02033683660549359
10.452244597136676,34622,0.0252960533237255,0.009369710505083999,0.02374085524050203,0.021193087659196794,0.022651322471404417,0.024041702655480675
10.453774245183032,34675,0.0206013760468388,0.009575950367140085,0.024555980225166158,0.022063312155259515,0.02337159539314383,0.023475809752408205
10.45530155697943,34728,0.0252963040838014,0.009787663197637906,0.02536643664450921,0.022849048699284658,0.023781683601561042,0.024891867596151387
10.456855290567788,34782,0.0270914448042556,0.010008565551471608,0.02618338238227021,0.023518118229826607,0.024076284980309663,0.028769777408560706
10.45837790746422,34835,0.0252964437583449,0.010230043646708185,0.02697263664830532,0.024012408812815716,0.024275525685349113,0.025008401874579814
10.459926872262477,34889,0.0199130646412317,0.010460006396165268,0.02775999046683116,0.024331410303186564,0.024261299878883293,0.019252221752895964
10.461444823034387,34942,0.0205967071104197,0.01068949435180555,0.02851244478586046,0.02446151698596582,0.02391752401538099,0.019985369869775345
10.462989048226156,34996,0.025306591813084,0.010926710155651024,0.029254543870047556,0.024423188106273846,0.023291110960660038,0.025662779081009904
10.464530892462736,35050,0.0271296012015399,0.01116689110248694,0.02996808709424266,0.024243589616639506,0.02265128746598074,0.02783482169310056
10.466070363074955,35104,0.022853045355495,0.011409567763974376,0.030649416254585123,0.023965986370353073,0.02232320279353265,0.023755133059245134
10.467607467359835,35158,0.0213392702441917,0.011654269574292365,0.03129503810997474,0.023640938897412127,0.02250754350970564,0.021773678451493462
10.469142212580795,35212,0.0228700992975992,0.011900525738634416,0.03190164830728976,0.023321739663165,0.02317429411134712,0.022589359591775573
10.470674605967869,35266,0.0228778836141566,0.012147866129659806,0.03246615374493916,0.023060682147836555,0.0240563540253233,0.02135343005517064
10.472204654717896,35320,0.0228842162352732,0.0123958221703597,0.03298569317183976,0.022906636851639316,0.024771845021926833,0.02245091460062763
10.47373236599474,35374,0.0291362371351463,0.012643927701879687,0.033457655840430395,0.022904030419043386,0.025067188047740434,0.028378414479316487
10.475257746929474,35428,0.0272127831585362,0.012891719834870079,0.03387969805551068,0.023092955667440858,0.025014401955295733,0.028313245289575302
10.476808987527663,35483,0.0236933732766813,0.013143304055874144,0.0342561085110246,0.02351995284821248,0.024976406067218796,0.024143165875197124
10.478329686215536,35537,0.0272280855092605,0.013389071000376769,0.03457140597657051,0.02420340633519562,0.025372184598827344,0.02513216774243953
10.479876172485875,35592,0.0254122886137242,0.013637656897385404,0.03483574835344039,0.02520007912310455,0.026436042408235008,0.026494331214835447
10.481420270828858,35647,0.0281935006730995,0.013884031011731978,0.03504157217892092,0.02652711483127964,0.02802391588952303,0.02694794972173724
10.482933978579906,35701,0.0263226548096483,0.014123330221734226,0.03518587493718887,0.02817058332381367,0.029613726388247042,0.029577265655405784
10.484473366207745,35756,0.0357093335017874,0.014363974134254467,0.03527347292798449,0.030199784916821532,0.030694261545305662,0.030014747559918356
10.486010387763148,35811,0.0292258084119014,0.014601064838623654,0.0353009524615746,0.0325805578939716,0.031024641813789715,0.03070519945364205
10.48754505050837,35866,0.0346247858427355,0.014834171597233662,0.03526845082448082,0.035286222805399683,0.03104959740284109,0.03362974606339873
10.489077361672273,35921,0.0324366442110431,0.015062874484262318,0.035176436053982976,0.03826742587994822,0.03172482568613545,0.032373860355982505
10.490607328450544,35976,0.0314141669873063,0.015286765065051732,0.03502569846842442,0.04145108949813695,0.03413464492993675,0.03359298123917235
10.492162711499365,36032,0.0448990506985663,0.015509372460133154,0.034813026398392725,0.04480188701895692,0.0392586338446428,0.04120088010740176
10.493687968662185,36087,0.0422641213827985,0.01572235715498136,0.034547439315981546,0.048084304454691196,0.04712724924936956,0.044668779304638986
10.495238571215705,36143,0.0522967599543433,0.0159330793385515,0.03422103510958234,0.05128618785555925,0.056967277547339615,0.05161211282073563
10.496759147668817,36198,0.0637593579201345,0.016133651883080323,0.03384745730687305,0.05416037770833547,0.06597051075511486,0.06855057556464947
10.498304999022864,36254,0.0747338770925703,0.01633101334907531,0.033415414879677294,0.05668012489934638,0.07145893729498451,0.07551777076075397
10.499820923406714,36309,0.074903129887055,0.01651778382569083,0.03294280922288212,0.058640908082899776,0.07154088962393179,0.07194062771509771
10.50136205258864,36365,0.064180248931444,0.016700431742452775,0.03241520116554824,0.06001881716708095,0.06686819783136111,0.0697093080259273
10.502900810345617,36421,0.0609123680288169,0.016875184182818227,0.031843730596420886,0.060705326274292704,0.05994324955622595,0.060951595378103754
10.504437203964528,36477,0.0545472434410163,0.017041747226758285,0.031231550384560325,0.06066560645439878,0.05361953088314399,0.0500706404584364
10.505971240698727,36533,0.040222595194736,0.017199844692540954,0.030581958272017522,0.0598990626786519,0.04974481821672393,0.04575026879651775
10.507502927768234,36589,0.0501894279918925,0.017349218470984543,0.029898370605608605,0.058437872591358686,0.04883367353998187,0.047239983713292605
10.509032272359953,36645,0.0565391339830438,0.017489628820648948,0.029184295978751915,0.05634320569710635,0.05029146485672634,0.0546239801490679
10.51058652847062,36702,0.053470459237429,0.017623113207795027,0.028429854591825614,0.053648097839799,0.05272056661732061,0.059493362690684115
10.51211116802542,36758,0.0551569589199795,0.01774478284470767,0.027665187092413127,0.05055021313901498,0.054126847670176295,0.054184827143524406
10.513633486592669,36814,0.0475804434116672,0.017856879304584898,0.026880916692929843,0.04711831208517099,0.052994148533662605,0.04894085601316245
10.515180613182055,36871,0.0462114399758358,0.01796097728258564,0.026066249806525693,0.04340027484496918,0.048792848152826945,0.045916481083918104
10.516725349867771,36928,0.0393644731021434,0.01805483535436362,0.02523880549033547,0.0395719970106915,0.04244972514936274,0.0415883453741556
10.518240665668062,36984,0.0355638049510993,0.01813694744467155,0.02441703774643532,0.035808710529341294,0.03574723781576843,0.03782281621187248
10.519780686235851,37041,0.0308579740867116,0.01821013690097066,0.02357518378467373,0.03207057822490257,0.02986680757120849,0.03154685667228706
10.521318338786624,37098,0.0226921168841312,0.018272755858639998,0.022731384675150332,0.028505794866977574,0.02559820131700485,0.024811715825840765
10.52285363059157,37155,0.0236379328227201,0.01832473477482167,0.021889052221136945,0.025178343662023893,0.022868699546855022,0.02313490872431095
10.524386568888447,37212,0.02182139069026,0.01836602473251193,0.02105145641947406,0.02213522188697292,0.021179375079933782,0.022566902679589645
10.525917160881786,37269,0.0184683907107445,0.01839659731279953,0.020221709402726377,0.019407072461461703,0.01990462836532969,0.01977095933000654
10.527472204361002,37327,0.0162299786803597,0.018416696934078377,0.0193884967372022,0.016970383074597407,0.018498613541423264,0.017413573426752586
10.528998084380262,37384,0.0162325785096609,0.018425642906173625,0.018583344552650517,0.014911317919777019,0.016775965852449153,0.01575806547977187
10.530521639636548,37441,0.014242348923,0.018423908137667106,0.01779434186975903,0.01317560471161015,0.01481559679041974,0.014695298701652402
10.532069544936274,37499,0.0148816398988313,0.01841123315743433,0.01701050472591354,0.011722173081392586,0.012873421707028033,0.01392647544850328
10.533615057927772,37557,0.0124994533382653,0.018387628398253596,0.016248085601706104,0.010557332745285739,0.011251433386239061,0.012250676573548752
10.535131600502025,37614,0.0125150550841771,0.01835387435224137,0.015521646284608873,0.00966261369571808,0.010067730475561849,0.010739931253472685
10.536672391923393,37672,0.008470874757532,0.018308900328189,0.014807472026546777,0.008972123382080421,0.009231924429420616,0.00915106748589509
10.538210812958356,37730,0.008803234795154,0.0182533400451024,0.014120084258222228,0.00846799890765829,0.008657612323491548,0.007820334162329622
10.539746870889026,37788,0.0075491298996703,0.018187347193429997,0.01346082064399072,0.008115893742156006,0.008247537301913998,0.007917155900769511
10.541280572963997,37846,0.0083347227684469,0.01811109400875493,0.012830789771022253,0.007884548326060128,0.007948059934984958,0.00863013671481792
10.542811926398567,37904,0.0095243820338881,0.01802477074688485,0.012230875449171529,0.0077471718897217535,0.007740399226684896,0.00819631158400978
10.54434093837494,37962,0.007544867845669,0.017928585131779473,0.011661742502413416,0.007682334108911726,0.007616386073608928,0.007799004034662716
10.545893917642871,38021,0.0074930096209907,0.017820854118260593,0.01111484546816208,0.007674557381990442,0.0075638123483342855,0.007703240739329218
10.547418228056287,38079,0.0076161895022221,0.017705474119889094,0.010608974629714525,0.007713545393724888,0.007571904659495783,0.007498487192453434
10.548966439394572,38138,0.0076431054657959,0.01757873305519899,0.01012674043026738,0.007794354426860677,0.007637129002346683,0.007566100938923982
10.550486077070094,38196,0.0082484053835697,0.017445203117013544,0.009684355201326725,0.007910929878741719,0.00776864436397546,0.007885401377169232
10.552029549665953,38255,0.0079330654900467,0.017300577073672156,0.009266246489545549,0.008064796197190952,0.008002397933699466,0.008131603669803658
10.553570643625047,38314,0.008744340458058,0.01714739625789235,0.008879824117436142,0.008250524014487169,0.008389307207371797,0.008725284143593345
10.555083305937838,38372,0.0099657836982338,0.016988792840489257,0.008530206991872725,0.008457570098328985,0.00897292149479317,0.009304694821769273
10.556619704557836,38431,0.008806457595755,0.016819635708894887,0.008204557431107533,0.008682124583011425,0.00977425399164614,0.009650117793711045
10.558153746277792,38490,0.0111502053449286,0.016642945601203316,0.007908242448619755,0.008905095844150196,0.010644582207485178,0.010855854872170492
10.559711378991476,38550,0.0111512869382068,0.01645591318245406,0.007635919230333978,0.009110025816560393,0.011284017009466268,0.011153309127302113
10.561240688896971,38609,0.0099974569180579,0.016265155442207118,0.007395509544538078,0.009268232120515868,0.011346682432623467,0.01053605589201224
10.562767663584497,38668,0.0107417862334982,0.016068001971893914,0.007181011074378823,0.009362681193957625,0.010775526180622818,0.011409181659930113
10.56431813161953,38728,0.0103580575285298,0.01586135627969476,0.006988110220761248,0.009376311439013928,0.009829705607452069,0.010898959176105213
10.565840417922663,38787,0.0088326957226296,0.01565251666829388,0.006821859170960754,0.009299424300790726,0.008957076133487191,0.008714969514323627
10.567386132736948,38847,0.0082332173324026,0.015434830882096164,0.0066751661001190985,0.009130291286135708,0.00837778820675508,0.008130480076945596
10.568903759357765,38906,0.0082416913074042,0.015215979310992769,0.006551464115421987,0.008886758083656134,0.008103336750699519,0.008202039700593751
10.570444750005832,38966,0.0084212437346193,0.014988982932237577,0.0064450499019118234,0.008584150803380562,0.007999909136445202,0.008282478871744613
10.571983369654944,39026,0.0082487044626394,0.01475796222643376,0.006356652308065423,0.00825867100989559,0.007948645383207352,0.008429884723470008
10.573519625590022,39086,0.0082497500850313,0.014523372258597412,0.006284736114606654,0.00794756561673332,0.007855647948766514,0.00790067024400429
10.575053525062469,39146,0.0078369407269313,0.01428567135888174,0.006227781466035696,0.007687129666819129,0.007710673058456463,0.007700658464049381
10.576585075290367,39206,0.0077463251654446,0.01404532021829127,0.0061842944300349,0.007506853518707195,0.00760949643223277,0.007693451137308672
10.578114283458694,39266,0.0078164377412229,0.013802780992292683,0.006152816722915744,0.007424274323830659,0.007628297697515196,0.007715107323013205
10.57966658486592,39327,0.0078744476529353,0.013554433354867203,0.006131668481728306,0.007442623337641531,0.007701055693012857,0.007779013552445143
10.58119109160222,39387,0.0078097914517573,0.013308888722688822,0.006120163375296327,0.007546829207950182,0.007714938964195833,0.007773219227164594
10.582738627903964,39448,0.0078195730641674,0.013058440368024246,0.006116569891722469,0.007710664248705253,0.007689404434756076,0.0077845065168806234
10.584258462028018,39508,0.007860771107168,0.012811765311081844,0.006119754757920707,0.007890045406400606,0.007703761754332958,0.007818277208665065
10.585801262389678,39569,0.0085122266098462,0.012561114024553692,0.006128619895638639,0.008048765427116432,0.007731031231141767,0.007995792998139442
10.58734168618448,39630,0.0078967456298131,0.012311071849205275,0.0061420250482600615,0.0081468069257453,0.007738401081609159,0.00782493360306093
10.588879740723009,39691,0.0078891867320538,0.012062109565748968,0.0061589152541079925,0.008160737580304372,0.007896862830873569,0.007843322709682864
10.590390276998743,39751,0.0082555026931321,0.01181873340965,0.006177990290421348,0.008088397759202347,0.008385891734663701,0.00835937085861824
10.59194877110536,39813,0.0092522337098098,0.011569278697936872,0.006199375393694622,0.007941907838072824,0.009023382292111247,0.009523124347299202
10.593479761402772,39874,0.0092621767427795,0.011326320127946064,0.006221285833234896,0.007764413625739,0.009229451163591898,0.009006847129293317
10.59500841135149,39935,0.0092801176696323,0.011086259903271525,0.006243364444386177,0.007605461846814378,0.008768597871656963,0.008837366783412416
10.59653472809574,39996,0.0088153468548627,0.010849532533862042,0.006265013082147681,0.007521038695681936,0.008057341418854943,0.008653756093860057
10.598083682861178,40058,0.0078941213087276,0.0106127774751757,0.00628605477073578,0.007562657467631478,0.007742404227310075,0.007842232857934023
10.599605316540906,40119,0.0087525456468391,0.010384052346629681,0.006305389862000983,0.007761863639137458,0.008058217776269888,0.008431620835885773
10.601149526063208,40181,0.0097812577510711,0.010156276157665187,0.006323314236800272,0.008132452173046307,0.008717475205303842,0.009110839042423125
10.602691354678605,40243,0.0089752556329777,0.009933646097442416,0.006339246258928507,0.008649015238005955,0.009331861297837887,0.009482951353691994
10.604205998592391,40304,0.0092204109248393,0.009720016202659864,0.006352816455987476,0.009248210114979847,0.00976409324071194,0.00974444985620628
10.605743125460064,40366,0.010443701314468,0.009508762275749046,0.006364388382133724,0.009875279816654895,0.01011333825088926,0.010383398825355498
10.607277893194553,40428,0.0116226184440988,0.009303803350391411,0.006373717107761677,0.010435093790942545,0.010476995967188126,0.010824206030984794
10.608835006177392,40491,0.0104464977705242,0.009102353773733614,0.006380969177103312,0.010850717559265243,0.010855241407389579,0.009864722881287655
10.610365039544332,40553,0.0097846917856549,0.00891115445637464,0.006386052318511523,0.011044842262832517,0.011106798241930445,0.009876688095624675
10.611892735485052,40615,0.0125473792494805,0.00872727841465714,0.0063892965241596315,0.010992733046247448,0.01109110385451646,0.012148853300609283
10.61341810113042,40677,0.0141127754915273,0.008551034715872827,0.006390953827738767,0.01069846835667584,0.010780449815556106,0.013654036324824044
10.614965689780798,40740,0.0116489598718357,0.00838006751068345,0.0063913210041359435,0.010193648168728949,0.010290724803145909,0.011535299334085657
10.616510887100864,40803,0.0087341071892515,0.00821757173562446,0.006390715910478054,0.009555814213973631,0.009800970655444798,0.008786175252682476
10.618029229950228,40865,0.0083545801814908,0.008066188836613053,0.006389551582026335,0.00888932186924415,0.009406877403272357,0.008046799765935997
10.61956970437857,40928,0.0092121603365992,0.00792128408567156,0.006388203362894524,0.008267908600145589,0.009064552497940786,0.008923782887029032
10.621107809394994,40991,0.0101123556910031,0.00778560222799358,0.006387123278350589,0.00778500171372977,0.008684316703076466,0.010204530822898378
10.622643552277124,41054,0.0097879525530375,0.007659357031451657,0.006386758356593749,0.007495836510754196,0.008217992844182712,0.009052845744619458
10.624176940269097,41117,0.0085321025403073,0.007542742796249095,0.00638755749603566,0.007420000801374644,0.007784091660152969,0.007925055943282442
10.62570798058178,41180,0.0079907614875647,0.007435934194726091,0.006389963214280268,0.0075402440112771465,0.00765949705516806,0.007898559415420314
10.62723668039297,41243,0.008590610912544,0.007339086150777094,0.0063944035714177064,0.007808179880468456,0.008074421148492685,0.008985171804848865
10.62878725611248,41307,0.0093197283509287,0.0072510387831109455,0.00640141532643033,0.008161160048714523,0.008993237170058744,0.008713678519307693
10.630311259455455,41370,0.0096305007566985,0.007174660162485846,0.0064111600946724235,0.008512843833812013,0.010035397539734349,0.008954713485665202
10.631857078805837,41434,0.0114624539878144,0.007107623904057974,0.006424297561794329,0.00880600572743171,0.01081495787262385,0.011659633304632438
10.633376414449176,41497,0.0144650496392331,0.007052100914839483,0.006440715834324267,0.008984219396511185,0.011083460151555955,0.012337276548554864
10.634917506521376,41561,0.009396369796059,0.007006385575558267,0.006461189543928468,0.009031476127384103,0.010862621715262455,0.010473464791002108
10.636456227282745,41625,0.0091531237666248,0.006971480080781963,0.006485685628902265,0.00894945334405284,0.010293571241510913,0.009697026418379778
10.63799258401964,41689,0.0097620833951431,0.006947400627375917,0.006514339976234785,0.00876620471393603,0.009549555448154801,0.009096562518856066
10.639526583984887,41753,0.0089775012081189,0.006934142814820269,0.006547221573085777,0.0085234102741697,0.008789902885972832,0.00922644888199361
10.641058234397995,41817,0.0098567866118982,0.006931681873837121,0.006584329685959692,0.008266036447487165,0.008163840548276655,0.009293641050204039
10.642587542445344,41881,0.0078188723272598,0.006939972930738385,0.0066255921536878485,0.008033111744465906,0.007789023056628409,0.007850093099642236
10.64413835574004,41946,0.0079843316910133,0.0069593322194372725,0.006671603015102255,0.007849209603007114,0.007696190564568542,0.007925581904894853
10.645662964163428,42010,0.0079493083472449,0.006989078666068329,0.006720727846561129,0.0077326616018007785,0.007800431122359925,0.007849621203251923
10.647209019059009,42075,0.0079974710279846,0.007030034748199077,0.006774206426252505,0.00767956770396241,0.007949946745879016,0.008042359438725954
10.648728956654208,42139,0.0086313266436277,0.00708081627386898,0.006830036761709356,0.007682738242912203,0.008028031958541036,0.00842080240782791
10.650270282261983,42204,0.00816561327276,0.007142864523126895,0.006889536001929883,0.007729919775429905,0.00802774677163436,0.008022941650367842
10.651809235840728,42269,0.0082518360238874,0.007215301665504818,0.006951364738363069,0.007810174135714929,0.008023214653451433,0.008177286908458379
10.653345824680116,42334,0.0082379052468181,0.007297942925551335,0.007014981504500362,0.007915935720071312,0.0081101804454468,0.00817774440898132
10.65488005603626,42399,0.0084595904063365,0.007390585639659775,0.007079803832424376,0.008043363593955778,0.008349174492320779,0.008286681676178438
10.656411937131931,42464,0.0085925217695503,0.00749300983198589,0.007145219028303291,0.008190407074344364,0.008737589507504067,0.008806178671840652
10.657941475156765,42529,0.0092854017825585,0.007604978815498865,0.007210596206881073,0.008354239782197964,0.009197921805133433,0.009472811384582492
10.659492154476942,42595,0.0096937443866664,0.0077281765592255875,0.007276286330400542,0.008532305084949947,0.009594176419650215,0.00968701292760118
10.661016992025342,42660,0.0095161762001737,0.007858598018712226,0.0073396641608644226,0.00871160554864213,0.009769566216069375,0.009694112101557802
10.66256291321018,42726,0.0095434248811985,0.007999963413755713,0.00740205752204815,0.008890359169562753,0.009684986014204564,0.009921136790058334
10.66408307908404,42791,0.0097709924668233,0.00814768773024809,0.0074610070131869944,0.009060776028354168,0.009469005102664348,0.009874057750200753
10.665624271244136,42857,0.009476881202147,0.008305995001655093,0.007517804942855658,0.00923505240830693,0.009368456346842004,0.00941944541010228
10.667163091785612,42923,0.0100795218227559,0.008472338883562342,0.00757107251984553,0.009429621584968162,0.009621869653818628,0.009981182945597387
10.66869954799624,42989,0.0102913999310271,0.008646367966149598,0.0076204538632909016,0.009674515857608762,0.010319414961999292,0.010359495813613255
10.670233647130264,43055,0.0109325491852451,0.00882771899473355,0.007665705710878264,0.010004865734510598,0.011395606874823903,0.010895036532078609
10.671765396408588,43121,0.0122964295708819,0.009016017685659326,0.007706714217673254,0.010451047661698685,0.012696952594706185,0.012866449873075739
10.673294803018983,43187,0.0141960003194074,0.00921087955204003,0.007743510866447891,0.011026931485716616,0.014028041454984933,0.014791688276964109
10.674821874116294,43253,0.0155913860572277,0.009411910737594972,0.007776287185589239,0.011719397750527062,0.01514123439759685,0.015298200011887747
10.676369701114927,43320,0.0171747765056419,0.009621884403284993,0.007805823679405257,0.01249428749567021,0.01574251629273518,0.015967005788550814
10.677892087403007,43386,0.0147073160838971,0.00983411736095582,0.00783179659053281,0.01325020432741199,0.015571792474733183,0.014964916144945486
10.67943517318922,43453,0.0147181306488485,0.010054610077353476,0.007855764321190317,0.01390839738554551,0.014635472857690917,0.01338521459228101
10.680975881529823,43520,0.0128335853077574,0.01027974446844193,0.007878304260596877,0.014350778452059556,0.01329223793298147,0.014433972622259778
10.682514219739447,43587,0.0139051908639068,0.010509072566679921,0.007900627841346089,0.014490898637197778,0.012061896900147069,0.014196302703559219
10.684050195099022,43654,0.0110358111126363,0.010742141887453217,0.007924166468773709,0.014285016442722563,0.011274481324426922,0.010975648964415517
10.685583814855978,43721,0.0106596952750821,0.010978496338048569,0.007950569876513812,0.013748579611959567,0.010926703921920702,0.010596491269561765
10.687115086224448,43788,0.0111921148182266,0.011217677121042186,0.007981701036187153,0.012961638403632373,0.010855161196673228,0.011043639604749137
10.68864401638548,43855,0.0122582709419951,0.011459223630457385,0.008019627501387395,0.012060702507542997,0.010934273392854639,0.011682140883201646
10.690193379861592,43923,0.0115560393618343,0.011706320005645988,0.008067391103735916,0.011206377911971814,0.0110539672198136,0.011225207792325165
10.691717614342766,43990,0.01084367210794,0.011951231380863899,0.008126054841123751,0.010602559537839125,0.011039918428788546,0.010826999285665755
10.693262226679666,44058,0.0107269873445982,0.012200792759628019,0.008200049745438517,0.010383188845376316,0.01080774759077521,0.01072210342502779
10.694781794235595,44125,0.0107374824002274,0.01244719934504351,0.008289962857631401,0.010643513862881235,0.01057866483004701,0.010872156841462963
10.696321684483047,44193,0.0107316354870381,0.012697335163338267,0.008401407400441395,0.011400499684873276,0.010761665720499039,0.010658436133942536
10.697859207113927,44261,0.0127375751881081,0.012947051533825386,0.0085362223265228,0.012576665087595224,0.011586614039803489,0.012836790796756613
10.699394369397588,44329,0.0154285842277561,0.013195879192600188,0.008697499869077372,0.014020445153500788,0.012863423983997178,0.014520149355709503
10.700927178569955,44397,0.013404169586016,0.0134433541438591,0.008888340499634498,0.015533755663976672,0.014197637828406157,0.013284619583997462
10.70245764183374,44465,0.0141560852476824,0.013689018482472892,0.009111812585983994,0.016908462754077813,0.015352800221386843,0.014440701843279103
10.704008221364402,44534,0.0164230551812659,0.013935981539669422,0.00937500077302517,0.017976146708584665,0.016397689216359992,0.016261498257307057
10.705533980052063,44602,0.018648610989765,0.014176636229091724,0.009673186589420749,0.01858167224627574,0.01750645357647649,0.017182594774295984
10.707079800484667,44671,0.0212446160726098,0.014417611833079085,0.010017937959506396,0.01869429635894715,0.018835050334185748,0.019752267534569004
10.708600883430892,44739,0.0212684155324762,0.014651492740234407,0.010401793593586232,0.01834112324802331,0.020204996758777002,0.02085619758374352
10.710141973889668,44808,0.0212869448205548,0.01488472877004994,0.010838361499501056,0.017608066026766178,0.021209579646387016,0.021386719774397225
10.71168069304257,44877,0.024264716012061,0.015113429592520248,0.011324363256038507,0.016635088831805873,0.021262599191317906,0.022991243769705395
10.713217048175938,44946,0.0187116151584026,0.015337183878018492,0.011861473347113885,0.015570967190776745,0.02006395175326056,0.01942755870694219
10.714751046542576,45015,0.0145634740059117,0.015555592800672246,0.012450964293536308,0.014547969204788215,0.017857935347605963,0.015609133848447745
10.716282695361969,45084,0.0170168599979184,0.015768270661242284,0.013093667334298342,0.013663714343623441,0.015331701229304544,0.015471563282200786
10.717812001820471,45153,0.0130211538808852,0.015974845476413063,0.013789936952694854,0.012975304586815346,0.013195929513473535,0.014142486257508708
10.719361085957813,45223,0.0123826802099541,0.016177810530903995,0.01455087478607906,0.0125002369596392,0.011794187338552576,0.012130601300514752
10.72088569543393,45292,0.0115752996886737,0.016371019859917464,0.01535404045056895,0.012254893276884173,0.011122497264774711,0.011519907856165438
10.722430029140382,45362,0.0109621660790715,0.016559735931156182,0.016221425326060752,0.012232855547125308,0.010952111594566934,0.010913644960347833
10.72394997039761,45431,0.0113499738646373,0.01673825151347599,0.017126403148436206,0.01244822332994812,0.011184085648836193,0.010915358538454708
10.725489582719506,45501,0.0115772717299094,0.01691143630451883,0.01809272677014096,0.012941131472128168,0.011896863197391265,0.011974646744172177
10.727026828278731,45571,0.0130473488272648,0.01707635666512723,0.01910452510143039,0.013761528729294367,0.013228141584758582,0.012852403874563162
10.72856171434071,45641,0.0165505106013924,0.01723273953032187,0.020158078319114897,0.014964479423165877,0.015227281824853063,0.015370854598426477
10.730094248137464,45711,0.01946879270125,0.01738033003839918,0.0212490762393134,0.016589249906642477,0.017785256367651762,0.019971559108215405
10.731624436867817,45781,0.0182483449844315,0.017518891819008987,0.022372640441844654,0.018639121180909678,0.0206676899082345,0.01999155013628819
10.7331740972349,45852,0.0237057550566256,0.017649986627031787,0.02353996132801625,0.021103439429049284,0.023631159389258905,0.022101028633516172
10.734699584051969,45922,0.0278382021034131,0.017769720737016027,0.024712164605384727,0.023807534754159098,0.02631705087613482,0.029905996779236728
10.736244489978564,45993,0.0287352828717408,0.017881330235283915,0.025916161710014814,0.026670475474416252,0.028575137040172657,0.028615682923482454
10.737765303689605,46063,0.0237127252370627,0.017981509393111418,0.027111168275816097,0.02942478953012203,0.030212996133590617,0.02489545343745353
10.739305484260235,46134,0.0325194172051555,0.018072975682053863,0.02832396762547413,0.03195313690895608,0.03129545187206588,0.03148489275409014
10.74084329632214,46205,0.0366509384645016,0.01815410058299409,0.029529785031777164,0.034040228552431634,0.03199624966419608,0.037007852798322555
10.74237874714878,46276,0.0335202994099034,0.018224778547121234,0.030720650867254062,0.035560131703302744,0.03266158218823748,0.03388953971494501
10.74391184398016,46347,0.0296453641565304,0.018284924566445745,0.03188844733573116,0.03645281119329142,0.03365456032876161,0.032980210301161564
10.74544259402304,46418,0.0325203698025203,0.018334474115331303,0.03302498980172461,0.03672941866102329,0.035173920946623714,0.03369773754015446
10.74699251468463,46490,0.0345454717627906,0.01837385493938266,0.03413724268895521,0.036459006541176245,0.037103987476957125,0.03525365763652351
10.748518559837908,46561,0.0388581463933032,0.018401949100715954,0.035186151095917495,0.035776416967014765,0.03881260880232086,0.03954964085486099
10.750063723997084,46633,0.0411478049780099,0.018419544349022002,0.036193145472044684,0.03482218979290255,0.03947414696671274,0.04050892865819932
10.751585093093896,46704,0.0411518100399293,0.018426168605774576,0.0371225672274758,0.03378788189611852,0.038395580776508904,0.039040660772686114
10.753125529855506,46776,0.0377559181948258,0.018422045836681923,0.03799313817657948,0.03280289518856355,0.03558772206161983,0.03744430697848675
10.754663597320985,46848,0.0278103931681277,0.018407064861644104,0.038784214440956054,0.032020179587146196,0.03196615080655228,0.030423974580812772
10.756199302767412,46920,0.025242054189984,0.018381303939390276,0.039489257105446006,0.031551085299207846,0.028855799985818543,0.02617362687611006
10.7577326534384,46992,0.0305700998012232,0.018344861098678784,0.04010234940717704,0.03147946186394133,0.02734893351340102,0.030317803700512486
10.759263656544292,47064,0.0325179503438407,0.018297853741144798,0.04061826649590157,0.03186414776967109,0.028014783696119393,0.031075543185850926
10.760792319262356,47136,0.0260902485661935,0.018240418212668863,0.041032537740766206,0.03274133959927503,0.03089569158415688,0.027625204763947305
10.762339831363017,47209,0.0355924490250267,0.018171697406430445,0.041345036117875364,0.0341475198980269,0.03546200005067045,0.03352181790011298
10.763863802448526,47281,0.0411407446381973,0.018093749043400602,0.041544364357357866,0.03603231647011229,0.040231549160195244,0.04215637451343867
10.765406572342943,47354,0.0377627178107868,0.018004604231142446,0.04163409317780221,0.03840463481136033,0.04369124946619078,0.04230494324842199
10.766946965764298,47427,0.0524347655040479,0.017905491278439156,0.041609657525084054,0.04116058155217597,0.044903660159559,0.04699792141471975
10.768484990022731,47500,0.0459575939706784,0.017796643844993316,0.041471008843953494,0.044178611311168306,0.04444522140733852,0.05126752775966843
10.769999631847137,47572,0.0435183331950407,0.017679996126042458,0.04122329234771536,0.04725618895378463,0.04390119286350208,0.04098384867593515
10.771553960123263,47646,0.0388908609037836,0.017550762811071083,0.04085579517006043,0.0503313116964884,0.044850493996283006,0.037588268558908185
10.773084920418098,47719,0.0472115334453443,0.017414277182051227,0.04038401511019379,0.05307124879961635,0.048100690546044246,0.049637396481740745
10.77461354045589,47792,0.0565557134860359,0.017269151643549537,0.03980754194817739,0.05531809331721818,0.053305280612344755,0.05618716099785544
10.77616071925456,47866,0.0579745646190467,0.0171135379271604,0.039121123622527176,0.05691321761923108,0.05895674313060026,0.05825681347700842
10.777684648363222,47939,0.0684938281409845,0.01695196898610299,0.03834889917794275,0.05768242578343552,0.06263027045123973,0.06877912952516257
10.779227086554634,48013,0.0684967087369883,0.01678036433440959,0.03747620210310283,0.05757491116418005,0.0627689873002342,0.06676874024789292
10.780746353436523,48086,0.0497633751925397,0.016603713659614952,0.03653370730682584,0.05659047584493412,0.05950575405747172,0.052158473065262
10.782284079982702,48160,0.0447180298741084,0.016417546676563984,0.035503458054137155,0.05476604033326535,0.05451246862661921,0.048992398542261374
10.783819445556016,48234,0.052437545459596,0.016224617542668678,0.03440633900187405,0.0522315443988298,0.04992736805526841,0.05170508071258606
10.785352457395266,48308,0.0511258234511085,0.01602532034520254,0.033251342861682694,0.049151235602757117,0.046974753168431076,0.04942093862046591
10.7869037913362,48383,0.0472841322713758,0.015817245370397533,0.03203128321050472,0.04566316405237685,0.04557258612677049,0.04868805616738691
10.78843208572702,48457,0.0460828191962396,0.015606357168298545,0.030788439276036313,0.04205021983758689,0.04463782001767887,0.047385995587732786
10.789958047997803,48531,0.0402286663349602,0.015390339311264547,0.029516648238355814,0.03843953594999536,0.04267244504029687,0.04095939373433591
10.791502259058548,48606,0.0369827458644669,0.015166603747161375,0.028208234881340694,0.034928486487861746,0.03871958878897766,0.03557569713397253
10.793044089207646,48681,0.0291795270679113,0.014938483633592048,0.02689041695119498,0.031676699797749,0.0331717413109284,0.03188679190573444
10.79456303526922,48755,0.0283567587243469,0.014709549947585469,0.025590755632691253,0.02879093011939419,0.027512713317962678,0.027709797758424644
10.796100157055706,48830,0.02508689664006,0.014474067276884904,0.02428379780169367,0.026225668054065527,0.02298662576984357,0.02441565802793559
10.797634919724594,48905,0.0236115080075792,0.01423556420719347,0.02299654951488232,0.024023813811422122,0.02030685985380548,0.021449093042526065
10.799167330506158,48980,0.0189831235468345,0.013994503031899723,0.02173796844632382,0.022163228427059974,0.01934227464555928,0.019396632314400655
10.80071778167154,49056,0.0203043684098948,0.01374809320478303,0.02050046653028845,0.020587116517451487,0.01957893627876282,0.020016619959166166
10.802245479117977,49131,0.0223768266553106,0.01350328833220026,0.019324481058214663,0.019290023804269894,0.020285631433065235,0.020448169023492807
10.803791168782832,49207,0.0160571819898484,0.013254037269784203,0.01818594797589706,0.018186966870817937,0.020663184436029117,0.018605515502073407
10.80531418179946,49282,0.0192923901487208,0.013007366506197469,0.017121234223975657,0.01725944599978818,0.0201292702147151,0.018494325948466173
10.806855139119794,49358,0.0218528409078615,0.012757171431982232,0.016107642613020688,0.016439661718362815,0.018646361657864603,0.020457644702493123
10.808393725543644,49434,0.0194019354259285,0.01250721264386586,0.015164664800192316,0.015704984680436258,0.016706402485327055,0.018979368265259713
10.809929948355467,49510,0.0150257777494312,0.012257961357090891,0.0142962858094153,0.01502838781829491,0.014914981058579014,0.015000117369450446
10.811463814806196,49586,0.013046043905429,0.012009883841705912,0.013505574982039664,0.014392400731310807,0.013625929008782725,0.013240313204366878
10.81299533211345,49662,0.0130987481866897,0.011763440591049563,0.01279468453107081,0.01378904419527115,0.012876159879897063,0.012684171123638854
10.814524507461735,49738,0.0122257619830155,0.011519085512667546,0.012164859776711676,0.013219091918687774,0.012532561937673584,0.012100680164137269
10.816071422478956,49815,0.0119342084550434,0.011274102161397976,0.01160978622228417,0.012684045520038458,0.012438008445266036,0.012261978824382166
10.817595904751215,49891,0.0134716121770127,0.011035296907548175,0.011143376696482701,0.01221144317472389,0.012460382285244131,0.013373809011788716
10.81913807952286,49968,0.0140922754032806,0.010796827170563909,0.01075200343542746,0.011805714045238141,0.012471927965106828,0.013422479981854968
10.82067787965312,50045,0.0115236801141844,0.01056229248412602,0.010440175988524389,0.011490784698035699,0.012350828312680672,0.012147738488359441
10.822195360925887,50121,0.0123312655102525,0.010335078127031331,0.01020756785081025,0.011283557744543487,0.0120467773820301,0.011645958100467813
10.823730464248712,50198,0.0117700165102878,0.010109614587280156,0.010044526223288056,0.011188815545486978,0.011646254774508473,0.011668121090890786
10.825283105044727,50276,0.0115318258131265,0.009886497737989396,0.00994965269857075,0.011215407769093496,0.011404929963613291,0.011603971886538847
10.82681347929128,50353,0.011616268918784,0.009671842041233232,0.009920649077837133,0.011360117175268148,0.01159677177520816,0.011588204419091964
10.828341515070772,50430,0.013484364981414,0.009463128357819924,0.009950746485206809,0.01161338913912526,0.012269326078776135,0.01296849224810544
10.829887018558573,50508,0.0127575049707044,0.00925813282120603,0.010035899355021912,0.011965524512371544,0.013192132546561057,0.013627585700416552
10.831410368639991,50585,0.0135473177993154,0.009062462708523098,0.010168139526326397,0.012388345099102938,0.013968802709750507,0.01332168542651991
10.83295114012053,50663,0.0145050966204535,0.008871377216403822,0.010344836038897947,0.012870821894472733,0.014388144152295135,0.01397899235575581
10.834489541275977,50741,0.0138914937368617,0.008687791058519549,0.010558347556950924,0.013384930053323052,0.014475130391956659,0.014556865352508679
10.836025579388147,50819,0.0145872128680185,0.008512016521434178,0.010802437635722013,0.01390858618971255,0.014432628477562857,0.014429663266124947
10.837559261705373,50897,0.016631384453288,0.008344348734623044,0.011070940538629932,0.014421886927621794,0.014454193715140649,0.015476639619326858
10.839090595442656,50975,0.0143471972416783,0.008185065294277325,0.011357836983349285,0.014907965488805432,0.014628308070499856,0.016016839918917516
10.840619587781932,51053,0.0151156985346448,0.008034425925690074,0.011657323630256209,0.015353427017115947,0.014928077651257643,0.014096072124125272
10.842165803287912,51132,0.0141480054243055,0.007890913509891916,0.011967828599490908,0.01575312749084625,0.015247938754004951,0.013652762702363267
10.843690104456597,51210,0.0152708973465905,0.007758386667061424,0.012276246244680995,0.01609040005092997,0.015455206833840166,0.015801203154887117
10.845231583215275,51289,0.0175033430742097,0.0076336572283638585,0.012585543978538399,0.016370315259465744,0.015497546107027135,0.016714868109840346
10.846770689473884,51368,0.0154318743515217,0.007518676357552987,0.012887214110564375,0.016587197256348007,0.015419532159307572,0.01544128766059371
10.848307430524256,51447,0.0155375460717169,0.00741361656593685,0.013177175198932283,0.016742251065856535,0.015339785378917333,0.015840360005131723
10.849841813624668,51526,0.0152304142968581,0.007318630272336055,0.013451841963850679,0.016838408684104845,0.015383302603612245,0.01632781109020588
10.851373846000032,51605,0.015298617349072,0.007233849728724284,0.013708139311994154,0.016879940975719186,0.015645254181566797,0.014671939594677892
10.852903534842111,51684,0.0146463604324826,0.007159386985377935,0.0139435077634965,0.016872133333065042,0.016188556012875846,0.014536663092042905
10.85445020594156,51764,0.0171151958890014,0.007094590143821104,0.014158434821872092,0.01682011747955769,0.017057733144087317,0.018026448700686287
10.8559751997221,51843,0.0208763349898029,0.0070411514520574425,0.014345990078848323,0.01673180229025999,0.018205655376966192,0.0209291624985894
10.857517130910551,51923,0.0197637775589352,0.006997770821720595,0.014509839822197354,0.01661197308306919,0.019516251907566277,0.019152119414867552
10.8590374583624,52002,0.0177015392584955,0.006965564385110357,0.014645293050721937,0.01647061293213043,0.020638492602180043,0.018667018350130387
10.860574678602852,52082,0.0229325065477312,0.006943728461711517,0.014755621058793335,0.01631111671274724,0.021131900412285666,0.0219325205640015
10.862109539423722,52162,0.0236639619503976,0.00693272978677343,0.014839197372391972,0.016141838221192868,0.02056981221895932,0.02240365706760711
10.86364204805667,52242,0.018311624783655,0.006932539271393809,0.014896658094680833,0.01596890960505999,0.018920786514213417,0.01782717486784068
10.86519132393678,52323,0.0160037952259109,0.006943307628497535,0.014929226024441147,0.015795593320503697,0.01664546556772603,0.015697811688590135
10.866719120578702,52403,0.0144968899665153,0.0069646991164568186,0.01493737676720324,0.01563064920694856,0.01455726449814189,0.015659426455248072
10.868263640225608,52484,0.0138645805001016,0.0069971573795309045,0.01492286935796956,0.015473402188709693,0.013140522665388003,0.01352725898168054
10.869786753763528,52564,0.0118713114178992,0.007039771925489239,0.014887794745073873,0.015329934073192181,0.012501488374035832,0.012028209660738616
10.87132654629086,52645,0.0126080650825617,0.007093477932306335,0.014833197003549483,0.015197613521775327,0.012461360240737598,0.012573248807044706
10.872863971501872,52726,0.013384467922693,0.007157658272012329,0.014761443576028788,0.015077952745914081,0.012931653432763196,0.013838170322714085
10.87439903666454,52807,0.0143340536154637,0.007232143672898001,0.014674661518167622,0.014969269680570649,0.013839007606491451,0.013922046738491295
10.875931749013414,52888,0.0137413508726896,0.007316746702735602,0.01457500784045151,0.014868614357824925,0.014927842999672467,0.01401756905494743
10.877462115749834,52969,0.0159298274067042,0.007411262317811607,0.0144646315757367,0.014771882596109499,0.015804598079442803,0.015063053944761987
10.879008994005844,53051,0.0159726667110291,0.007516814506534221,0.014344125519988978,0.014672766538733915,0.016235405479499247,0.017216730278544166
10.880534662252394,53132,0.0173588691863725,0.00763058774846841,0.01421848457551686,0.014567873072287196,0.016290151040615732,0.01799086506590731
10.882076798604508,53214,0.0160541717657464,0.007755129871318419,0.014086595636270235,0.014448414531011663,0.016220506747873148,0.01567602421021189
10.88361656043346,53296,0.0138829289204891,0.00788881491609715,0.01395185921831996,0.01430960438307072,0.016189116858730843,0.015142388049390307
10.885135220554911,53377,0.0170170838455676,0.008029557496733317,0.013817677270832112,0.01414843756933508,0.016142508213052607,0.017039284766591462
10.886670283943698,53459,0.0170517640490983,0.008180526358056958,0.013682313439547324,0.013957337978928095,0.015854575168689468,0.01630405366821544
10.888221671625066,53542,0.0133489979637299,0.008341704757844796,0.013547243468112058,0.013733793786133252,0.015119684727361072,0.014300033319150581
10.889752008037794,53624,0.0150214960225002,0.008508869185637376,0.013417002585407392,0.013484431717050244,0.014030473137220573,0.014091816374025096
10.891280006098992,53706,0.0143265541869951,0.008683563558305123,0.013291051839967356,0.01321093679631792,0.012924312631575913,0.013533582296305233
10.89282426427834,53789,0.0117200276520628,0.008867688466940365,0.013168897898022319,0.012916784133998029,0.012124580782733737,0.012361492723527817
10.894347578710008,53871,0.0122404007472328,0.00905643269969918,0.013054281903638193,0.012618695311371827,0.011736097178179994,0.011638142334598414
10.89588711066259,53954,0.0112525636980567,0.00925400906293767,0.012945071496546641,0.01232083768473976,0.011651656272725654,0.011429956534732435
10.897424276099398,54037,0.0127272040787125,0.009457752915200771,0.012843236240143793,0.012038833061859029,0.011763631196412936,0.012119077031344773
10.898959082284724,54120,0.012760216001771,0.00966725162052515,0.012749185607465408,0.01178375681906959,0.011945175586023548,0.012768073746429739
10.900491536449458,54203,0.011490321411189,0.009882084837829685,0.01266322040410689,0.01156437854980758,0.012017272354042957,0.011623690480334169
10.9020216457913,54286,0.0117550085748437,0.010101825399051804,0.012585548204831005,0.011386064130476686,0.011869240397798075,0.011459722386275755
10.903567810139966,54370,0.0120890263248531,0.010328767062032621,0.012515516078785172,0.011248792747249459,0.011582347292192761,0.011969666472229743
10.905093223262089,54453,0.0114174943451147,0.01055706383121277,0.012454858524427865,0.011153218653889317,0.01134658396658115,0.01160056482541603
10.906634649386172,54537,0.0115802200004258,0.010791762765091176,0.012402131495175649,0.01109116379165922,0.011238913615172718,0.01138380605144896
10.908173703172077,54621,0.0113731114777025,0.011029674933358265,0.012358097540913238,0.011056378780899807,0.011215089353363803,0.011323972016700636
10.90971039191089,54705,0.0113871037609048,0.011270335725384788,0.012322710083462864,0.011041574596989389,0.011218128954900094,0.011438630616149607
10.911244722860152,54789,0.0115214985128513,0.01151327888828341,0.012295905791130676,0.011042037857522198,0.01124121657676975,0.011333186177942808
10.912776703244036,54873,0.0118265810794754,0.011758037429367076,0.012277612200536971,0.01105762221474074,0.011291921911591183,0.011781271806364615
10.914306340253567,54957,0.012144004030036,0.012004144507642997,0.012267753159874353,0.011094099634658688,0.011372251562059291,0.011864099092353305
10.915851809156347,55042,0.01144012688849,0.01225407810816391,0.012266284256219097,0.011164642107906856,0.01150302069183616,0.011601456236231794
10.917376753174178,55126,0.0119933591388359,0.012501488927431189,0.012273163445879528,0.011285434203668617,0.011732656107366483,0.011835202577306149
10.918917487774808,55211,0.0116145095244815,0.012751794576629241,0.01228847656649432,0.011481272779653044,0.01212606770632263,0.011593536794104384
10.920455852163728,55296,0.0120074549827026,0.013001577207821585,0.01231210983799217,0.011774124398058855,0.012670600797767616,0.011900259796545427
10.921991853622236,55381,0.0138562893683457,0.013250367394325191,0.012343974319043275,0.012184508088924802,0.013217695416964008,0.014099409742944206
10.923525499398137,55466,0.0141965783125438,0.013497701178675254,0.01238396797006503,0.012726917736160328,0.013556272692088167,0.015086271941464266
10.925056796705926,55551,0.0139269763225787,0.01374312089389818,0.012431968882468012,0.013406889162024926,0.013612332794224184,0.014270578561460431
10.92658575272702,55636,0.0131408961487874,0.013986175961534727,0.012487827873171764,0.01421909972044391,0.013544431183251689,0.013574001594706673
10.928130321004064,55722,0.0124929103915018,0.014229231659177525,0.012552153078982076,0.015158317331909857,0.013636673677301614,0.012625801548149407
10.929654588530132,55807,0.012964832991248,0.01446619721090372,0.012623219438422862,0.016175120998616864,0.014160506197400231,0.012944879109685857
10.931194427688464,55893,0.015907314162392,0.014702212704767436,0.012702415163781663,0.017256862691039772,0.01534735162322144,0.015805567574472747
10.932731899387203,55979,0.0208954052722489,0.014934040779358747,0.012788603018560404,0.01834979817525347,0.01724004327487855,0.019915903941144664
10.93426701089498,56065,0.0221289387824592,0.015161263287349661,0.012881374009198813,0.019410223175215145,0.019524010219111203,0.022098915618926025
10.935799769447003,56151,0.0215399263239184,0.015383473975891782,0.012980251180205137,0.020396840862804078,0.02159906772480867,0.020803640132623
10.937330182245269,56237,0.0177421381179968,0.015600279128957784,0.01308468739680781,0.021274094109766033,0.02300696029260609,0.019494332532129677
10.938876011037202,56324,0.0228366892682895,0.015813716395068393,0.013195363288630208,0.022022301827949595,0.023783265532894733,0.021951892280969002
10.940401726734022,56410,0.0248819005542372,0.01601850884354284,0.01330904112450739,0.02260617297013453,0.024317475522309832,0.025941156457859098
10.941942818379683,56497,0.0278510666408705,0.016219057727657086,0.01342759337392093,0.023030778375169758,0.024990689668453928,0.028045929483611988
10.943481538715826,56584,0.0302570388721058,0.016412595372577138,0.013548881692532867,0.023288849957138348,0.025766202344105555,0.027729473712862607
10.945017895028798,56671,0.0228763907806153,0.01659878830107835,0.01367201251762288,0.023388257802260837,0.02614939685699847,0.025226992692913
10.946551894571426,56758,0.0216114519257713,0.016777319478897164,0.013796049160936583,0.023342172910024696,0.025516553903033347,0.02359023153196229
10.948083544563207,56845,0.0235369937934187,0.016947888740315983,0.013920023938506401,0.02316688978176021,0.02370465171527191,0.022340915933377094
10.949612852190516,56932,0.0187711200375557,0.01711021317573207,0.014042951821037226,0.022879884546129495,0.021307333005514576,0.020416008154548384
10.951157362466663,57020,0.0242352769620296,0.017265745008985246,0.014165219230211851,0.022493449649789506,0.019273513119061808,0.02121698443397566
10.95268198007428,57107,0.0216860240722354,0.017410699768528663,0.014283063881740403,0.022032428767193295,0.018363734974108894,0.02154039067131477
10.954221760959774,57195,0.019437593158101,0.01754817501318675,0.014398226796212587,0.021500866512602693,0.018794078041380658,0.018057580616205462
10.955759174564715,57283,0.0174678002958217,0.01767623542241141,0.014508404659461852,0.020916868710519548,0.020391517025744356,0.018009881909275695
10.95729422815692,57371,0.0236664001804253,0.01779468270125783,0.014612733144913443,0.020292609529319557,0.022401927164719938,0.02192825162981809
10.958826928970772,57459,0.0230398500254071,0.017903338220531,0.014710429165029714,0.019639874763233083,0.02354122641111636,0.023723806705993992
10.960357284207449,57547,0.0257330995567248,0.01800204314494745,0.014800805886954848,0.01897070148650755,0.02280570479459266,0.02432601885464187
10.961902651452824,57636,0.0190456606789585,0.018091607058802348,0.014884176214808111,0.0182901892267446,0.020390603159347955,0.02202003956274206
10.963428310555967,57724,0.0190549240987311,0.01816989725433489,0.014958207216646945,0.017627247785428412,0.0176450127731349,0.01668321766092921
10.96496894286603,57813,0.0141912820674527,0.01823859175106978,0.015024249686701923,0.01698111986689649,0.015706102249834125,0.015187375926894611
10.96650720527885,57902,0.0145639095372026,0.018296660473845112,0.015081221877881535,0.016373687544269242,0.014984022036037619,0.015575332503930117
10.968043105074278,57991,0.0152968702149991,0.01834404265397439,0.01512908041917804,0.015818135472380403,0.015302908820478254,0.015059875632571298
10.969576649498675,58080,0.0160811024688976,0.01838069818546101,0.01516793176384763,0.015325631672639003,0.016236615193494175,0.01638239842578628
10.97110784576512,58169,0.0169335673739459,0.018406607480124727,0.015198030634606131,0.014904573572779948,0.01700339646789574,0.017415633735744715
10.972636701053595,58258,0.0158514478789106,0.018421771285596893,0.015219775460068592,0.014560191176387455,0.01675279514366556,0.015876087849473638
10.974180361206104,58348,0.0162924957001835,0.018426199554511868,0.015233815341847865,0.0142920577705218,0.01537758982990411,0.01604552008484864
10.975721642144173,58438,0.0139411485110044,0.0184197031128122,0.015240543200516097,0.014103905804352059,0.013770793330562341,0.01479555982245451
10.977243465205373,58527,0.0124680297454911,0.018402596922700208,0.015240791246139283,0.013993963855225347,0.012835219403108902,0.012562273257661672
10.978780035882622,58617,0.0125887695658567,0.018374578529406313,0.015235460656385976,0.013956008508228744,0.01260946382791793,0.012549575809388827
10.980314249132316,58707,0.0131143225919369,0.01833588229116526,0.015225502168188179,0.013987296036206213,0.012771159437057566,0.013053720484595134
10.9818631197028,58798,0.0134787726268819,0.01828602389600652,0.015211802901965745,0.014084377459665513,0.013423047533608241,0.01341818663366231
10.98339261373854,58888,0.015297584921145,0.018226241180449264,0.015195772569660423,0.014239440361809304,0.014900364880636646,0.015104859285599929
10.984919771994385,58978,0.0186219113657614,0.018156203937199678,0.01517840055324901,0.014446098550246209,0.016958051279536254,0.017917682360558313
10.986461531090772,59069,0.018728743552835,0.01807514335480553,0.015160618755408879,0.014697908378275426,0.018650504368880327,0.01799808063957273
10.988000916824737,59160,0.018015224080938,0.017983981657948258,0.015143757643984065,0.01498011652831276,0.01911602131346407,0.018636533478343296
10.989537936492082,59251,0.0189377384696086,0.0178829378039739,0.015128919782161517,0.015276925732225265,0.01839084985577697,0.018676475884867663
10.991072597355036,59342,0.0156633017734897,0.017772247777587624,0.015117147931014846,0.015570264165748329,0.017169132822179335,0.016665031245118523
10.992604906642436,59433,0.0176203056694865,0.017652163960612057,0.015109407558657322,0.015841421929226086,0.016113147907675745,0.016445427777684006
10.99413487154994,59524,0.0160179055688434,0.01752295447908681,0.015106571755035608,0.016073299675257495,0.015483257772071943,0.016530667638930602
10.995662499240233,59615,0.0157945654805333,0.017384902529347566,0.015109408916356122,0.01625282615449824,0.01522762614135496,0.015176241523237108
10.997204545438429,59707,0.0148052881619222,0.017236648411236635,0.01511871145282061,0.01637398155893108,0.015205697307619358,0.014852848192446892
10.998744217390875,59799,0.0154669237631526,0.01707998227877928,0.015135032651204722,0.016434744209906968,0.015313092035830865,0.015274234223957926
11.000281522397454,59891,0.0161071971837074,0.016915239327103718,0.01515879619975895,0.016442829384129217,0.015498674236459191,0.01610462684589249
11.001816467724431,59983,0.0157225967578849,0.01674276747649828,0.015190298826015027,0.016411973055922003,0.015750422128994416,0.016213708123008257
11.00334906060467,60075,0.0160439822682291,0.01656292657539464,0.01522971493051174,0.016359420862737905,0.016078376916369274,0.015822652022662816
11.004879308237822,60167,0.0160178676764483,0.01637608759151236,0.0152771047128008,0.016302881965965934,0.016490441201360125,0.016157624366269267
11.006423812684291,60260,0.0181317871872824,0.016180494091389643,0.01533307002709778,0.01625723159389515,0.016944569963980118,0.017493993487470386
11.007949365993127,60352,0.0171740336482167,0.01598074672372868,0.015396274578025679,0.016234176170299177,0.017293318751703025,0.01771325339848126
11.009489139636091,60445,0.0183205220227549,0.01577291210136475,0.015467884109588048,0.01623834418645046,0.01738551842271815,0.017308099427547415
11.01102654602076,60538,0.0173486840248974,0.015559548650646187,0.015546989502157969,0.016269816846418466,0.017191338075006137,0.017338569886642216
11.012561592414832,60631,0.0171027768930607,0.01534108434297427,0.01563329281809115,0.016324220499099748,0.016880294593919754,0.01684498350547557
11.014094286052606,60724,0.0166836916753925,0.015117953505771508,0.01572648540488459,0.0163951858602036,0.01667878525074287,0.016656499133361258
11.015624634135149,60817,0.0168377589755827,0.014890595932023944,0.015826270817376607,0.016476443041735223,0.01667752234332698,0.016765012918583004
11.017169061361168,60911,0.0169305543704362,0.014656951691041229,0.015933562044248784,0.016564352828613023,0.01679963338629874,0.016855923271172923
11.018694714776077,61004,0.0170602709915108,0.014422444038639902,0.016045869576994123,0.016654844945114662,0.016928390392784366,0.016988535798119292
11.02023441139972,61098,0.0172508910776179,0.014182491279896054,0.01616547762992209,0.01674992600078132,0.01703383301156955,0.017158681178710822
11.021771741001702,61192,0.017513185553774,0.013940065313733986,0.016291177158063348,0.01685012580823793,0.0171416946187158,0.0172547980581454
11.023306710848637,61286,0.0174283300963549,0.013695634839237579,0.016423047470034292,0.016957166418773668,0.017256894048317078,0.017326059444661344
11.024839328173726,61380,0.0174491819184127,0.013449668754152521,0.01656129346537049,0.01707194352883673,0.017351972329237044,0.01745108127419203
11.026369600176976,61474,0.0177314011982239,0.0132026352648324,0.016706253394163043,0.017193929104974633,0.017420588691714912,0.017673715214657753
11.027913776097217,61569,0.017610867279901,0.012952365048286538,0.016860061450497614,0.017322538232710814,0.017492018287765032,0.017660134101850744
11.02943935416511,61663,0.0187179111751791,0.012704595267946983,0.017020095668004314,0.017452157407378318,0.01758105144600084,0.017838405255231296
11.030978800754614,61758,0.0183840279299143,0.012454525821815195,0.017190518146195325,0.017582485200471128,0.017671877101512013,0.01830188089139861
11.032515881090571,61853,0.0179227801353271,0.012205264162146913,0.01737055479974459,0.01770986063453137,0.017759173234044,0.017855184837816042
11.034050602436064,61948,0.0186650711457652,0.011957276639150109,0.017561195704559062,0.017833642828393323,0.017888608587076804,0.018463010764074
11.035582972020784,62043,0.0182802405616014,0.011711023631868732,0.01776351346125701,0.01795565215766763,0.018107350569019996,0.018557385426785995
11.037112997041245,62138,0.0186836120553757,0.011466958740454105,0.017978636225833032,0.018081129693702187,0.018392959589975274,0.018352480551108052
11.038656753177118,62234,0.0182951342357164,0.01122300220403957,0.018210206256337475,0.018221655480003544,0.01867075391181184,0.018296593595934878
11.040182086035498,62329,0.0189669390372575,0.010984677967411519,0.018454551210604134,0.018391051041128904,0.018889375746309743,0.018582714643731076
11.041721115147974,62425,0.0195032636718932,0.010747407085912703,0.018717933682701644,0.01861884065040742,0.019093243045176345,0.019557236769737526
11.043257779289132,62521,0.0203854666784538,0.010514147462536257,0.018998900508905125,0.018940724624507233,0.019390060659177796,0.020126322375543706
11.044792085716162,62617,0.0209194336543914,0.010285320304095978,0.019298352895233965,0.019406185492722744,0.01993103694761213,0.020541651406978747
11.046324041652891,62713,0.0209315661109213,0.010061335236798143,0.01961701306326521,0.02007593663806058,0.020870568791916833,0.020989576690879634
11.047869575448429,62810,0.0212177155880766,0.009840339996015803,0.019959010738738833,0.021029623520879708,0.022286576933509012,0.02119156704251851
11.049396827646396,62906,0.0221594698693771,0.009627279003112233,0.020317531974841024,0.022316765659897167,0.024015042694242126,0.02319772192847241
11.050937623287538,63003,0.0258408587170458,0.009418092882296674,0.020699976288714558,0.024024646091918095,0.025804936307593545,0.02632713972624634
11.052476048529304,63100,0.0263294921346184,0.009215399453241093,0.02110229452648313,0.026181045664715418,0.027417291771506105,0.027852859919373512
11.05401211065386,63197,0.0301932486177918,0.009019551742675422,0.021523684387488303,0.028791572547001026,0.028885479444086374,0.03053950426881852
11.055545816909865,63294,0.0314435446666094,0.008830887133826945,0.02196293542983165,0.03181878180985047,0.030480209489402426,0.03178613378072159
11.057077174512672,63391,0.0314472399216757,0.008649726893891898,0.022418410413665307,0.03517748901726571,0.03252358827767317,0.030581212491748277
11.058606190644545,63488,0.0334416229953877,0.008476375738720636,0.022888034254646583,0.03873634993142664,0.03517912617090657,0.0339203651631404
11.060148599310812,63586,0.0363218036197194,0.008309460907882413,0.023374303260218977,0.04236274082556226,0.038360683679043044,0.03859423738871938
11.06167292996136,63683,0.0419683620617701,0.008152661520663206,0.023864315362290202,0.04578846903412586,0.04164354684111477,0.040697144704083095
11.063210619337342,63781,0.050358078332963,0.008003002924613227,0.024364723163691752,0.0488826741762754,0.04474224889034285,0.047702126308626816
11.064745947854508,63879,0.0523952765358923,0.007862387606118987,0.024866624108518323,0.05142197996216845,0.04757369628234469,0.05141505322856674
11.066278922751138,63977,0.0474280367996533,0.007731038594138263,0.025365750050369274,0.05325549464656958,0.05046018463976531,0.047003430646747085
11.067825157821376,64076,0.0503628084284035,0.0076079655697845324,0.025862462441093283,0.05428951831269338,0.053859849391721296,0.050718830276953605
11.069353423226037,64174,0.057764511380858,0.007495840876292523,0.02634180149288756,0.05446278330862486,0.05775853263660044,0.05903620611547303
11.070894915352808,64273,0.0635355945485735,0.007392544800356426,0.02680833236287375,0.053799948091617436,0.061518063100807326,0.06181430764810964
11.072418500113193,64371,0.0647606707306094,0.007300310566937838,0.02724733096910964,0.052390100723658406,0.06360384746674487,0.0664920265015003
11.073955278304666,64470,0.0710318480019415,0.007217384095550102,0.027662308443874448,0.050324543578866725,0.06250431745029662,0.06490919026867772
11.075489698432287,64569,0.0474468508077382,0.007144867117558103,0.02804317136014071,0.04776291300987104,0.057647927930993006,0.0536719176553031
11.077037231200626,64669,0.0494541565333771,0.007082275473904451,0.028387755392311607,0.04483485686684853,0.05005415505797559,0.04893732762162497
11.078566933207084,64768,0.0447187278077971,0.007030929539664408,0.028683919780934215,0.04175599172102857,0.042046388318425026,0.044129786045877195
11.080094298798874,64867,0.0306579832976093,0.006990197782362717,0.028930394911218363,0.03863762452197759,0.035442872046417995,0.034421608329938784
11.081634727650703,64967,0.0334487899092431,0.006959857927495016,0.02912427951090639,0.03556447046853775,0.030971257927510217,0.0314291091530127
11.083172787230716,65067,0.0283269516780515,0.006940383039178284,0.029258610599300055,0.03265734113019398,0.028430444581559588,0.03085105023209281
11.08470848481588,65167,0.0272359154251916,0.006931759888761675,0.029329748560316286,0.029976712976938418,0.027024037354242667,0.02580586181329938
11.086241827649694,65267,0.0228211122650892,0.006933954844443949,0.029334711202863063,0.027557480831618998,0.02588761419618938,0.024242067388285056
11.087772822942387,65367,0.0257070193221985,0.00694691415312981,0.02927125164092348,0.025413941960112946,0.024441066969880056,0.025889505526949432
11.089316752625775,65468,0.0233260639757032,0.006970854447718165,0.02913623852181605,0.023528041074755826,0.02263014395045923,0.022972482938196495
11.090843051038629,65568,0.0199466472692852,0.007005207776193632,0.028931765475174977,0.02192648403682219,0.02090729632162007,0.020024629249618148
11.09238225141566,65669,0.0199723384481502,0.007050546480602995,0.028654090335272848,0.02056083372270181,0.019673763227049213,0.020622128296195606
11.093919086295395,65770,0.0203037873166106,0.007106445376359515,0.028306230475824756,0.01942933938941865,0.019086347101016043,0.020282209999791592
11.095453562937449,65871,0.0186107502862519,0.0071727505206579945,0.027890519455477103,0.018512172820526328,0.019027853739714207,0.018118666792685506
11.096985688568044,65972,0.0191265453992271,0.0072492895164648,0.027410302486602083,0.017789387970901103,0.019238254004136417,0.01827440972011101
11.0985306050409,66074,0.0203440431346569,0.0073367788196589435,0.026864293647105582,0.017236097542067647,0.019327792630372584,0.020436309019737853
11.100058027095304,66175,0.0197388231236152,0.007433293443370162,0.026268574100867602,0.01684182168397863,0.018937737565537075,0.019849870361433406
11.101598207993488,66277,0.0178361510373947,0.00754051503965778,0.025617756303006993,0.01657568401152597,0.018074230415199673,0.01787893844218065
11.103120955262966,66378,0.0173956052043924,0.007656098278589529,0.0249318201971133,0.016418605205999057,0.017188265702436666,0.017187796062848378
11.10465642952933,66480,0.0167717132107046,0.0077820697922079156,0.024205329891105236,0.016341904412574583,0.016702971681634992,0.01679067192073066
11.10620456869006,66583,0.0168095051514385,0.007918418847170343,0.02344638917283513,0.01632222445589123,0.016671433566924708,0.016758859127797118
11.107735319056497,66685,0.0168137362836875,0.008062200826928918,0.022679436362149093,0.016336598765240108,0.01681792245316139,0.016822138398990993
11.10926372980716,66787,0.0170486527480318,0.008214386987237907,0.02190737501642586,0.01636568778961512,0.01691032936874621,0.01711096022253376
11.110804758112454,66890,0.0171609271148714,0.008376265281616401,0.021133332098658458,0.01639667408479789,0.016916367343336673,0.01724298780246398
11.112343415302997,66993,0.0169047768564306,0.008546039930921512,0.020376053196478686,0.01642255055104226,0.01689609136186824,0.016865102798565276
11.113879708664248,67096,0.0169154483293486,0.00872335375852019,0.0196468693393229,0.01644276183657215,0.016886729102688687,0.01687144833395898
11.115413645448138,67199,0.0171278247093807,0.0089078380659817,0.018957106610314894,0.01646116757588239,0.01688511873280089,0.017105870001329702
11.11694523287328,67302,0.0170330210985018,0.00909911345568369,0.018317932384100857,0.016483349969536126,0.01687628100264986,0.017054338852014645
11.118474478125163,67405,0.0169997150596576,0.009296790662539278,0.01774020148877882,0.01651369442139223,0.01686775637496406,0.0169502375796189
11.120016201305855,67509,0.0170235518169936,0.009502476973744869,0.0172297778217402,0.016553468740682337,0.0168994241112208,0.016979544056880465
11.121555551234607,67613,0.0172541773916375,0.00971386546609662,0.01680265244567263,0.01659857704322227,0.016989347172443735,0.017044588405969174
11.12307776775714,67716,0.0173666759343019,0.009928422983054436,0.016470855842027534,0.016640813047445094,0.017079672231439247,0.0172491840862702
11.124627160483929,67821,0.0176132396568291,0.010152037937723679,0.016234504351189456,0.016672003697388457,0.01709574855724694,0.01733779603048248
11.126159434294548,67925,0.0170924494479153,0.010377950476559499,0.01610916224673314,0.016684136754010884,0.017039100919465717,0.017113061305759958
11.127689363833744,68029,0.0170811447606008,0.010607824101834877,0.016098242474311224,0.016677131400246008,0.016980671549357722,0.01702912214483391
11.129231633331518,68134,0.0170886139163963,0.010843470893533463,0.016208288522625625,0.016660079287225342,0.016962473508502687,0.017040789809693424
11.1307568734125,68238,0.0171125497164324,0.011079947931566051,0.016440803479984303,0.01665381343845975,0.01697387865651119,0.017054471479728005
11.132294422862063,68343,0.0171545016332764,0.01132134027204526,0.016802474597622307,0.016689125730651254,0.016999099874254034,0.017088003883326305
11.133829611882131,68448,0.0172904808171338,0.011564920497735675,0.017292416310194368,0.016803715510609434,0.01702956852631055,0.01720378390397252
11.135362447709008,68553,0.0172134503257911,0.011810220335605085,0.017909862366038927,0.017035673189675755,0.017073457151525175,0.017156486817766044
11.136907502384792,68659,0.0174740093831533,0.012059124475121996,0.01866019309381443,0.01742130138446881,0.01725395870726826,0.017638649476316635
11.138435631161384,68764,0.0180931600332777,0.0123064661962715,0.01952543179210624,0.017972868571803673,0.017853499274277887,0.017976450981776547
11.139975948538744,68870,0.0188457081091522,0.012556482517202809,0.02051669475645898,0.01870349168188153,0.019143789053377734,0.018913070168156115
11.141499399085486,68975,0.0203808883723477,0.012803990834779901,0.02160856477066242,0.0195834881455158,0.02102627864469774,0.021076249362810887
11.143035008125729,69081,0.0236380590960369,0.013053238240259965,0.022813685727757174,0.02059650978269309,0.023086958273926626,0.022879791449876844
11.144582716163814,69188,0.0254682981452185,0.01330373426861248,0.02412535903559017,0.021699481919177994,0.024810495468274178,0.02577250774485282
11.146113601343142,69294,0.0254909122995896,0.013550332466682215,0.025508342492428004,0.02281940369366708,0.02593090100356222,0.026767434925181518
11.147642146494896,69400,0.0255207666636497,0.013794925581490217,0.02696280271702151,0.023915550846519626,0.026560566944031954,0.024199028244226692
11.149182745905485,69507,0.0260434775073216,0.014039337891415272,0.028490717723709178,0.02495429260576206,0.02691517296809866,0.02638499673520053
11.150720975519963,69614,0.0316922920277593,0.014280800145409691,0.030065051847231225,0.025894067821985,0.027113359358891222,0.03127230184254475
11.152256842617728,69721,0.0282154293086581,0.014518869884133426,0.031671599017259446,0.026719661757748,0.027128094616269395,0.02757084817007103
11.15379035444467,69828,0.023167555239477,0.014753114446354944,0.03329576174657639,0.02743184763642925,0.026874279214410903,0.024334950243905015
11.155321518213404,69935,0.0293849206658732,0.014983111684469598,0.03492273349622113,0.02804547450259058,0.02636359342284013,0.02628865206788148
11.156850341103464,70042,0.0253391139858861,0.0152084506501554,0.03653768162147959,0.028586179082850327,0.02578535706049666,0.02708819581342048
11.158391085530608,70150,0.0253714686717275,0.015430765871078483,0.03814060002682468,0.02909110466217663,0.025449594777352726,0.025652844403534776
11.15992945971583,70258,0.0237037262302102,0.015647531278759126,0.03970156529399803,0.029591567336563495,0.025686582600352836,0.025219920816221215
11.16146547094057,70366,0.026808322551246,0.015858362948736382,0.041206346974850754,0.030124044472964837,0.026750487486755688,0.026396241546215452
11.162999126452767,70474,0.0278274787816069,0.01606289111172369,0.042641401677918085,0.03072215351388657,0.028776088402989935,0.03029246720318914
11.16453043346706,70582,0.0330637880924916,0.016260760703423215,0.043994027532243726,0.03141471226579234,0.0316833880557955,0.03299918775522782
11.1660735453374,70691,0.0324253255947349,0.016453365477609876,0.04526368282322172,0.03223249400165701,0.03512366890852316,0.03248855380036107
11.167600155288277,70799,0.0379282386403715,0.016636844823083346,0.04641638000870486,0.03317622223410832,0.038420757167291854,0.036836037093195224
11.169138541133677,70908,0.0469689316480251,0.016814282433523176,0.04746388509072948,0.03427157141872608,0.04104062269390967,0.04427289009707584
11.170674563982798,71017,0.0418264479953983,0.016983645315317514,0.04838670923374161,0.03551081705102129,0.042630349286014925,0.043608729547066606
11.172208231083747,71126,0.0434893890985204,0.01714465162914537,0.04917796296887458,0.03688680684709179,0.04320843908865983,0.041468356463315564
11.173739549651332,71235,0.047892913404806,0.017297037437856704,0.04983222792416454,0.038385829429780374,0.043002634415170264,0.04386287719088995
11.175282543364675,71345,0.0443532150011111,0.017441831944912396,0.0503496346340399,0.040004272187557366,0.042275382097894054,0.04325430861336818
11.176809164996053,71454,0.0402539963659893,0.01757617362042315,0.050718354036017516,0.041690736971000925,0.04128152794401134,0.0394238008816341
11.178347433209714,71564,0.0402840020852348,0.017702314915124095,0.0509442325411474,0.04345301408194839,0.04024866928355778,0.039716643699534614
11.17988333878818,71674,0.0419276599624053,0.01781878626221593,0.05102380550924296,0.045253803439079296,0.0395008439766242,0.04189159224117505
11.181416888977894,71784,0.0380037595460434,0.017925412791595416,0.050959120823175996,0.04707365448751756,0.03944576537399454,0.039896465434317005
11.182948090992008,71894,0.0419602869961662,0.018022039519473725,0.05075361840207939,0.0488965735216358,0.04054166240421832,0.03891057431502403
11.184490840031485,72005,0.0445309774347402,0.018109270864462405,0.05040833002811454,0.050726143423820896,0.04323977103658778,0.04348122650246073
11.186017346017612,72115,0.0463179419518619,0.018185419301190078,0.04993547220528832,0.0525183428504796,0.047723589926501025,0.04829270571741211
11.187555370859908,72226,0.0539663089861259,0.01825177265256605,0.0493336268067147,0.05429415782305835,0.053886605544898436,0.05384995211021425
11.189091033813968,72337,0.067121283607856,0.018307514678237317,0.04861472872677106,0.05602212989640556,0.06086540878297385,0.06287871839747819
11.1906243421228,72448,0.0671622661488419,0.018352589210282714,0.047787855269933066,0.057680620941987115,0.06723153595748788,0.06578232422363653
11.192169084789018,72560,0.0672042503562493,0.01838722154738045,0.046854043170812834,0.059251915471071115,0.07146385534026856,0.06772009030856832
11.193697684352662,72671,0.0797570706812515,0.01841077795804518,0.04584039233424031,0.060664717669030935,0.07254472540911458,0.07686621171230187
11.19523769043204,72783,0.0733911289878314,0.0184236880715725,0.044739606198655316,0.06188790955389292,0.07064977416195918,0.07382267317357366
11.196775328538925,72895,0.0650006652329122,0.018425716764918727,0.043571748989927966,0.06283913263327688,0.06689629444852793,0.06220702082718073
11.198310605944297,73007,0.0627853322068918,0.01841691027332472,0.042348250883867504,0.06344073597495598,0.06278187223337425,0.0627639050975091
11.199843529885715,73119,0.0651753962552336,0.018397334940213592,0.041080510597784524,0.06361182652396985,0.05949272125161055,0.06267787127848808
11.201374107567505,73231,0.055288079784844,0.018367076876611373,0.039779756864823594,0.06327580986601286,0.05755544364743376,0.05594154144550874
11.202915980634357,73344,0.052238379728368,0.018325829706919025,0.03844504118661653,0.062358509384409816,0.05681966515933999,0.0565677593263521
11.204441866489002,73456,0.0653116339856048,0.018274448975345286,0.03711057661943993,0.06083512589524001,0.0566459547248231,0.057791424118858965
11.20597902033699,73569,0.0512829124609491,0.018212163166250586,0.03576271493235823,0.05866857231886377,0.056157581869533485,0.055349697102746426
11.207513814969037,73682,0.0564536836369902,0.018139549894497252,0.03442295844427448,0.05589775087388602,0.0546373595493419,0.05598951565512247
11.209046257615876,73795,0.0523276475848038,0.018056793117518847,0.03310021494604321,0.05259141087293885,0.051840852877132894,0.051402153418567555
11.21058988571852,73909,0.0484009004859096,0.017963230392624076,0.03179126272066424,0.04882216980013804,0.04802672517799712,0.045652318909777514
11.21211762529952,74022,0.0429017669495482,0.01786072361038934,0.0305264126898457,0.044795822437461136,0.0438725018083872,0.04703863243539056
11.213656523266527,74136,0.0429027727517262,0.01774769844155262,0.029289827521586206,0.040602817525623044,0.03988674608340936,0.04206765744338223
11.215193056664946,74250,0.0333454299004954,0.017625277070920348,0.028098543840950677,0.03644641319915867,0.0364137988829709,0.033067844118424825
11.216727232750108,74364,0.0319414221816524,0.017493733400007483,0.02695733280772189,0.03248533118825539,0.0334478688267518,0.032248214907811164
11.218259058744003,74478,0.033347314526852,0.017353356438739226,0.025870059740539287,0.028853832166564338,0.03078846896025244,0.03271315812076035
11.219801948009026,74593,0.0326392695251713,0.017203106586759644,0.024830929255119663,0.02562470211756883,0.028190299020040645,0.029639892487671026
11.22132907489657,74707,0.0241101446121361,0.017045916349874592,0.02386016461053916,0.02291166383041948,0.02559427013234373,0.026224512106903526
11.222867238365511,74822,0.0212605360758432,0.016879364443914642,0.022942095794729018,0.020682668777668094,0.023020061627821324,0.02171132526441969
11.224403039520755,74937,0.0192534083080836,0.01670514531570082,0.022086110097430264,0.018941713750700202,0.02066796367224744,0.01965638726093983
11.225936485607264,75052,0.0182097863387256,0.01652362220088864,0.021292115966001238,0.017638640454130636,0.01871195515032334,0.01979967598098155
11.227467583836727,75167,0.0185457215841952,0.016335169319856124,0.020559395522094032,0.016707182243316583,0.017235079179953566,0.017712345650284365
11.229009624687327,75283,0.0156063352174386,0.01613844786013573,0.019881090718024918,0.016072741102083926,0.016208999610580054,0.01623011003011547
11.230536028445307,75398,0.0162508281472636,0.01593724617553933,0.019267146467857165,0.015681761374559972,0.015566502401490868,0.016019020383898536
11.232073348510587,75514,0.0154269015542409,0.015728474997209006,0.0187047186651044,0.015475355348402397,0.01519895527232944,0.01484673003380109
11.233608308850076,75630,0.0144942544629427,0.015514278240445108,0.018196899682601953,0.01542122706581295,0.01503831922438166,0.014701762252841867
11.235154118626962,75747,0.0170054254062662,0.015293173573328564,0.017737240253362083,0.015498261439021747,0.015046614566848714,0.016093463117126377
11.236684360994031,75863,0.0164922781910774,0.015069377593426761,0.017330680938673952,0.015692513095765536,0.01521859509625144,0.015725471526704927
11.238212265296752,75979,0.0146919187283969,0.014841460609335565,0.01697008993004973,0.015995083842962107,0.015565591488033888,0.01491629408814492
11.239750980050454,76096,0.0164990209528681,0.014607854972067695,0.01664990219308548,0.016398167819203485,0.01609529777600629,0.016091964403116325
11.241287330798126,76213,0.017596800667699,0.014370966902780221,0.016370377017323003,0.01688032820448893,0.016776461212210287,0.01754438018384998
11.242821324792516,76330,0.0167655085863838,0.014131257798278117,0.016128560896863486,0.017412773211515308,0.01755244909846567,0.017421086428856467
11.244352969253042,76447,0.0185760179934289,0.013889190846731677,0.01592163557629227,0.017957989910734055,0.018369976602764255,0.018079091850081015
11.245895332249308,76565,0.018579559282226,0.013643138175637927,0.015745591636195662,0.01847722489692605,0.01921590332226427,0.019869271856792957
11.247422279239888,76682,0.021731564638509,0.013397737573883713,0.01560094390342746,0.018918106668948744,0.020083775182975983,0.020938497471686558
11.248959919135764,76800,0.0189283587539467,0.013149266011459992,0.015482939961286484,0.01924941272647465,0.02097856376548867,0.02010620669081664
11.25049519832464,76918,0.0200561692505934,0.012900288865680985,0.01539087204356895,0.01943837726303358,0.021802956221348205,0.020593591036967528
11.252028124044102,77036,0.0241418146796908,0.01265127688961673,0.015322898550932593,0.019470312565706634,0.02235779677715286,0.02415759030300956
11.253571664505303,77155,0.0246737757820441,0.012400593874360658,0.015277103138355695,0.019344083879663382,0.022386484452434192,0.023775896068810726
11.255099885073664,77273,0.0204689887620335,0.012152919079969966,0.015252827199374286,0.019076826480901355,0.021719259132946065,0.01998569556778937
11.256638695062763,77392,0.0204747900747516,0.011904520678458078,0.015248400689502128,0.018690878025268774,0.020405031867291482,0.020073024640943432
11.25817514075342,77511,0.0189353789975345,0.011657965238852791,0.015263009408465348,0.01822250242095558,0.018754794781810667,0.02053038784815262
11.259709229399729,77630,0.0176023958515282,0.011413708867035037,0.015295673581180396,0.01770908308266147,0.01717135665105097,0.017457638671604242
11.261240968222433,77749,0.0149763104944923,0.01117219984692898,0.015345506684692095,0.017186397404530648,0.0159455487864189,0.015338059375281501
11.26278320657256,77869,0.0149812075085724,0.010931889901582174,0.015412301817544868,0.016681119916054865,0.015154740899860727,0.01480266431067289
11.264310247682348,77988,0.0148203417143058,0.010697217547675412,0.0154941296446943,0.016225362083334114,0.014739305671748028,0.015021105909855533
11.265847763360387,78108,0.0153530340121998,0.01046466666001655,0.015591522711462273,0.015827387161069236,0.014576116095431593,0.015441504227662927
11.26738291871254,78228,0.0151653671569939,0.010236645107507724,0.015702956100975062,0.015499772639542407,0.0145823973250953,0.014803548089074373
11.268915720974634,78348,0.0151679652036871,0.010013561020038676,0.01582744142033948,0.015245024541212309,0.014712761520839354,0.014400860761923418
11.2704589213166,78469,0.0149907035038563,0.009794019017275115,0.01596505846372127,0.015060372029894409,0.014957524286048456,0.01488758800684968
11.271987019514093,78589,0.0145356582107457,0.00958203318970309,0.016112279437716457,0.014945255960952968,0.015324528102979214,0.015167973733657551
11.273525491136496,78710,0.0155630460976007,0.009374446107305841,0.016270128555364458,0.014893669769091247,0.015838849509462162,0.015778081096644078
11.275061599499308,78831,0.0189921986204076,0.009173412556787074,0.0164358059137059,0.014903323503469092,0.016487627929292335,0.017747582237978406
11.276595351851842,78952,0.0170490372665449,0.008979281052849578,0.016607511127786342,0.01497158099245797,0.017186606818801912,0.017923370974539114
11.278126755410108,79073,0.0173414232459582,0.008792384437904158,0.016783259699511433,0.015096331840567955,0.017766503835338177,0.01698017147616561
11.27966844449652,79195,0.0176466120349136,0.008611589541465778,0.01696235951424196,0.015276836483249241,0.018037488357149547,0.01765626338661677
11.281195152718697,79316,0.0205404322985271,0.008440162363722675,0.01713953293122241,0.015506273688342329,0.017901375593973135,0.0181503456997207
11.282732122168492,79438,0.0179643613362946,0.008275557555155284,0.017315194929332485,0.01578206664033361,0.017436185969254028,0.017542894248624867
11.284266732967907,79560,0.0170487276790874,0.00811949732365342,0.01748522537527364,0.01609290588237015,0.01685054533665064,0.016889379306271702
11.285811542152125,79683,0.0167723415265598,0.007971065752242358,0.017648169065115987,0.016428526251860684,0.016349123233162195,0.016439178328467013
11.28734143811666,79805,0.0165073777391833,0.00783291353050845,0.01779857004326341,0.01676728040253857,0.01605049908428255,0.01665762611192225
11.288881508412857,79928,0.0165091871222797,0.007702996478438245,0.01793604977327982,0.017096277581889304,0.015949439403143785,0.0163515487270434
11.29040671842486,80050,0.0155594256460565,0.007583626133832786,0.018055598677600804,0.017391349483786046,0.015970429838330483,0.01540227359324984
11.291942078818346,80173,0.0155599839773951,0.007473027309314644,0.018156460641042822,0.017639499580350795,0.0160056552318123,0.015852747018741647
11.29348753933658,80297,0.0170674057820834,0.00737160382460851,0.01823552817512325,0.017824395552900666,0.01598364676233516,0.016706597569740175
11.295018180451263,80420,0.0157804250493125,0.0072811355784719554,0.01828910684073346,0.01793262004525609,0.015935287519024552,0.01573929732120473
11.296546482283873,80543,0.0157801721143641,0.00720088691275517,0.018315767965351556,0.017961261977455786,0.015994809559916844,0.01551816577758485
11.29808484869358,80667,0.0179874296473606,0.007130434744835315,0.018313500672917305,0.017911043597577364,0.016354031130411055,0.017062151958733056
11.299620852166676,80791,0.0179894174366219,0.0070705583295689765,0.018280402119465515,0.01778890484663875,0.017205140266509242,0.018581780641643578
11.301154499950986,80915,0.0183272864364956,0.007021321819920845,0.018215287175277615,0.01760749964054784,0.018641316268161852,0.01902257287199839
11.302698138922564,81040,0.019796456571346,0.00698250141970389,0.018116472266275045,0.017381284441089037,0.02046528351072327,0.01885296747467355
11.304227078087514,81164,0.0183581887788903,0.0069547415372322695,0.017985235499653102,0.017132440212154272,0.021990754442396253,0.019871984284646784
11.305765985028836,81289,0.0249060590221706,0.0069375972976236,0.017819646457909916,0.016876048198106303,0.02240951357705723,0.02347854484719681
11.307302527374008,81414,0.023914679598743,0.006931318404587019,0.01762133069469451,0.016632071552684903,0.021343819722888416,0.024266778984235977
11.308836712378492,81539,0.0198981257264349,0.00693586673646195,0.017391516830564894,0.016416223566165372,0.01928144622012743,0.019813170852773888
11.310368547264408,81664,0.0171496868309912,0.006951184045203761,0.01713196289225438,0.01624127991692839,0.01718197092484444,0.01664806743014126
11.311898039220727,81789,0.0147901154799578,0.006977192281512442,0.01684495057293314,0.016116924479579936,0.01573970781899664,0.015433414901442729
11.313437403254364,81915,0.0148087345696903,0.0070141291773408035,0.016530686916720817,0.01604963245906278,0.015079556730561227,0.014845000206837235
11.31497440128804,82041,0.0148298704459358,0.007061710214884915,0.016194721036121237,0.016044852285774156,0.015036262015757737,0.015115899847273354
11.316509040583677,82167,0.0159281436989555,0.007119796722166616,0.015840885872543103,0.016104321863109963,0.015386420461900453,0.015982494870839328
11.3180413283698,82293,0.0157533186112856,0.007188231264938502,0.015473448502152508,0.016227182781575047,0.015830624622604858,0.01627768428337703
11.319583404892809,82420,0.0166040603751054,0.007267502189746646,0.015094054938917592,0.0164111583327329,0.016014366165903453,0.015890239457564553
11.321110992692743,82546,0.0159169600260984,0.007356166349321132,0.014713707075375443,0.016645412007907024,0.01580078438670787,0.015579023039341031
11.322648346447616,82673,0.0149440066516255,0.007455416713617708,0.014331733829262559,0.016920595655671184,0.01542242774344872,0.01567381761179496
11.324183340373352,82800,0.0180731909648143,0.0075643563601245295,0.013956770703689149,0.017215924253704246,0.015262651920226352,0.015760950501506676
11.325715981703492,82927,0.0152567575581358,0.00768273590119643,0.013594601037369253,0.0175059400660268,0.015636688198520925,0.01555131849493217
11.327258317925176,83055,0.015320615044484,0.007811330121802026,0.013248480582027967,0.017761187160449624,0.016848358726899534,0.016036100725612096
11.328786257249249,83182,0.0190113832594214,0.007947847396067954,0.012929742644,0.017942273706060285,0.019009119754859867,0.018791671940406724
11.330323868968955,83310,0.0214492421026043,0.008094137489323912,0.01263929730783819,0.018015479401657843,0.021603292905116655,0.023667255446739234
11.331859120068112,83438,0.0275913274939969,0.008248844121391048,0.01238559607813286,0.017945933197961436,0.023280812966413558,0.02484766989063878
11.333392017783908,83566,0.0215509034297103,0.008411637571496995,0.012174270749473227,0.017709600958844718,0.02288146622055188,0.021479320659709554
11.33493451753672,83695,0.0203335494891567,0.008583537301788369,0.012009602219100007,0.01729317660831394,0.020533850047247375,0.01973913651379159
11.336462711819252,83823,0.0199671423112881,0.008761521495019785,0.011899192309803987,0.016713379667781733,0.017629953795878756,0.018566719175834686
11.338000485926491,83952,0.0152099739554571,0.008947999370843823,0.011846007564346733,0.01599481314330632,0.015427706172845779,0.01541040999772229
11.33953589891493,84081,0.0138671036717201,0.009141224242566326,0.011855377100008467,0.015199574139328115,0.014295547423660519,0.014025593258731268
11.34106895802404,84210,0.014494768673875,0.009340801512685824,0.01193103070910748,0.014407984943919636,0.013879328813762273,0.01410881405613652
11.342599670460045,84339,0.0139710188236295,0.009546327636679213,0.012076131347762063,0.013716820140902152,0.013768993357060201,0.01396095105304334
11.344139882128914,84469,0.014209077427364,0.009759047668586231,0.0122952081940708,0.013227789925265514,0.013691505730423152,0.013883948204360144
11.345677725193484,84599,0.0138697889600869,0.009976962388610717,0.012589381151723176,0.013049947456220845,0.013495542477113407,0.013951171970677252
11.347213206927655,84729,0.0134864000744026,0.01019963653584519,0.012959946370744506,0.01327005175638006,0.013346427140714524,0.013454736336783055
11.348746334571867,84859,0.0154132486809729,0.010426629189556178,0.013407513441551855,0.01394621290529555,0.013808584781398958,0.015069628904399585
11.350277115333324,84989,0.0154666933679047,0.010657494665190016,0.013932000918098717,0.015097974779023311,0.015432526072149198,0.01604911624638165
11.351817304575471,85120,0.0176255838919617,0.010893597723742918,0.014537552278328111,0.016714285882673877,0.01826080122620381,0.017018858848126844
11.353355125282244,85251,0.0205783297859551,0.011132713842260044,0.015218950406382168,0.01871608363419142,0.02174448830020607,0.01950788185134984
11.354890584727222,85382,0.0238124277393969,0.011374377789928494,0.015974039016226273,0.02098982143845538,0.025228952756053632,0.023361818385565405
11.356423690150535,85513,0.030704427800765,0.011618123083174444,0.016800013407082384,0.02339128578999482,0.028284367992943198,0.031127420460211296
11.357954448759068,85644,0.0335255804966247,0.011863482882976114,0.017693454995782756,0.025760876422182777,0.0306498070744965,0.03613861976757701
11.35949452606732,85776,0.0310718188904051,0.012111875839100249,0.018657909518644978,0.027956884524217934,0.032021343650799436,0.031765886989178996
11.361032235184185,85908,0.0265088041665047,0.01236095896613486,0.019682186527347274,0.029820676080593023,0.03200065497777498,0.029350362426309732
11.362555960812962,86039,0.0303111404010735,0.012608370700201042,0.020752804125019703,0.031239423923186557,0.03048089192170894,0.029922240847468688
11.364100577898318,86172,0.026999811740651,0.01285930579223366,0.021889311040553066,0.03218345181639437,0.02787844749681383,0.027733722301994865
11.365631225939456,86304,0.0255582829798603,0.013107633406361613,0.023060684698006154,0.03262050042806682,0.025214108591411367,0.025766916288153568
11.367171103863992,86437,0.0236710139933626,0.013356647370971898,0.0242783339271537,0.032601596138458054,0.02344742123426835,0.02367337794623929
11.36869706279737,86569,0.0206266134800774,0.013602144876818368,0.025517420941770043,0.03221186644339749,0.023235653295638967,0.02163267869677035
11.37023223055332,86702,0.0259870533899442,0.013847389362388739,0.026789937851745698,0.03155956499380932,0.024874968566808563,0.02590015466291589
11.371776561208646,86836,0.0321581368683688,0.014091876309357933,0.02808940107952086,0.03076931279325984,0.028367676153225045,0.03406347275848004
11.37330701229993,86969,0.0336870120771688,0.01433151059603508,0.029389362344836488,0.029983484950778985,0.03293724085149037,0.03297565614424147
11.374846605416211,87103,0.0311952270941199,0.014569454430977673,0.030702248958533827,0.029312668644784927,0.03710509786429064,0.031179385089697777
11.376372368737115,87236,0.0361818449488786,0.014801729349279053,0.032001479650589096,0.028873246504829475,0.039213610742881204,0.03682680598892371
11.37790725329214,87370,0.0442476319426215,0.01503140752902009,0.03329965921101366,0.02875028773181003,0.03874221305928628,0.040008974947237166
11.379451213570258,87505,0.038035794774946,0.015257974910628056,0.034589672703804995,0.02903071617231505,0.0364865261589542,0.038075501311733984
11.38098138332938,87639,0.0353003501671155,0.01547767273699867,0.03584580398848262,0.02977972898995491,0.03398466491819837,0.03724122658427433
11.38252060820614,87774,0.0354645989616824,0.015693386876406822,0.037080414511556595,0.03107016775093898,0.032412215875405964,0.0340549873784424
11.384057467510363,87909,0.0314713613858295,0.0159030759125375,0.03827793311525532,0.03294957635046232,0.03230950520276847,0.03137536509861951
11.385591968501997,88044,0.0329335861376451,0.01610637222747415,0.03943262938502131,0.03545095599402307,0.033619745706747264,0.03314901701169568
11.387124118407616,88179,0.0324047817338348,0.01630292307478242,0.04053917265322367,0.03857699189628045,0.03596857819305924,0.03269908707989968
11.38865392442064,88314,0.0299806010351514,0.016492391088233083,0.041592658696970555,0.04228591063902287,0.038940757198478164,0.03350226976032705
11.390192699587931,88450,0.046848639468995,0.01667577497510296,0.04259578359185497,0.046511423781345124,0.04237247773349323,0.0460710079034793
11.391729110563698,88586,0.0575664632059923,0.016851332439905296,0.0435364589971223,0.05106163196516508,0.04637453251568084,0.05776123277250936
11.393263164601542,88722,0.0529305922724147,0.017018768678381892,0.04441109178296318,0.05570681451466436,0.05120973382178167,0.05405292158001075
11.394794868921728,88858,0.055183917936104,0.01717780645231068,0.04521658211967118,0.060168185751953124,0.05689767923326816,0.05232197852400068
11.396335467360853,88995,0.0515554625105207,0.017329259488363065,0.04595544778764972,0.06416983554922638,0.06295882451851369,0.05650259807517875
11.397873696006858,89132,0.0672713831860013,0.017471680535128528,0.04661934459244976,0.06737846799514012,0.06830398650030989,0.06242663111741091
11.399409562139118,89269,0.0744621227147387,0.01760484218039947,0.04720660566560235,0.06954183774930457,0.07184521383938937,0.07448978033098916
11.400943073003516,89406,0.0759476899242612,0.01772853625205458,0.04771604612402085,0.07048864776260086,0.07308457450011303,0.07932695905999843
11.402474235812647,89543,0.0738152906213601,0.017842574007024603,0.04814694634516063,0.07015230375156276,0.07236153446786088,0.07403774635319191
11.404014208442124,89681,0.0705117450937143,0.01794751045326093,0.048501312358197816,0.06856442454151442,0.07047896295232509,0.07635871929894093
11.405540679638088,89818,0.0718682298817537,0.018041674458440578,0.048774159098396316,0.06590346626330279,0.06811970469025347,0.07075138704087602
11.407075940878377,89956,0.0556838152796625,0.018126309047968348,0.048970027071678614,0.06237402656454714,0.06531252861118937,0.05454822389293124
11.408619948160917,90095,0.0548317040186687,0.018201078037038777,0.049088145548711756,0.058259636296290315,0.06158802014994198,0.05534597639171894
11.41015049280112,90233,0.0633264391787282,0.0182648133767963,0.04912811668788368,0.05393631375475136,0.05655999842509776,0.06122125530135063
11.411689763889353,90372,0.0492028730374075,0.018318366362171355,0.04909216173961195,0.04964185958662088,0.05034339937742541,0.05224140339296905
11.413215620821216,90510,0.0502655968115397,0.01836091517538746,0.04898271734523695,0.045689300127544075,0.043998002587459006,0.04763544203260291
11.414750184682548,90649,0.0466439672267188,0.018393045214607794,0.04880039911020858,0.042212720597301134,0.0387412746454764,0.04387334067920337
11.41629341187624,90789,0.0335306666787538,0.01841451311879501,0.04854612143204147,0.039350654575179264,0.0356005258318311,0.032233265620849466
11.417823263536905,90928,0.0321637816815827,0.018425021726300898,0.0482261844221573,0.03721061130144785,0.03496406308838494,0.03102951384749729
11.419361759191911,91068,0.0344689271634589,0.01842475236074868,0.047838852622120925,0.03577956142650675,0.0365069017828786,0.03714800403044713
11.420897891513556,91208,0.0384975180697357,0.018413641086448773,0.04738921766573882,0.03505558069922523,0.03930201616161639,0.036555609866642746
11.422431667751482,91348,0.0369966421475012,0.018391758664876537,0.04688042596627126,0.03498923611074159,0.041943933981710264,0.04148191101365465
11.42396309512204,91488,0.0502547407822664,0.018359195617927777,0.046315712311784676,0.035504515807350534,0.04311006359485281,0.050689799633084134
11.425503094443416,91629,0.0438816542721306,0.018315716024111896,0.045693783039386676,0.03650574074692285,0.042260013090226256,0.04556980623793008
11.42704072581306,91770,0.0380125894873247,0.018261645891900106,0.04502188217912467,0.03785275664927742,0.03990129073675293,0.0386978519286329
11.428575996501866,91911,0.0380787410876122,0.018197135986722054,0.04430343420033226,0.039374504648932974,0.03715555735,0.035506097287439975
11.430108913747295,92052,0.0305076904405682,0.01812235563554312,0.04354186007200329,0.04087332894854283,0.035040516165636956,0.030180988443569284
11.431639484753578,92193,0.0284672460921947,0.01803749220772443,0.04274055926396571,0.04213930853824972,0.03407923532782789,0.031177297598348322
11.433178546879972,92335,0.0390569392056989,0.017942043884648623,0.0418968313194997,0.04297598643878997,0.0343125810630159,0.03824658545554077
11.434715243933669,92477,0.0407790801407772,0.017836803358159355,0.04101960407100599,0.04320482925931043,0.03548358989438681,0.041164980074012106
11.436249583172312,92619,0.043423445386132,0.017722014020241175,0.04011219712378604,0.042718705466334966,0.03721954607034492,0.04069201153035962
11.4377815718202,92761,0.038321230815511,0.01759793541247622,0.03917785802365048,0.04148946215108023,0.03916180001055258,0.0368646277797756
11.439321980925596,92904,0.0335749015617094,0.017463874004158667,0.03821293148907927,0.039557866879870014,0.04096677650714763,0.034414273415308436
11.440849273505348,93046,0.0452869732494207,0.0173219963636886,0.037234016379045984,0.03708465387031226,0.04215742237525072,0.041165062158791225
11.442384967957022,93189,0.042610596221628,0.017170612901101976,0.036230370306354426,0.034226519388717444,0.04216531919235861,0.04560710839286673
11.44391830766695,93332,0.0462213658069838,0.017011016373615313,0.03521179174131443,0.031219290357697677,0.04044985419980299,0.040847944786525106
11.445459997835696,93476,0.0367104710537849,0.016842345923790837,0.03417392426813684,0.028259819009318194,0.03688049464905139,0.038370489833858656
11.446988633318698,93619,0.0343406266917955,0.016667295687352326,0.03313400000130656,0.025577204876304903,0.03208576234416653,0.03313672373482844
11.44852560088599,93763,0.0278077971495518,0.01648378382040817,0.032080235244276036,0.02327681366747438,0.027075929498076717,0.02515027497315949
11.450060209808678,93907,0.0233249338956832,0.016293387798812266,0.0310225714378742,0.021470501852484777,0.022910959126748037,0.023860075713814457
11.451603099787496,94052,0.021567954075703,0.016095108059751166,0.02995628246842559,0.020197598755945352,0.020098920962784962,0.021938201784397832
11.453132996817873,94196,0.0164178584232686,0.015892080592967196,0.028898650656024094,0.0194884555043919,0.0186307828856462,0.01623112809938314
11.454671156739671,94341,0.0146766165277759,0.0156818989305448,0.027837525665345107,0.019325492958403676,0.018063353092632572,0.016055285397240528
11.456206954358665,94486,0.0205065607583308,0.01546637560535912,0.02678276060691431,0.01969570824443789,0.017860217557688646,0.01977945532739124
11.45774039691976,94631,0.0179687646065082,0.015245940927649483,0.025736810876270007,0.020567922991293276,0.017618622787329362,0.019608722453211696
11.459271491634595,94776,0.0200608868369115,0.015021031172107492,0.024702093270214994,0.021892642373641684,0.01733181062821563,0.017815411747003566
11.460810780702776,94922,0.018080860632834,0.014790495796542161,0.023674003028274916,0.02360328493232189,0.017423138452154936,0.017531346398411453
11.462347704001257,95068,0.0186444463173101,0.014556325704566168,0.02266212474121828,0.025569752305992354,0.018555696507418885,0.01813314185503618
11.463882268790895,95214,0.018233480498862,0.014318979126324516,0.021668842395413425,0.027623925277651198,0.021391997147072114,0.02044833821332666
11.465414482299176,95360,0.0242432213307804,0.014078916780827396,0.02069652045537542,0.029559257258893287,0.026322625121014784,0.024909453188890027
11.466944351720404,95506,0.0336508204172279,0.013836600977380747,0.019747505760798027,0.031150497200331473,0.03295781591705393,0.03163097186271997
11.468482338725735,95653,0.0399541533582319,0.01359081765998526,0.018817897074127794,0.03218802827516776,0.03974937561147849,0.04109503626231825
11.470017963958952,95800,0.0525030863196583,0.013343691688831977,0.01791663610552224,0.03248650756851581,0.04427071471188349,0.04981811806318614
11.471551234662522,95947,0.0469198596162102,0.013095694390232289,0.017046058964317875,0.03194987797186565,0.04478041506503513,0.04962165135155854
11.473092564468503,96095,0.039263830456642,0.012845605033513051,0.016202894519547886,0.030566844692424603,0.041302127657041506,0.03858372546124727
11.474621131812514,96242,0.0270898076046355,0.012597272381187628,0.01540082355447472,0.028457775770464426,0.03552711473485606,0.02905694901803768
11.476157740778014,96390,0.0284457824381607,0.012347787448113698,0.014631196653772098,0.0257834866471189,0.029342020538348786,0.027479448002094224
11.477691992198562,96538,0.0285221430799028,0.012099308056579171,0.013901813866467161,0.02280341368808687,0.023975067209237828,0.026960700873960842
11.479234236002762,96687,0.0243314849941221,0.011850633495736838,0.013210334365476757,0.01976236678379182,0.019636984551478033,0.021862082080457923
11.480763778161831,96835,0.0151011946048635,0.011605560191030775,0.012568120439068206,0.01694413385831471,0.01613256051214434,0.016501477384166168
11.48230129542642,96984,0.0139053102066603,0.011361231774005538,0.011968492745397788,0.01449880723514179,0.013214812281202172,0.013327054215844292
11.483836452360253,97133,0.0111960264233164,0.011119761154921935,0.011417836502416307,0.012558502415169374,0.011014846526288723,0.011327531427699346
11.485369256199183,97282,0.0096098523725999,0.010881589441964786,0.010917907322494067,0.011154493517483145,0.009766818518765933,0.009676171841536983
11.486909977766947,97432,0.0095741886793458,0.010645588292726387,0.010467481152886156,0.010243981678036682,0.009447125799135207,0.009655566250390265
11.488438081318955,97581,0.0102357060629717,0.010415327948765233,0.010073995918990119,0.009752395740810955,0.009644053543764096,0.009851408992904074
11.48997408555312,97731,0.0098314503190608,0.010188133844570357,0.009733417167353639,0.009563013319640153,0.009860702069645306,0.00974562320261611
11.491507734096164,97881,0.0102035717617193,0.00996597244067751,0.0094496046838006,0.009570869749152184,0.009899283765851096,0.009840504440013123
11.493049234965437,98032,0.0101121849133478,0.009747811908677826,0.009222042718359504,0.00968579787912929,0.009882067548293934,0.009933684089798292
11.494578178152167,98182,0.0101890887889641,0.009536924660686954,0.009054290066987929,0.009841757813303258,0.009966884448098262,0.010052990773984014
11.496114956817593,98333,0.0101828429853117,0.009330871114070804,0.008944383069076706,0.01000342650156881,0.010151907609613334,0.01017279777476098
11.497649377417712,98484,0.0102862501579106,0.0091314367417864,0.008893617305630253,0.01015479584194326,0.010324474844173823,0.01021536749247552
11.499181447177968,98635,0.0109517484404644,0.008938965954293606,0.008901668301665132,0.010295951760767228,0.010399882107659087,0.010856781431207918
11.50072129613132,98787,0.0110072166977199,0.00875258610130127,0.008968525862780657,0.010436323323601645,0.01038262990622597,0.01080295627583425
11.502258777594983,98939,0.0104951750913745,0.008573914107725823,0.009093347669514494,0.010587739548891,0.010363862123398185,0.010443394774332065
11.503793898837728,99091,0.0105600137552289,0.008403251635303519,0.009274812960173264,0.01076516665064692,0.010512224288647475,0.010505692827667314
11.5053266670949,99243,0.0110263561777074,0.008240882915335371,0.009511263940989119,0.01098503961318735,0.01103705901961546,0.011096245057018912
11.50685708956862,99395,0.0133860832842484,0.00808707439660589,0.009800708554490735,0.011264172620139012,0.012062922020719666,0.013436438340709064
11.508395218883695,99548,0.0137461689732512,0.0079411501705159,0.010143226637443273,0.01161966444398816,0.013460741080489756,0.01492448606657455
11.5099309859899,99701,0.0141103243921322,0.007804385250193021,0.01053439599972135,0.01205780340701886,0.014780002173212809,0.014776412811341642
11.511464398131713,99854,0.012465073227603,0.007676995021750717,0.010971213678956775,0.012574368288924078,0.015531452343121779,0.013600318612181807
11.5130054617704,100008,0.0143481537982479,0.0075584373833711815,0.011453646211678851,0.013152902127610767,0.015551407524919665,0.013886434021779538
11.514534170309645,100161,0.0165244517335584,0.007450429551559624,0.011971838706005863,0.013748475919043594,0.015109753326813611,0.01677354713038262
11.5160705141143,100315,0.0162674385993392,0.007351718773998778,0.012528692489900487,0.014317831511243051,0.014652866524815941,0.016319026546875292
11.51760450118696,100469,0.013299149869883,0.007263183073668165,0.013116826577818538,0.014800624176836218,0.014513067317111886,0.01381180215780499
11.519146076783285,100624,0.0143102595803397,0.007184467851021687,0.0137360030705371,0.015147849522767046,0.014790675049972087,0.014787950659864825
11.520675356830289,100778,0.0171181444632335,0.007116688586145905,0.014373738945418454,0.015320795499848328,0.015341340584637373,0.01629299007291929
11.52221220936196,100933,0.015810416276256,0.007059045108087078,0.015033660078115466,0.015311957117914023,0.015800619485136728,0.015669945267155275
11.523746703601812,101088,0.015533038949402,0.007012071489765667,0.015706927100420827,0.015137230793619848,0.015728188583166828,0.015416698064638223
11.525278846776327,101243,0.0134328714072277,0.006975807027693287,0.01638872842652821,0.014838158398492337,0.014964879146970313,0.014233213969326539
11.526818508157652,101399,0.0136894593776694,0.006950140663064829,0.017078673431799866,0.014469381003190639,0.013796557439209975,0.013344887425510165
11.528355802625589,101555,0.0150553733142455,0.0069353396624592415,0.017767516264069253,0.014095846292597927,0.012738113407355534,0.013932647052259956
11.529890737446248,101711,0.0120098133795766,0.006931381967053915,0.018450468905734867,0.013776685729720684,0.012122132140008998,0.012799939695089274
11.531423319852347,101867,0.0122157956078649,0.00693822521862478,0.019122866507877274,0.013561624682837548,0.012015527212675412,0.01167679656167423
11.532963358706736,102024,0.0121003273787909,0.006955954233372427,0.019784363155778993,0.013491546040766429,0.012427143312239503,0.01251490282951757
11.534491242884789,102180,0.0128851708194172,0.006984260630921199,0.02042220933621483,0.013604743011841124,0.013402363468620065,0.013418967791772407
11.536026567878215,102337,0.014125727222984,0.007023404437252822,0.02104046359707734,0.01394446225531137,0.014921039373373673,0.01404266458567976
11.5375595392619,102494,0.0165799110212626,0.007073115714937038,0.021631104664207167,0.014562861642680194,0.01674450264487788,0.017282923734913243
11.539099905939691,102652,0.0223375590314866,0.007133668863777369,0.022194029731400874,0.01553064830431506,0.018554772461012774,0.019738774618224254
11.540637903536764,102810,0.0182513834855488,0.00720461763234858,0.022722096503025403,0.016913765415325716,0.020133145458547216,0.019675694297362892
11.542173539329214,102968,0.0231355438633865,0.0072857802238940296,0.02321238082808922,0.018770792000139164,0.02150539120855829,0.021961897257023882
11.543706820559663,103126,0.0205053447277224,0.007376956935401955,0.023662340398583635,0.02113026628296729,0.022864108099351025,0.023524524478671996
11.545237754437474,103284,0.0228844896688406,0.0074779307275117226,0.024069828251616104,0.023970950397286892,0.02444136399921258,0.023066968499603574
11.546776015345364,103443,0.024979575895205,0.0075891973527343545,0.024435256833631652,0.02722917242880848,0.026437580303670105,0.02605320535727893
11.548311913640486,103602,0.0313959546801199,0.007709893970192177,0.02475455074946454,0.030732643963695457,0.028959867096755458,0.030661233879931502
11.549845456569171,103761,0.0308225090433874,0.007839749978908385,0.02502676859451401,0.03426606930262358,0.03204727129367594,0.032577874714268464
11.551376651344482,103920,0.0308579556838013,0.007978479587703678,0.025251381057407804,0.03757742723298771,0.03563782204023602,0.034365119168485225
11.552915113186389,104080,0.0413797681145705,0.008126735423150356,0.025429222586881312,0.04042587551119245,0.03952752841170333,0.03787025516165041
11.554451211798726,104240,0.0384479123278802,0.008283352693460628,0.025558996012136705,0.04255963999476935,0.04321610105269533,0.043894910980260826
11.555984954430675,104400,0.0497791391185306,0.00844799799029021,0.025641346425435217,0.04381292757532122,0.04598410456237463,0.050243818554873185
11.557516348298105,104560,0.0507687896155414,0.008620325323209735,0.025677274998708075,0.04410656198747276,0.047057566408519755,0.04866418266839706
11.559054949812444,104721,0.0432958008506915,0.008801121991913219,0.02566791745689713,0.0434492957220864,0.045940316570706324,0.041883447371824006
11.560591187668424,104882,0.0426302209963275,0.008988958972437178,0.025614569469725193,0.04194183937725354,0.0427469430956426,0.040267890610781135
11.562125069117196,105043,0.0381829206487982,0.009183450061663666,0.025519173721952983,0.039759348584026306,0.03825626114200756,0.0404012563297783
11.563656601376586,105204,0.0347326361122132,0.009384199465341312,0.02538391711774754,0.03711772039095457,0.033570877358624136,0.03400144655823989
11.565195282403907,105366,0.0254859466648073,0.009592103332863337,0.025210011493459354,0.034224359333297594,0.029632336035439147,0.028518792637450427
11.566731599528756,105528,0.0316230444363834,0.009805513741724671,0.025000793958509057,0.03130580767183278,0.02700803060437579,0.02993469197096286
11.568265560003391,105690,0.0268124053516382,0.01002400332192888,0.02475902557220757,0.02853442542228338,0.0257766484515054,0.02857055448947471
11.569797171046767,105852,0.024137293540484,0.01024713839503669,0.02448757302536724,0.026032944070189433,0.02568239358651109,0.022188747496663178
11.57133587251665,106015,0.0231652418423474,0.010475895347675205,0.024187455653884034,0.023861103598659405,0.02623880950784569,0.022819193889077598
11.572872210021291,106178,0.0282841610027656,0.010708458867822568,0.02386328856180543,0.022062864621603312,0.026791128409420606,0.029544908095273444
11.574406190813248,106341,0.0289880416220724,0.010944373304551225,0.023518104353967707,0.0206303703498698,0.0266857261081586,0.028760067469598527
11.575937822111753,106504,0.0228731864503741,0.011183180172726615,0.023154908533952058,0.01953171590560009,0.025523332667773235,0.024023453963870747
11.577476486029676,106668,0.0245391388028505,0.011425905597264668,0.022774289858704548,0.01871674873883647,0.023326321075371956,0.023733644058312093
11.57901278609765,106832,0.0215145837853584,0.011670622946210964,0.02238134524810019,0.018139654367690647,0.02054745399499681,0.023132480919901877
11.580546729567704,106996,0.0192307927840305,0.011916862035213107,0.021978889043386678,0.01774517315668971,0.017799301890981112,0.018531344105294265
11.582078323658545,107160,0.0127479994685819,0.012164153405384457,0.021569608338523904,0.01747954354272888,0.015574340932453298,0.013417762051571155
11.583616893092762,107325,0.0119701537089419,0.012413541477728048,0.02115351602598458,0.01729189365376703,0.014099692385546404,0.011735487363960156
11.585153098967108,107490,0.0143130524878721,0.012663047191665921,0.020735517436616703,0.0171397005949259,0.013409767826257437,0.014571344677984942
11.586686948532282,107655,0.016854708234379,0.012912200015361145,0.020317867573592323,0.016987316434729543,0.013430480867488446,0.017415945641487535
11.58821844900566,107820,0.0157237427365838,0.01316053367883902,0.019902640685420123,0.016810277059757475,0.014072826407187263,0.014604845372253733
11.58975686807408,107986,0.014012406866792,0.013409079468434263,0.01948925182573472,0.016595477553716785,0.015226162778575811,0.013662565866312825
11.59129292404424,108152,0.0168836162111998,0.013655865799849306,0.01908195873166836,0.016345285138566902,0.016680585804192,0.01628320139465582
11.592826624164712,108318,0.0161139396747046,0.01390043598176466,0.018682301803497902,0.016073076101653476,0.018123214199815666,0.017236803172186427
11.594367193557472,108485,0.0203676865967557,0.014143789275848351,0.018289309261632053,0.015799887101447915,0.01919891140202221,0.018172668504872546
11.595896189507844,108651,0.0190201944228593,0.014382568493959719,0.01790886145622419,0.015557460899597239,0.019600853922229138,0.020835653400886625
11.597432040896567,108818,0.0194859415847545,0.014619213483121684,0.017537378454439013,0.015373741978592089,0.01922215644198167,0.020133252640346225
11.598965537062613,108985,0.0186113208437404,0.014851846860905767,0.017178020713095245,0.015280481576355266,0.01818718698228515,0.018811985122414415
11.600505846712611,109153,0.0173518875741285,0.015081402688666343,0.016829426295833207,0.015305400985364634,0.016815416136017496,0.019118045316006815
11.602034640042003,109320,0.0147059811975812,0.015304739416068115,0.01649626803807787,0.01547101996662856,0.015524772468838054,0.015551607353779967
11.60357023319228,109488,0.0125030024120685,0.01552413207920569,0.01617493877064148,0.015796499872069502,0.01463948876575207,0.01157825052695277
11.605112591297663,109657,0.0122326377362755,0.015739094046555758,0.01586593878325942,0.01629445503055615,0.014380374012011754,0.01242387683830702
11.60664346884398,109825,0.018249848454584,0.01594670464362729,0.015573053025418959,0.01695862472897649,0.014849068588171149,0.01734830704182626
11.60818109783235,109994,0.019618456445362,0.01614907015531518,0.015292810203539228,0.01778321451025988,0.016052018799774775,0.02028959751701934
11.60971636614719,110163,0.0210764214736008,0.01634458429316617,0.015026908448306566,0.01873456049752546,0.0178474165295855,0.01896274191048427
11.611249281025923,110332,0.0174675281242149,0.016532910691933373,0.014775166298831317,0.019764132623939137,0.019910041477136348,0.018063187953363403
11.612779849672751,110501,0.0183267468759114,0.01671372908808127,0.014537318376739713,0.020805651721013903,0.02180586069254209,0.0190834680396989
11.61431711509042,110671,0.0221179060883247,0.016887735633316324,0.014311736605519727,0.021784281033117105,0.023188449415386753,0.021233129036711183
11.61585202094993,110841,0.0270807263316093,0.017053545876520713,0.014099454528466336,0.02260527884474186,0.023928590387555126,0.024882594365486704
11.61739358255932,111012,0.0259452444777405,0.01721178560648388,0.01389885986115558,0.02318577095563784,0.024138574042204805,0.02766897107787194
11.618923777192578,111182,0.0283508332856337,0.01736034673251275,0.013711765909493781,0.02344760060753847,0.023999702912845845,0.025796492058791705
11.620460614397125,111353,0.0248771318444264,0.01750073629362528,0.013535385900074222,0.02334690599093968,0.0236040944964383,0.022915074940741548
11.621995093356848,111524,0.0222099803712959,0.017631831384686675,0.01337022464826252,0.02286648589527813,0.02290931852706204,0.021669146838210092
11.623527221298025,111695,0.0227406949638385,0.017753428292386804,0.013215612961226496,0.022027025128686293,0.021829305336512804,0.02016744011581667
11.625065944640422,111867,0.0197580982620171,0.017865968382358884,0.013070030258738074,0.020874582902231438,0.020375838811262932,0.019856410004340727
11.626602303950422,112039,0.0217133222695124,0.01796854485441028,0.012933669417708292,0.01949344588712186,0.018761025457673757,0.020990417630263776
11.62813630648089,112211,0.0170923628840504,0.018061010250955464,0.012805766394205336,0.01797896598454484,0.01729748401910135,0.01885996783326147
11.629667959451364,112383,0.0140376216752359,0.018143237304475323,0.012685540355074316,0.01642899200945238,0.01623062499789065,0.015091963782479461
11.63120615455413,112556,0.0136982394425919,0.018215506450976526,0.01257155923828204,0.01492391863689763,0.015603788619665491,0.01454125532069501
11.632741987246105,112729,0.0183815259047639,0.018277221262069654,0.012463733606010337,0.013544895686845653,0.015232528569654607,0.015982933930541215
11.6342754647727,112902,0.0151281757673904,0.018328314044733982,0.01236125586582221,0.012340879721462597,0.014747071504473965,0.01548290211344787
11.635806594346043,113075,0.0144195656472204,0.018368737635701553,0.012263328607353177,0.01133694172351349,0.013785556142639337,0.013457791686245722
11.63734421328422,113249,0.0144316254959772,0.018398605993227474,0.012168638082836072,0.010533129748108478,0.012257680817515874,0.012306033146156173
11.638879471579704,113423,0.0106196635474209,0.0184176478194994,0.012076998056330734,0.009923961026639205,0.010505983100395608,0.011024786165819143
11.640412376469774,113597,0.0087345472126006,0.018425877024207126,0.011987681195884309,0.00948767899711523,0.009061910435998657,0.00879181107851975
11.64195172470596,113772,0.0078496003057803,0.01842328206070947,0.011899507189486855,0.009197055628004058,0.008232658570464775,0.007894423966765679
11.643488706990707,113947,0.0080882349034923,0.0184098395338119,0.011812362413024838,0.00902872315696314,0.007958646947822511,0.008278418874867926
11.645023330585715,114122,0.009262652822104,0.018385624677411658,0.011725683355860259,0.008958788565127858,0.008022594407231165,0.008758130878035408
11.646555602719292,114297,0.0083821558317339,0.018350732475964245,0.011638986380734774,0.008966523923098657,0.008329592243919284,0.008377507767760998
11.648094266309124,114473,0.0081435690398803,0.018304987424371883,0.011551378171377982,0.009034437378919829,0.008886939342448334,0.008392676709245333
11.649630566050018,114649,0.0103823400382236,0.018248693958751838,0.011463054384582663,0.009146195215223633,0.00961259563118302,0.009302500147453022
11.651164509193997,114825,0.0094779809778029,0.018182006620967382,0.011373825918820657,0.009286366170144882,0.01031230393191779,0.010646002769164633
11.652696102959752,115001,0.0131748952813796,0.018105098365976083,0.011283621266789627,0.009440347425625998,0.010825899347149755,0.0112809670849931
11.654234036784189,115178,0.010654243605742,0.01801763780351991,0.011191972263943029,0.009595603856147992,0.011129416397321505,0.011576666579084453
11.655769608999709,115355,0.0120124586563147,0.017920244683412093,0.011099571636146208,0.009739738127571174,0.011280189904082426,0.01186703730374286
11.65730282684804,115532,0.012090871989937,0.01781314794984691,0.011006734990953157,0.009864218200530678,0.011318759599064787,0.01133378431479255
11.658833697537643,115709,0.0113064234086294,0.0176965930736375,0.010913910342513032,0.009964217450765752,0.01122033099707382,0.010436578594833962
11.660370857376751,115887,0.0106753103454815,0.01757010534258402,0.010821157268341711,0.010039155806565253,0.010939395812250964,0.0104704183353232
11.661905657981547,116065,0.0105861394198767,0.017434597966949815,0.010729715149936921,0.010091021715771888,0.010504785331083255,0.011014451754374368
11.663446709214384,116244,0.0111454364012422,0.01728953280847258,0.01063992352682518,0.010125291138742977,0.010050854692527368,0.010692419588358227
11.664976799857,116422,0.0098254372313884,0.01713684256050131,0.01055373173402789,0.010148480639889863,0.009743642528948899,0.009907922372685334
11.666513129191085,116601,0.009654829873883,0.01697513940718144,0.010471220030655206,0.010168205348466276,0.009643088534658461,0.009596688012849065
11.668047101837528,116780,0.0099272032994398,0.016805599939679446,0.01039401510243202,0.010191192356194216,0.009699850926381006,0.00970831780714974
11.669587274983606,116960,0.0101544443546819,0.01662756927848675,0.010322935374481685,0.01022350670322583,0.009838926189450958,0.010002740277066257
11.671116542813754,117139,0.0100724148988035,0.016443393035183475,0.010260007722796564,0.010269515214385988,0.010023191120553096,0.010130602402561983
11.672651999359186,117319,0.0105051243684891,0.01625139430846081,0.010205790349028748,0.01033353206859137,0.01024070321279085,0.010169431061275571
11.674185101891837,117499,0.0103217633578206,0.016052974994510874,0.010161914228483187,0.01041853718059058,0.01047185714439947,0.010622862803850433
11.67572435527532,117680,0.0112541917084848,0.01584738498239332,0.0101294532872096,0.01052806918093185,0.010714393639684936,0.011338497268994113
11.677261242998709,117861,0.0106983644083915,0.01563612586886738,0.0101098542435196,0.010664381489108643,0.011005943558713297,0.011062591354798734
11.678795772322353,118042,0.0108602065701582,0.01541962202320743,0.010104195006835489,0.01082969611067651,0.011421850095018596,0.01116130685870886
11.680327950473234,118223,0.0123444500425895,0.015198304464319117,0.01011343054066609,0.011025320195684587,0.01202822391166754,0.011965323028491672
11.681866230270122,118405,0.0119795381650749,0.014971351703431706,0.010138548669809552,0.011252320075921885,0.012798764430374305,0.012723876935436269
11.68340214739626,118587,0.0143326288267779,0.014740422549256418,0.010180180809314997,0.011507142122116898,0.013524170942412813,0.013711117466679953
11.684935709098252,118769,0.0146511728147046,0.014505970111504788,0.01023876498179821,0.011784383891776815,0.013891980807993008,0.014453313331180781
11.68646692258942,118951,0.0145135790943142,0.014268450675801613,0.010314516494782155,0.012075563377816253,0.013722810962139845,0.013963000900883541
11.6880041889946,119134,0.0130497748246942,0.014026997066994038,0.010407968331088813,0.012370907388754177,0.013150989996604296,0.013267327555291654
11.689539095838589,119317,0.0135170710228039,0.013783373864976549,0.010518469391294303,0.012655023642815847,0.012537531510628159,0.01244023285466708
11.691071650353702,119500,0.0118465219153669,0.013538049169534222,0.010645470210547398,0.012912963016164427,0.012169680625571291,0.01199654949759477
11.69261021510968,119684,0.0128054632128761,0.013290140861318345,0.010788971242218377,0.013131211973620719,0.012093055747200519,0.012226050594113825
11.69414641632015,119868,0.0124500425186233,0.013041459421901476,0.010947214436533613,0.01329563492479793,0.012208868476558972,0.012559383992415532
11.695680261235742,120052,0.0128807728371688,0.012792476840602755,0.011118822297766133,0.01339757737984626,0.012444800951212864,0.012597062422257634
11.69721175707377,120236,0.0131944886517957,0.012543662066569554,0.01130216101800947,0.013434030366044323,0.012794828263402492,0.012753765546776196
11.698749215252352,120421,0.0128704342891308,0.012294133911953711,0.011496431621547289,0.013408642173133497,0.013230773097099226,0.013045632494059982
11.70028431328145,120606,0.0138252684501396,0.012045713368524088,0.011698546177621281,0.01333288488316446,0.013632764649563854,0.013505515789262018
11.701817058396085,120791,0.0140939575744769,0.011798862621884003,0.011906192066948746,0.013226541665601546,0.013847155698938265,0.014298812822703582
11.703355723866254,120977,0.0142027408781534,0.011552720314746865,0.012118042611345123,0.013116027501568121,0.013796692611634985,0.014268986279131719
11.704892025481712,121163,0.0136567759851477,0.011309081167855038,0.012330358116074651,0.013034914578947893,0.01355615338978794,0.013609414216700467
11.706425970494506,121349,0.0137160111951712,0.011068392671959556,0.012540430436980833,0.013019419879463296,0.013330174108908178,0.013390881345240135
11.707957566123364,121535,0.0135673236394276,0.010831093334480025,0.012745519498004353,0.013105676612023252,0.01332723141059649,0.013459279848769014
11.709495035029384,121722,0.0143600198048912,0.010596367749042827,0.01294393706107359,0.013327610079465004,0.01361727397217365,0.013976176504701676
11.711030143753012,121909,0.0136704300690321,0.010365926389981472,0.013131863897098727,0.013710103846962035,0.014080088299656925,0.013949156871339987
11.712562899529416,122096,0.0140792760491346,0.01014018303931542,0.013306717882051837,0.014266717547163639,0.014516802179665772,0.013916456013366
11.714101487278716,122284,0.014562976484207,0.009918373977103007,0.013466892612550579,0.015000989471804532,0.01482828975435357,0.01477804335384307
11.715637711411915,122472,0.0156840129872919,0.009702114763945863,0.013609186146194331,0.01589325317322751,0.015090475495939937,0.01622590830518892
11.717171579179976,122660,0.0174744459895749,0.009491787263932704,0.01373163930829371,0.016909844689774575,0.015513638226196518,0.016545237067335575
11.718703097800525,122848,0.0148082931525866,0.009287759240873723,0.013832607025050054,0.018002259809058473,0.016370893133867477,0.0160356736217946
11.720240402127525,123037,0.0181239114852547,0.009089352342199361,0.01391115056204332,0.019116358444916073,0.01794406065905052,0.01665228287623078
11.721775346777006,123226,0.0196594128082207,0.008898012329517747,0.013965755307976425,0.020178815296862305,0.020323407708592128,0.020094462350613122
11.723316041691776,123416,0.0236875425453054,0.00871311354741645,0.013996019375216861,0.0211256390983862,0.023176269214930486,0.02482756293847477
11.724846276261957,123605,0.0282434861482597,0.008536914588820655,0.014001571903372716,0.021883396021299326,0.02566905822412411,0.02683845689557785
11.726382250694895,123795,0.0246772524202911,0.008367848341788133,0.013982880991936526,0.022407471038060536,0.027002528234142335,0.026607982517754536
11.727915869528053,123985,0.0260684295701253,0.008207149050227328,0.013940731744500902,0.02265656382107927,0.026872323585767965,0.02547102967555852
11.72945519309392,124176,0.0244166621859929,0.008054302918218395,0.013876074881299253,0.022612238807556972,0.025649696725189314,0.024945193477810473
11.730984110033608,124366,0.0258055382298576,0.00791115652910599,0.013791392473746732,0.022278160834017388,0.024015504194070076,0.02550684391513512
11.732518721439416,124557,0.0245642434286402,0.007776432155795265,0.013688045930099738,0.021674159554528713,0.02243713866469582,0.02422081189375788
11.734058997549573,124749,0.0214779072324727,0.0076504869146812255,0.013568438273630726,0.02083752199750588,0.021022674374634197,0.020990444183574094
11.73558890104756,124940,0.0194879145141303,0.007534825221501163,0.01343686348446274,0.019832218194737447,0.01962610498433961,0.018524216213607822
11.737124459108657,125132,0.0177812347558078,0.007428410048269692,0.013295335192333306,0.018712545056020928,0.018063899483888222,0.017045428552980683
11.738665642131703,125325,0.0155113616588871,0.0073315517959148535,0.013147410605513733,0.017546472556744616,0.016390131524658028,0.016467033546026133
11.740196486547678,125517,0.016350860661359,0.007245389532313777,0.012998517275204428,0.01641450461636719,0.014914712984031384,0.01595689078635376
11.741732945908876,125710,0.0143911029229046,0.007169141630394271,0.01285116344988039,0.015368167196647338,0.013904906761518222,0.01445860364277351
11.743267048183812,125903,0.0138142528225989,0.007103379485992468,0.01271026428186749,0.014467732556391097,0.013400177036590806,0.013507475777832475
11.744806731027662,126097,0.013384189096372,0.007047920094478936,0.012579306816494313,0.013752144110785082,0.013217455888186552,0.013265530368687627
11.746336128640216,126290,0.0132927784850368,0.007003390362177276,0.012463693911629457,0.013257007515367864,0.013170909162029721,0.0131854054028779
11.747871096936723,126484,0.0132363188578662,0.006969363786479526,0.012366134995439346,0.012990642585662853,0.01315806085500709,0.01319758052403211
11.749411606715514,126679,0.0133452674864452,0.006946021409475804,0.012290618431296783,0.012955145712554777,0.013127332494623988,0.013393613181579278
11.750941865107144,126873,0.0135812969931684,0.006933596737229821,0.012241274253536402,0.013135293586750196,0.01309531385084648,0.013551066508221427
11.752477655218454,127068,0.0132967362872759,0.006931935296623344,0.012220565782334707,0.01350476893091212,0.013180247956635822,0.013207333785023105
11.754011090294876,127263,0.0142097139768838,0.006941082264781821,0.012231326549458982,0.01402483508107306,0.013488481448525314,0.01394040246571795
11.755550023238888,127459,0.01544261622794,0.006961100417635976,0.012275846550078507,0.014653558259712849,0.013961006689771524,0.014796136503358082
11.757086591506908,127655,0.0141369357475219,0.006991882842575231,0.012355562121069466,0.015339093566215491,0.014424252920322147,0.015019361146836229
11.75862080235476,127851,0.0153093775063433,0.007033322037319849,0.012471242387036811,0.016032226078009047,0.01481511837538201,0.0145433276535491
11.760152663004922,128047,0.0144335591901491,0.007085291224436819,0.01262298688768018,0.016687792528009504,0.015279166435772599,0.014798921497813883
11.761689978312898,128244,0.0159006792035937,0.007147989280151454,0.012811251616003775,0.017270694215730412,0.016104852803822896,0.016088757866642833
11.763224933909672,128441,0.0169825877952549,0.007221011409325996,0.013034051329575667,0.017749119149248975,0.017588400318296407,0.01707938783506763
11.764757537028252,128638,0.0182483820587497,0.00730417286762306,0.013289382280366186,0.018106334272335656,0.019798360694375003,0.01921009397908493
11.766295556704264,128836,0.0243912986504821,0.0073977688024924135,0.013576079190472656,0.0183383644958231,0.022244993218739594,0.024044101711227193
11.767831214507895,129034,0.0248065035647978,0.007501179859103787,0.013889544634281622,0.018449343149071228,0.02384519984503463,0.026431259638120735
11.769364517682078,129232,0.0248129836292096,0.007614166282087675,0.014225784403773657,0.018454730557809957,0.023682356700790295,0.024477613927977003
11.770903199590675,129431,0.0217107804738195,0.007737113016461298,0.01458208042314265,0.018375877508749312,0.021826535116706174,0.02093626822301825
11.77243180330066,129629,0.0182486464500789,0.00786851172704817,0.014949802551549027,0.01823901218277351,0.01935017092630492,0.017108051438491395
11.7739734789446,129829,0.0157150751581611,0.008010129894199428,0.015329083897369233,0.01806794388538569,0.017349170088804298,0.016188586601509354
11.775505090861168,130028,0.0191589382070097,0.008159603881919782,0.015708453987040138,0.017889218256277102,0.016346990443511792,0.018249904419671427
11.7770420393993,130228,0.01778441085276,0.008318113426557312,0.01608561994758809,0.01772157010802372,0.016287948200997736,0.018475071188171963
11.778576629351187,130428,0.0175448240603585,0.008484591643582229,0.016452434723090815,0.017581481496845443,0.016954177488907308,0.01692812803174449
11.780108867944664,130628,0.0175856148733291,0.008658689008182178,0.01680266059611945,0.017479006725173236,0.01792370830626206,0.01757810699197929
11.781646405968868,130829,0.0190096964125985,0.008840968724608631,0.017131748331599497,0.01741840189857265,0.018520029433127486,0.017676687773362284
11.783181583598632,131030,0.0162387530183666,0.009030201474365097,0.01743192535928945,0.017399243077450523,0.018208784979540347,0.016422401094907144
11.784714408070093,131231,0.0179475536621882,0.009225999339433357,0.017697570684459905,0.017415160292608176,0.017121341101067184,0.017505723800608254
11.7862524950544,131433,0.0213725712116319,0.009428984555199353,0.01792454562605798,0.01745502020342251,0.01590881909027822,0.018340137876471815
11.787788219959753,131635,0.0158601280661827,0.009637787124416234,0.018106785684864672,0.017502795767357856,0.015156721794247267,0.015644745005550156
11.789321590030037,131837,0.0148004192757627,0.009851987242405841,0.0182403206222931,0.01753900121879757,0.01508273092387323,0.014422110368773002
11.79086018596713,132040,0.0145113531226647,0.010072254796603376,0.018322222128976422,0.017542267792827845,0.015765740482160714,0.015350761215568927
11.792388856397478,132242,0.0182861894423098,0.010295985018590987,0.018349325372254005,0.01749175769598704,0.017211634814197765,0.017317610046527123
11.793930294168684,132446,0.0194808114424743,0.01052608768854545,0.018320167372819333,0.017368600407414357,0.01908903725012563,0.019771967525889528
11.795461820901965,132649,0.0204816799645827,0.010758759397676211,0.018234287962555606,0.017162689401891335,0.020543632294231496,0.02077055696164213
11.796998532792234,132853,0.0202145303180004,0.010995835116900483,0.018091391471575388,0.016869216982960344,0.02081038446066822,0.01996403089334938
11.798532886821958,133057,0.0193450207292777,0.011235715545558196,0.017893363951738118,0.01649614846533217,0.019799870403769078,0.02028824942386021
11.800064890215642,133261,0.0203833023285456,0.011477937034360949,0.017642861945252098,0.016060247009500032,0.018135639083580107,0.019495341111662127
11.801602042737622,133466,0.0158972446432214,0.011723235487779565,0.017341997184953623,0.01558343915533677,0.016554064247363984,0.016151935297376126
11.803136836047733,133671,0.0142509210747029,0.011969957581658872,0.01699663355751932,0.015096540095029492,0.01544329087781791,0.014700342005985117
11.80466927737668,133876,0.015400458301785,0.012217632883685492,0.01661249813098216,0.014628277141643026,0.014785122544048904,0.01524297789441871
11.80620683207244,134082,0.0156077506225672,0.012467003719828219,0.016194113398302762,0.014201240252296299,0.014380159805002048,0.015357578635396003
11.807742026322607,134288,0.0136307900117198,0.012716391059918683,0.015750799999613593,0.013835245000186198,0.014030085357135343,0.013961677765351132
11.809274867363564,134494,0.0136429294977688,0.012965325677730125,0.01529081204514993,0.013538827518274376,0.013637375163188886,0.013170098559130324
11.810812786275871,134701,0.0132821566364115,0.013214543761057795,0.014820728589778374,0.013311030452440979,0.013254899824840589,0.01330006507710087
11.812348343625027,134908,0.0140755842674888,0.013462369174986529,0.014352211403159986,0.013146730360853384,0.013010893952728224,0.01368981563635021
11.813881546652548,135115,0.0131515042733619,0.013708341885960972,0.013895062360764845,0.01303533811434908,0.01293854105559913,0.013055421503823841
11.815419792320792,135323,0.0135799539493952,0.013953179678065072,0.01345723739873104,0.012965050137102703,0.012940138159685963,0.013226246428958002
11.816955675423038,135531,0.0132265908611973,0.014195237705986742,0.013051157868613564,0.012925982705604563,0.012937828761513894,0.013027345967712942
11.818489203205418,135739,0.0132267865949082,0.014434072973818974,0.012686881777953655,0.012909668541720324,0.012996463168561288,0.013129730743741765
11.820020382880765,135947,0.0132288512552505,0.014669251943383753,0.01237418984877451,0.012909380874873849,0.013226627422641385,0.013225459008881852
11.821556566172392,136156,0.0144694677318962,0.01490145178270725,0.012121381912621434,0.012919122203208322,0.013597069395107398,0.013937962846796532
11.823090393224067,136365,0.0139678982103846,0.015129114202344043,0.011938986258417312,0.012932403840588101,0.013906187416554503,0.01415444950398586
11.824629193263918,136575,0.0139908114902867,0.015352885621659852,0.011834862846434483,0.012942105161811521,0.013965496701607747,0.013709858133461112
11.826165629035875,136785,0.0139100741427699,0.015571265554605817,0.011817448356111404,0.012941357268984913,0.013763095189999186,0.01423174710027925
11.827699707793888,136995,0.013575614128171,0.01578386730448612,0.011893119642308611,0.012926171116213463,0.01345150263249537,0.013777253448829314
11.829231436758574,137205,0.0131948976039223,0.01599031802581805,0.012067134009541894,0.012898473134738036,0.013201530918288852,0.013092706921283196
11.83076810031686,137416,0.0132008818662195,0.016191195255123046,0.012345103701241098,0.01286881099589542,0.013093093189962272,0.013146392226858622
11.832302406162803,137627,0.0133412421726271,0.016385152488851792,0.012729237146104473,0.012858477989145384,0.013113602868591742,0.013301818827672505
11.833841616387335,137839,0.0134507230588368,0.016572724120788578,0.013223555484261773,0.012898679244072207,0.013213205563381101,0.013329649381261032
11.835378461084328,138051,0.0134660999621415,0.016752653189167542,0.013826524898134832,0.013027308103051239,0.01335739847379144,0.013454262381888567
11.836912947513529,138263,0.0134640030175054,0.016924635626266036,0.014536738681083823,0.013283222292637937,0.013550254139090058,0.013447555586706024
11.838445082901304,138475,0.0140048159434828,0.017088384681111714,0.015351359295412833,0.013699911559410624,0.013840972830241752,0.014184009212361072
11.839982084896032,138688,0.0148156309970693,0.01724434302014753,0.016270692045175915,0.01430280680207931,0.014335104114303809,0.015068623301942849
11.841516728140563,138901,0.0159635091956021,0.017391463904637767,0.01728546686022909,0.01509717166826843,0.01518848679035092,0.014947544712563376
11.843049019863498,139114,0.0160079523567501,0.017529511348256175,0.018388707023666632,0.01607304115489739,0.016556370374979465,0.01651289262214275
11.84458614459422,139328,0.0207000632191531,0.017658850496716914,0.01957795360457401,0.01721151754016769,0.018467965367539467,0.018963848193717058
11.84612091019831,139542,0.0184759263255364,0.017778610869963588,0.02083879996815124,0.018473924870552227,0.020655682677191207,0.01956764011216238
11.847653323906092,139756,0.0220539899963983,0.017888611287417484,0.02216081653693043,0.019823086449257964,0.022592734475943985,0.021579978295636515
11.849190537277254,139971,0.0250031592678243,0.017989134454916834,0.02353922344192124,0.02123311413889464,0.023762785760597406,0.024916758196435913
11.850725391249902,140186,0.0238574842630318,0.018079499767368546,0.024955810724863598,0.02267593336156333,0.024000070196084987,0.026070488545209956
11.852257893055606,140401,0.0250133449723362,0.018159583954129258,0.026397853644458256,0.024144840811068203,0.023652175393466993,0.02489556124336822
11.853795161433698,140617,0.0224329003341063,0.018229583819537886,0.027859013097030087,0.025657018067055525,0.02336121506191316,0.021922166120736344
11.85533007024455,140833,0.0199400018972061,0.01828901893987496,0.029319119444622267,0.02723184303817304,0.023763015629464812,0.021587402642708496
11.856869716430142,141050,0.0270952020407784,0.018338027236241523,0.030771259434351543,0.02891620072354764,0.02532223913944729,0.02662031437688299
11.858399916929915,141266,0.0332488816543091,0.01837611413648576,0.032188585592127436,0.03074126019040677,0.028227125680974272,0.029987542706055713
11.859934847505125,141483,0.0284253160155262,0.0184036097460087,0.03357098876243464,0.0327723980910094,0.03231068551003573,0.030636619972642956
11.86147448281689,141701,0.0437166681706511,0.01842036275253356,0.03490500644162861,0.035055570747814103,0.03690128774856795,0.03830073251870402
11.86300470499766,141918,0.0412081906051514,0.018426237765394822,0.03616619702135429,0.037599170488918754,0.0410381052338228,0.04443606116182841
11.86453962471574,142136,0.0394034250597869,0.018421327677080046,0.03735470536705806,0.04043390961066769,0.04414821072567865,0.04079054818731737
11.866079216781984,142355,0.0430977923227962,0.018405542812544355,0.03845879164727918,0.04354034003905589,0.046293101710900786,0.04364190529435865
11.867609428221634,142573,0.0477193998960553,0.01837910650988051,0.03945880982841169,0.04682985402930066,0.048085994696269015,0.051044221655623584
11.869144304909344,142792,0.0491044059500228,0.018341875612130097,0.04035548583182131,0.05023146793247151,0.05025385698513654,0.05017005993908567
11.870683821805205,143012,0.0541836176112868,0.018293823577828907,0.04114007177104053,0.05360490918664851,0.05312268690430314,0.053117995352372605
11.8722139905271,143231,0.0588409857606424,0.018235525950485356,0.04179952448581421,0.0567470151814983,0.056376954923694156,0.05994413192624566
11.873755763452438,143452,0.0621067883579666,0.01816627195240963,0.04233744875443192,0.05950706476095823,0.05928499272073885,0.056552608055408446
11.875288202698572,143672,0.0542747250566128,0.018087108635358094,0.04274251681072562,0.061655624331652295,0.061014762092534765,0.05749077007313826
11.876825246799973,143893,0.0655486583432429,0.017997513417052687,0.04301666634827443,0.0630471848655493,0.06132744523478671,0.06584273576026665
11.87835993202204,144114,0.0598219054238691,0.017898038368634368,0.04315743423153985,0.06355257914905603,0.06070066927967993,0.06120673187611896
11.879892265593956,144335,0.0623413416763263,0.01778891586841037,0.04316589147895604,0.0631189781406303,0.0600316432956112,0.05673262064127445
11.881429172422106,144557,0.0623999583778652,0.017669837409962176,0.043043607305706014,0.06175942441803829,0.06002185859293032,0.06408410349352378
11.88296372079192,144779,0.0649668564658234,0.01754154314088,0.04279397038106532,0.05956888951544667,0.06069804099300323,0.061872714850049707
11.884495917930655,145001,0.0515298910092063,0.01740431652270606,0.04242190430506663,0.056704689223789045,0.06126781590072108,0.054720845753470776
11.886032656970269,145224,0.0642231911565073,0.017257779555054927,0.04193097242588305,0.05335054978749944,0.060445636421917,0.061634869397236974
11.887567038066084,145447,0.0617720437651764,0.017102846667295613,0.04132966931953928,0.049738196169587134,0.05720318087590827,0.06418353664663431
11.8891059332509,145671,0.0473113833585537,0.016939098965644335,0.040622580854695556,0.046064695630445227,0.051519265185121704,0.04996149396231235
11.890635609607688,145894,0.0432616247242769,0.016768342142313212,0.03982474691453218,0.04254884438395695,0.04461055776547564,0.04116315588136746
11.892176637195682,146119,0.0382380237025726,0.016588587516238915,0.0389342583402266,0.03929004910967485,0.03802824275498813,0.03927046462372531
11.893708460432896,146343,0.0314933856302354,0.016402553211348703,0.03797231504818832,0.03642995112169543,0.03307508143161899,0.03428451459547384
11.89524476357108,146568,0.0309819042061772,0.01620896270789132,0.036940617181947896,0.03399132265131804,0.03008537815137354,0.02955179487042886
11.896778710101932,146793,0.0294715634802536,0.016009026660311954,0.03585380052492093,0.03199346611173796,0.02877930048011611,0.028392117579253362
11.898317109109271,147019,0.0294781897008152,0.015802222048670038,0.03471729084291848,0.030401358956439053,0.028484010754794925,0.028568377378396285
11.899846353654787,147244,0.0261698734607114,0.015590793262713499,0.03355162375877971,0.029174281001087966,0.028433606766313832,0.029455405541786585
11.901386825262207,147471,0.0294889431459527,0.015372311712906562,0.03235142566213888,0.028224162437185174,0.028045967349761752,0.029119960957001582
11.90291815687108,147697,0.0244208515862633,0.015150063632288494,0.031142426161965782,0.027479537930119396,0.027180137904759736,0.026318089763077493
11.90445390733952,147924,0.0240006767831747,0.014922524046272975,0.029923571392614527,0.026841301475244675,0.026113234439125665,0.02493939214176287
11.905987302894555,148151,0.0248476514566167,0.014691114393549304,0.02870931440445896,0.026221081579168217,0.025288593519018323,0.025545405706181232
11.907525090268052,148379,0.0275521685280557,0.014455245370014433,0.027502896489618945,0.025532448883694138,0.024996649228382368,0.025267722892910197
11.909060516482034,148607,0.0252844230813076,0.014216389254113506,0.026317575238145298,0.02471200623016268,0.02522790554698673,0.02580750316238037
11.910593588776168,148835,0.0280369872431904,0.013975009243873212,0.02516047521495218,0.023720467224389166,0.025657968402948608,0.02760041363342673
11.912131022907248,149064,0.0235884307709869,0.013730498181821904,0.024033077050931256,0.02254582617550581,0.025778984017256524,0.02573739095289922
11.913666096962618,149293,0.0248536911028756,0.01348438040820987,0.022946085484353167,0.021219935864798953,0.0251417225656344,0.02248653349735285
11.915198818176956,149522,0.0227790241802111,0.013237126230254229,0.021904212142119402,0.019800488167960293,0.023615327396139262,0.022849972303130954
11.916735871481166,149752,0.0248531286607869,0.012988121094817857,0.020907099144404803,0.018358375655911353,0.02142989356280358,0.023676743665753473
11.918270565877815,149982,0.0194668127891806,0.012738915226412927,0.019962474144688585,0.016983212537341745,0.01902713006994214,0.02061339783440559
11.919802908596225,150212,0.0161521457240838,0.012489978051009862,0.019072600725716586,0.015749558277137046,0.01679115765301331,0.01617137130249631
11.921339553890364,150443,0.0146956296822387,0.012240698036508778,0.018235470511905993,0.014707747780052762,0.014923223869435849,0.013693417907927257
11.92287384152816,150674,0.0127977816769719,0.01199262487379446,0.01745585199777794,0.013892919480921423,0.013492603548264846,0.013729369214377667
11.924412405396888,150906,0.0136677425750118,0.011745156745463637,0.016730846688299623,0.013308751344594826,0.012481339306865739,0.013933674697414446
11.925948605722832,151138,0.0118690702316951,0.011499830359742638,0.016063437476283755,0.012949021231913539,0.011854702078449943,0.011875042853656736
11.92748244975661,151370,0.0110271095655741,0.011257097987183069,0.015452554430026064,0.012798206841745204,0.011555045004983446,0.011101588725760867
11.929013944715525,151602,0.0122303901857726,0.011017403551670581,0.014896647838678598,0.012844875262836694,0.011535583551424786,0.01179799946778145
11.930549683902202,151835,0.0126560748716351,0.010780171818222129,0.01439170594193373,0.013087303176941595,0.011819437383352307,0.012247210113413853
11.932089644193898,152069,0.0122599969195095,0.010545881151692436,0.013936082970742208,0.013530143066805009,0.012522469012995948,0.012047193974650837
11.933620670773392,152302,0.0153927977490889,0.010316955319573084,0.013531079175043823,0.01416738677961248,0.013754833505388411,0.014617244565979766
11.93515591274428,152536,0.0166834149876324,0.010091841477464418,0.013170411399163346,0.014984681198515721,0.0155085823628526,0.017684777285604157
11.936688801359768,152770,0.0152046391603467,0.00987193326533936,0.012852971592601018,0.01593046578364019,0.01757394440325532,0.015757448004026637
11.938225879579164,153005,0.0159592873778361,0.009656715935912502,0.01257463644507702,0.01692521684036221,0.01966028823619351,0.016854206929366705
11.939760598814583,153240,0.0222481125777883,0.009447520633284601,0.012333777026307407,0.01785056366905035,0.021498483622444386,0.02344817756591356
11.941299481993642,153476,0.0263643226224267,0.009243864144559959,0.012126540151128046,0.018580645680901155,0.02291602732374173,0.026106113028206
11.942829494955411,153711,0.0222802165892765,0.009047824418903831,0.01195170129613278,0.018990678423473878,0.023736286255760568,0.02368805355492965
11.94437016203734,153948,0.0246717941006101,0.008857283199563332,0.011804318917662062,0.019000511821533898,0.023739847416251864,0.022749621726806044
11.945901973378888,154184,0.0201809721868104,0.008675022128635215,0.01168367341700058,0.018582264992670114,0.022690149579912965,0.022250657948585988
11.947437917686935,154421,0.0202049198683173,0.008499806616633309,0.01158611163093283,0.01777503953583134,0.02054391254993038,0.020257456912060594
11.948971506487531,154658,0.0174700578332458,0.008332718988857544,0.011509728491719022,0.016685041921164306,0.01767414022207431,0.017492125555233058
11.950509202959854,154896,0.0161942492984299,0.008173384246765756,0.011452024574205235,0.015454414749867352,0.01481263214643064,0.015281219715593016
11.952044538551585,155134,0.0129069942020406,0.008022786545705159,0.011411220448207238,0.014247970813161197,0.012733683704947122,0.013440979955240236
11.953577520501105,155372,0.0120748055475207,0.007881169106152386,0.011385343481842005,0.013204481082191959,0.011764123080470815,0.011866401993206445
11.955114582315122,155611,0.0118196245535687,0.007748219741329773,0.011372554330328334,0.012411096595408053,0.011654069602572077,0.011890774288806954
11.956649285195484,155850,0.0124504989651195,0.007624760615533403,0.011371307491051027,0.011900478523648561,0.011859122314112513,0.012140717503675258
11.958181636371618,156089,0.0118794021956774,0.007510980253010347,0.01138005126916908,0.011640706424023444,0.011962404889996182,0.011938612011887732
11.959718039826036,156329,0.0119047648814144,0.007406633569027228,0.0113974363158575,0.011559014015202786,0.011886052128710741,0.011848472497133423
11.961252086365583,156569,0.0119832874364594,0.007312368046229417,0.011422085993756216,0.011570940315514281,0.011790483760260572,0.011873913106351615
11.962790160375077,156810,0.0119880436699607,0.0072279857813954684,0.011452855440539492,0.011607824727345017,0.011861504578769872,0.011906974942224934
11.96432587234544,157051,0.0119975446171233,0.0071540126821967205,0.01148841626940417,0.011639464923954531,0.0121849350496794,0.011995623783467935
11.965859229520367,157292,0.0131320682947861,0.007090540170256244,0.011527571742914015,0.011682177839561075,0.012740912884616942,0.013292126905607481
11.967396586966473,157534,0.0143142059667366,0.007037441782950802,0.011569330861557278,0.011790074192732456,0.01344467168255146,0.014199767072210573
11.968931584572111,157776,0.0130685002505351,0.00699505396083117,0.011612376224589216,0.012031536725665423,0.014156665385308699,0.014125267095405757
11.970464229570885,158018,0.0158971015756791,0.006963407230635371,0.011655560026877083,0.012460125347618723,0.01470802766437789,0.01463004849844097
11.972000847859258,158261,0.0140441618181746,0.006942447623627932,0.011697917005284705,0.013091294560539354,0.014953905213010394,0.014817287049756867
11.973535108574096,158504,0.0147339666076454,0.00693231787085933,0.011738132678037146,0.01388006119743718,0.014853178203525188,0.01491122215180284
11.97506701893858,158747,0.0155188971982709,0.0069329872879849794,0.011775093156763602,0.014728759246542602,0.014516056442765464,0.015026290594812362
11.97660287582673,158991,0.0135463632384058,0.006944474223689676,0.011807841481418361,0.015507740580684968,0.014139819722733527,0.013890261675891823
11.978142657482003,159236,0.0136930646325541,0.00696684000859172,0.011835272642448375,0.01607722692943032,0.01390209744750794,0.01343370391929695
11.979673801495291,159480,0.0149637950898793,0.006999810545419942,0.011856183422616361,0.016324872606153843,0.01389372821919939,0.014616956692075567
11.981208865470544,159725,0.0155473907907611,0.007043544498846226,0.011869852998754399,0.016203618750400713,0.014113819805874978,0.015101313169572899
11.982747827788195,159971,0.0136138096438177,0.007098040257062331,0.011875409794821582,0.01573279650141025,0.014460378666332062,0.014256471079697037
11.98427818378526,160216,0.015185772865829,0.0071627042431699805,0.011872175013948952,0.015008072516045008,0.014699102103033237,0.014314921321010188
11.985812433395497,160462,0.0143374277404789,0.007237894473416853,0.011859660405568167,0.014161924448594109,0.014560895466556825,0.01435581986776266
11.987350555135604,160709,0.0153794208094512,0.007323546681916014,0.011837492204864025,0.013345403717508421,0.013958365878510988,0.013838705104911628
11.98888631469009,160956,0.0128754204540951,0.007419167499303669,0.011805674529137774,0.012692390234209438,0.013142786869495134,0.013549711090002112
11.990419719303327,161203,0.0130504209086204,0.007524531102028021,0.011764441002778066,0.01228253745076849,0.012531013170520527,0.012745915010715437
11.991956970035313,161451,0.0125594992188189,0.0076398790379001704,0.01171408917207924,0.012131225505625946,0.012350408055746092,0.012465937990849866
11.993491861254176,161699,0.0126471920596245,0.00776454274963736,0.011655598236825352,0.012195491969537377,0.012483008601336273,0.012496540675920443
11.995024400192024,161947,0.0125345052902975,0.007898245026695585,0.011590121789205123,0.012388565870921018,0.0126488923811902,0.012553057093173817
11.996560759446911,162196,0.0136333701352295,0.00804128545303244,0.011518850062108281,0.012610855796320389,0.012689102365204494,0.013410952127622987
11.998094761922433,162445,0.0129702124417804,0.008192832981537721,0.01144387661651853,0.012774883582935413,0.012630159765660107,0.013295434480218828
11.999632561327411,162695,0.0125556605513728,0.008353221452522836,0.011367074115183392,0.012829366745984,0.012559294746661195,0.012488118627392207
12.00116799953596,162945,0.0125367983493116,0.00852151847452377,0.011291274788729813,0.012765985818087449,0.01251952329418491,0.012486982610085861
12.002701083787912,163195,0.0126960459674608,0.008697371010535634,0.011219330125214796,0.01261607949969058,0.012505409177825791,0.012602225881118414
12.004237939537212,163446,0.0125363102796279,0.008881160606474585,0.011154139733786247,0.012432842778479357,0.01249060343409492,0.012547422969233842
12.005772436984824,163697,0.0128567238925975,0.00907181895667296,0.011099440941197213,0.012273091254880897,0.012451708144540972,0.012654413220310107
12.007304583357278,163948,0.0127438908816058,0.009268956179724706,0.01105889593610166,0.012176270592037935,0.012402038827590377,0.01263621485202343
12.008840476000463,164200,0.0125632817175252,0.00947299443290587,0.011036295105044776,0.012154212346599354,0.01238856713503219,0.01251201765989363
12.010380094077746,164453,0.0127286965240722,0.009683591840598681,0.011035890824010785,0.012191385221756463,0.012422558661970345,0.012511621985128209
12.011911273932007,164705,0.0126217979237325,0.009898662227032947,0.01106178258302205,0.012252448459862841,0.012445238005604355,0.012497036161763094
12.01344617502598,164958,0.012913180354815,0.010119482082558912,0.011118303033153948,0.012299496322296492,0.01242120157622129,0.012827716354826262
12.014984776656096,165212,0.0125628718991556,0.010345669184222864,0.011209923781415122,0.012306564021748697,0.012424013705625285,0.012558677107643617
12.016514971071592,165465,0.0128167700036957,0.010574998213939457,0.011339897759815696,0.012271878145674667,0.012544979068223976,0.013124695720139875
12.018054896191336,165720,0.0134367305761556,0.010809758298806819,0.011513825356571982,0.012220204432967586,0.012736284446399524,0.01302195503058394
12.019586428565445,165974,0.0126417302329769,0.011046752243136133,0.011733470971316749,0.012198374620985932,0.01283902942457249,0.012825782049075772
12.021121634750116,166229,0.0137760625965163,0.011287384083899232,0.012003812453374856,0.012261033544857943,0.012789185084651546,0.013263408749183728
12.02266049425419,166485,0.0126898948135094,0.011531217824799328,0.012328312939165403,0.012457288168087124,0.012680967528955119,0.01273397663633128
12.024190991964604,166740,0.0126637929760974,0.011775881178211794,0.012706843301161147,0.012813284860382268,0.012626861685463444,0.01263569923929385
12.02573112716568,166997,0.0126893298034754,0.012023790104169204,0.013146093227837373,0.013334406768333685,0.012673215517490786,0.012745372642160371
12.027262915049336,167253,0.0129872949064531,0.012271587563988705,0.013642604652479236,0.013988662901709366,0.012921736106161728,0.01317597436892804
12.028798329957732,167510,0.0136652781790768,0.012520737508447401,0.014200976681138386,0.014734560093082293,0.013591009160936895,0.013611979233657423
12.030331390980916,167767,0.0157598914547836,0.012769802730400952,0.014819451206848255,0.015515513159208358,0.014790018418674583,0.015873131552902396
12.031868056838167,168025,0.0184840546508543,0.013019281670729842,0.015500163435836949,0.016285569957134233,0.01627904403959926,0.0179366734370102
12.033402364976023,168283,0.017492169210293,0.013267737068633854,0.016239492543992193,0.01700832790701278,0.017561754099520634,0.017127233001035098
12.034940255875137,168542,0.0154272834355051,0.01351566052646707,0.01703858613954553,0.017674798702471066,0.018306459284065588,0.016489497398716968
12.036475785297062,168801,0.0187817748634169,0.013761625602433615,0.01789190793186193,0.01829350570526456,0.018582721146979467,0.016620058272164284
12.03800896048292,169060,0.0188176754678736,0.014005178380220388,0.018795974365845278,0.018895588907425157,0.01875892273045466,0.018558007328682458
12.03954569463486,169320,0.0231303192183452,0.014246796169553086,0.0197503845292716,0.019528805345916743,0.019229219770930065,0.023120516064970547
12.041080070857994,169580,0.0224754100778169,0.014485091446419577,0.020746896998841663,0.020244542856036947,0.020249559030728264,0.024085199599991877
12.042612096377136,169840,0.0203220578762308,0.014719631657959104,0.021780069482722896,0.021098781991183313,0.02188980015374966,0.020795549945822247
12.04414765726144,170101,0.0206348789515437,0.014950872028599986,0.022848064258027746,0.022149008767781527,0.024022141728328793,0.020739830206526155
12.045686733649651,170363,0.0242612077265633,0.015178345918107128,0.023944669313618973,0.023442889528722716,0.026339838355332563,0.024534996754395716
12.047217584098323,170624,0.0285807727060054,0.015399911627550151,0.025054555571160497,0.02500091361241062,0.028491276880160236,0.02863987174504725
12.048757798334425,170887,0.036120404473082,0.015617689438622994,0.026183205854301183,0.026850273680478924,0.03032574878231693,0.03246875667491157
12.050289801113331,171149,0.0326413407547432,0.015828780593040666,0.027310197231035074,0.028948090330012534,0.031876385099542735,0.03465629220613708
12.051825294363724,171412,0.0356096604193546,0.016034424764410492,0.02843631934665052,0.031249089751797934,0.03334585929043731,0.03353965716546065
12.053358433488878,171675,0.0346034755030511,0.01623344658894347,0.02954936667335384,0.03364429474048694,0.034882464467310734,0.03378390933036647
12.054895041729203,171939,0.0377028469701162,0.016426219582278603,0.030645564605304206,0.03600565773311488,0.036476816046071246,0.03653843873456623
12.0564292924268,172203,0.0356133793997016,0.016611643102162916,0.0317128047950257,0.03816291935571274,0.037902668891022014,0.03747583637549972
12.057966990998578,172468,0.0361275509566392,0.016790060872388234,0.0327472786413146,0.03995745683679969,0.03882043650014831,0.03794497875011924
12.059502328683324,172733,0.0398896799108241,0.016960455149428254,0.03373746751031513,0.04123497708123533,0.03893149313786982,0.03857875380968851
12.061035312719447,172998,0.0336128396952878,0.017122542185556054,0.03467634440315236,0.04189396465216188,0.03817490964496055,0.03684594611400878
12.06257172186816,173264,0.0404517258853556,0.017276618783428132,0.03556055627413669,0.04189332981943913,0.03678909616926448,0.03794079171404026
12.064105774084547,173530,0.041019520823795,0.017421806789145813,0.0363803682597117,0.0412593486833633,0.03525068131392359,0.040578810430090366
12.06564323044466,173797,0.0345989727898036,0.017558368328214984,0.037132979144784195,0.04008322845638853,0.03408254721754882,0.03500404707337973
12.067178326660864,174064,0.0316996404146608,0.017685525274516292,0.03781030791641355,0.03851612003218452,0.03370278448001863,0.030203525573713152
12.068711069968156,174331,0.0326438044142294,0.01780308164721343,0.03840819688210949,0.03673816977826848,0.0342986184369162,0.03285128418552042
12.070247194994376,174599,0.0317001818715219,0.01791124612075851,0.038925008150189115,0.034928896376004166,0.03577479713247976,0.03389078830089528
12.071780963959242,174867,0.0382449563402398,0.018009401795650373,0.039355688125548925,0.03326769471175273,0.03769085225681065,0.035870459201742255
12.073318093943644,175136,0.0427579982109321,0.018097719529795768,0.03969948383994427,0.03189413400217522,0.03932365094236791,0.045935800875588254
12.074852864785305,175405,0.0495597501004136,0.01817569469161284,0.039953548781526446,0.03092591543909485,0.039892544703016064,0.046255812436910945
12.076385283714613,175674,0.0351007949513768,0.01824322817025701,0.04011760794293895,0.03044215888651319,0.03899078251018144,0.03581140102920073
12.077921041571532,175944,0.0356136682838548,0.018300433495518586,0.04019228019629089,0.030497742760591647,0.03685660132462982,0.03365712650826028
12.079454444492407,176214,0.0341036530336667,0.018346981087513387,0.040178063824808465,0.0311298460200503,0.034314708268776806,0.033563461577906996
12.080991165908294,176485,0.030325213531353,0.01838294535740416,0.040076427830473285,0.03236031186081137,0.03235264585078075,0.03037705342241591
12.082525529434426,176756,0.0351202585750349,0.018408115823352986,0.03988997260143022,0.03418106330532112,0.031761080390069384,0.03259905531738284
12.084063191135312,177028,0.033638808819174,0.018422527837100387,0.039620909497741295,0.03656157622737188,0.032953355140808674,0.03642475077336414
12.0855984920623,177300,0.0416553962728346,0.018426091344490313,0.03927373537450982,0.039409625461641,0.03593255406677292,0.03740342454736777
12.087131439453277,177572,0.0428382421849382,0.018418849477591724,0.03885292897493925,0.04258375929513134,0.040202631786358495,0.04163514044124378
12.088667663402548,177845,0.0483751151465106,0.01840077954154426,0.0383614928394262,0.045899194275402205,0.0447814862906113,0.043953928393525
12.090201530987242,178118,0.0452570560919492,0.018371972038283207,0.03780619324320411,0.04910061991015785,0.04846617652644006,0.04369442496886046
12.09173865507324,178392,0.0464938448768826,0.018332366470245505,0.03719033503560408,0.051930930758871896,0.050482552566115585,0.04932124746630996
12.093273420034585,178666,0.0496865847608297,0.018282172641243735,0.03652177898052428,0.054118144131312385,0.05085263494921491,0.05137778963590057
12.094805833101589,178940,0.0490457271091823,0.01822153354801624,0.035806616264664706,0.05544678697342608,0.05031747341227463,0.04874490293098213
12.096341481377012,179215,0.0593931381080711,0.018150333284991382,0.035048190058949685,0.05577578860347279,0.049808723901304114,0.05511041942504637
12.097880346377687,179491,0.0544267536310026,0.01806864149325789,0.03425233020095023,0.05504849040777314,0.04995822111978669,0.05863320489503916
12.0994112841393,179766,0.049082745783841,0.01797725018101136,0.03343099934520598,0.053326425447336075,0.050825662540480876,0.04901161319139814
12.10095099023183,180043,0.0465653311632985,0.01787532759278517,0.032581220896207505,0.05073439693939115,0.05191938877481543,0.04389185531288212
12.102482783561689,180319,0.0447270090963581,0.017764160511389883,0.03171801643045388,0.04751192455381478,0.05238656885581066,0.04612525260493343
12.104017771325502,180596,0.0504786484562936,0.017643197543859422,0.030840865191416267,0.04388778237877308,0.05143040076097648,0.050687990545671
12.105555935238474,180874,0.0610748790191437,0.017512608988952703,0.02995514178388964,0.04011228234243336,0.04866377280771312,0.05785955122354314
12.107091736836386,181152,0.0491903877894087,0.017373103630394713,0.029069186056103324,0.03642415631406177,0.04431390143060967,0.05329551435127221
12.108625183364207,181430,0.038318937916622,0.017224985090762573,0.02818782138652643,0.03299924794161633,0.03906010483046035,0.03640693514934886
12.110161785353512,181709,0.027442004571714,0.017067993679360106,0.027312362905594852,0.02994364776815392,0.033688278225689164,0.02897612234109592
12.111696029819251,181988,0.029224857543612,0.016902981127445614,0.026450056756041444,0.027328668378797487,0.028866464823434957,0.02870301538777503
12.113227923984388,182267,0.0226273972798217,0.016730294297959143,0.02560454025462477,0.02516231236182827,0.024957023704132122,0.023774330827294247
12.114762953095006,182547,0.0195296536024123,0.016549633948039738,0.024776098970668386,0.023409111540704748,0.022047647290686007,0.020319651104860684
12.116301099138942,182828,0.0257583114294149,0.016361296790805363,0.023967766087086527,0.02201763132375707,0.020064696949156694,0.023082165741192796
12.11783688292266,183109,0.0211972430587398,0.01616630314234416,0.023184935864026198,0.020924027438945052,0.01883888425495309,0.023058821833922872
12.11937031169088,183390,0.018293720653698,0.01596505069712771,0.022429581930898855,0.020051221654905756,0.018147160940095317,0.01772548077827653
12.120906837157866,183672,0.016340963953644,0.015757198915385167,0.02170073946383968,0.01931963632083153,0.017752145258764507,0.01567923692460654
12.122441005335912,183954,0.0158319571375182,0.015543871849224209,0.021002338863922144,0.018659832027154218,0.017432548070808948,0.0164262972145502
12.1239728234469,184236,0.0180021355825856,0.015325495410759301,0.02033520478980131,0.018009074304281173,0.01702402173782249,0.016364458792899994
12.125507718190349,184519,0.016086170579923,0.01510170329875336,0.01969762478352598,0.01731745073133297,0.016467268247955826,0.0167168202462725
12.127045671824188,184803,0.0192193330795529,0.01487289077289577,0.01909011115888033,0.01655687476649422,0.015816375337947303,0.01793256014573069
12.128581263788323,185087,0.0177152567971241,0.014640292124533473,0.018514858439069443,0.015725298219122344,0.01518686053850393,0.016739112553215918
12.130114501324757,185371,0.0138138250906399,0.014404362543717793,0.017971491784327144,0.014841373679998512,0.01467148164143934,0.014050313478093848
12.131650777962594,185656,0.0134258774582206,0.014164714628599442,0.01745765906717494,0.013939143697821153,0.014291535965258825,0.012913728654671646
12.133184698074338,185941,0.0128817200968957,0.013922638263314212,0.016974519200770696,0.013069682522580853,0.013999754505263456,0.01376945622535925
12.134721638683413,186227,0.0146599794052049,0.013677740051456489,0.01651955059003187,0.012278604314246716,0.013710113881733394,0.015125852153003784
12.136256220730552,186513,0.0138154349971511,0.01343133622265753,0.016093365274599317,0.011607930872682744,0.013356278423285448,0.013875618020391656
12.13779380477688,186800,0.0119427935097137,0.013183030419123646,0.01569336135400199,0.011078352877961372,0.012929089461114861,0.012066169184959093
12.139323683166456,187086,0.0122428097091666,0.012935022797232873,0.015320974387204124,0.010697544946565676,0.012481331396520436,0.012255330568194967
12.140861898499397,187374,0.0128937064829801,0.01268518136323805,0.014970997574082795,0.010451731938817606,0.012071605070989476,0.012873088584036192
12.142397751359454,187662,0.0127239080161544,0.012435711308357019,0.014644626169015566,0.010327260870345481,0.011733866831520156,0.012284017443210579
12.143931248992324,187950,0.0113207947185447,0.012187080634159402,0.014340328470163553,0.010311341033645751,0.011454114086326501,0.011738053613226742
12.145467711019943,188239,0.0114428475177539,0.011938896206944603,0.014055605796326129,0.01040437518656006,0.011196968800598998,0.011059827045207981
12.14700181595312,188528,0.0103164392683719,0.011692484688931892,0.013789987782543575,0.01062326470532056,0.010948292693674002,0.010481398947812935
12.148538867132116,188818,0.011964425334201,0.0114474602987528,0.013541092077615988,0.011000503865444286,0.010736611099659146,0.010643982249152986
12.150073559410073,189108,0.0118331893260905,0.011205130754504558,0.013308324465838317,0.011572026595851582,0.010622731356769105,0.011109464910296928
12.151605900016271,189398,0.0113583894035985,0.010965939256813577,0.01309017248706,0.012366059953945473,0.010675292406566752,0.01122669737352608
12.153141167947688,189689,0.0115983595677282,0.010729513909766973,0.012884479513615979,0.01339222614084101,0.011009666694146302,0.011468543280538299
12.15467934614229,189981,0.0117236383166785,0.010496322275902872,0.012689938435142116,0.014624559329580917,0.011856381876995259,0.011715375439328912
12.15620990635777,190272,0.0128989339645606,0.010268380172220148,0.012506498491742337,0.01598786711020173,0.013490358643837866,0.012581821492044948
12.157748622699984,190565,0.0157596932056742,0.01004377212924348,0.01233098842427886,0.017394613413475465,0.01602413993039324,0.015596116153158444
12.159284975031294,190858,0.0199603088685425,0.009824482444465831,0.012163431359766622,0.01871033048658274,0.019128025849586033,0.01920402870628937
12.160818970604469,191151,0.0226815786120945,0.00961089982147868,0.01200263271141322,0.019805479025883706,0.022152270796459563,0.02274585310790477
12.16235061663894,191444,0.0278151150370845,0.009403399232745129,0.011847481666273356,0.020566915625256074,0.02448213589995378,0.026809811118702738
12.16389035122154,191739,0.0278166429812885,0.00920099189085918,0.011695943802121895,0.020916753051700862,0.025846160737465547,0.02653010857052112
12.165422511241102,192033,0.0249496660817246,0.009006119214839618,0.011548649313473384,0.020816620344011667,0.026281818096108557,0.02519587309383345
12.166957526801603,192328,0.0286854275054191,0.008817791811113402,0.011403762014587869,0.020283783636933003,0.02595118115915825,0.026176592457651335
12.168495381174807,192624,0.0234258131375816,0.008636405753033564,0.01126058471758572,0.0193780208327937,0.024900346743253598,0.023517112704992738
12.170030874182908,192920,0.0216361004553864,0.008462919375392064,0.011119004361883704,0.018198744364547468,0.023069983387415262,0.02112545929178827
12.171564013066511,193216,0.0249577860495739,0.008297622874994557,0.010978541584828666,0.016861479319155135,0.02047409875076742,0.022607050487075175
12.173099972657798,193513,0.0190437870882523,0.008140273599502385,0.010838382389129441,0.01547701510062457,0.017393691174018684,0.01948097049141765
12.174633576694792,193810,0.0146097441302411,0.007991701169456506,0.0106988006929417,0.01415125389143859,0.014405882714850032,0.014159228862076817
12.17616998417586,194108,0.0133996129782253,0.007851689821119966,0.010559277279489169,0.012957071329075523,0.01207443607231543,0.012262887706563162
12.177704034729716,194406,0.0102928392750752,0.007720976844697498,0.010420387400372462,0.011946889639146746,0.010666346124217227,0.01054080042151366
12.179240871564708,194705,0.0100736127107096,0.007599374548312695,0.010281934960294701,0.01113764849765461,0.010046026888031018,0.009991401955079781
12.180775350156011,195004,0.0101612361394323,0.007487522602779584,0.010144819386242695,0.010528856898237508,0.009890160399638194,0.010009560779728794
12.182307477729896,195303,0.010161984145947,0.007385586461425139,0.010009637735213038,0.010099803896026969,0.009913878481478426,0.010201000637057199
12.183842373888552,195603,0.0100561081508739,0.007293421419212628,0.009876712351955343,0.009820090613027868,0.009966556594088275,0.010030569917702781
12.185380022305084,195904,0.0103907136893074,0.007211256162675665,0.009747003321537471,0.009658521471061656,0.009991767093745418,0.010426200131199229
12.186915309988478,196205,0.0101892380134809,0.007139522486838031,0.009622051752866997,0.009585494956228244,0.009971281075166087,0.01017403189935042
12.188448244176437,196506,0.0100313702016733,0.0070783074333505116,0.009503096955274513,0.009574980658849994,0.009916214350741262,0.0100566451553011
12.189983913180589,196808,0.0100402860285704,0.0070275270686645875,0.00939115536165996,0.009606679386620515,0.00989062152035433,0.009991582033070257
12.191522300817423,197111,0.0111389264801093,0.00698733406697466,0.009287815521497449,0.009665462927426649,0.00999297303036114,0.0105585340337666
12.193053259942785,197413,0.0103890444983293,0.006958019876510589,0.009195373653858908,0.009739428424408845,0.010236928408165182,0.010523125236366889
12.194591994333903,197717,0.0100898528210377,0.006939352515504062,0.009114678010572655,0.009820339205372546,0.010453944014356162,0.01004311906461325
12.196123314676504,198020,0.0103306653175126,0.006931554998721102,0.009048356589850773,0.009899672186532728,0.010404432255279976,0.010154699119638635
12.197662378170204,198325,0.0108410410062053,0.0069345683921740045,0.008997648209668118,0.009970770905596366,0.010090219842972875,0.010513326754030444
12.199194042088097,198629,0.010230030597513,0.006948361032897286,0.00896495958603151,0.010025622379919923,0.009887280482003684,0.010028909313000975
12.200728390404397,198934,0.0101879596507637,0.006972947931786095,0.008951891737376769,0.010057852525564358,0.010228721196211533,0.010276514277663905
12.20226540718722,199240,0.0111365030482122,0.007008338853954637,0.008960414967188407,0.010062041465794442,0.011140823297050503,0.011273321114125623
12.203800065174496,199546,0.0132964228655316,0.007054354713854851,0.008992304321868379,0.010035734473891868,0.012136398435428141,0.012786413623453176
12.205337375285245,199853,0.0121613546345123,0.007111061907918497,0.009049368806274773,0.009980492870203233,0.012633465118677705,0.012974776017312332
12.206872325700738,200160,0.0131436467468285,0.007178171867784071,0.009132988738814959,0.009902807528156539,0.012414943751595138,0.012392702094894122
12.208404923653903,200467,0.0114952662257406,0.007255510607293267,0.009244427664471613,0.00981322498575268,0.011714104278485737,0.01227318150305967
12.209940157056662,200775,0.0116265015368997,0.007343187007017131,0.009385243617865139,0.009724303914842178,0.01092377459316019,0.010714389651610604
12.211478010188724,201084,0.0099833777121751,0.0074410870525460325,0.00955654638656113,0.009648565045676112,0.010317044658689942,0.009968792560013482
12.213013501959493,201393,0.0106973572986476,0.007548711806016727,0.009758490119385472,0.009595221251321414,0.009970914797982372,0.010200520471671706
12.214546639609551,201702,0.0099822001339342,0.007665814044432031,0.009991349074984513,0.009567070979599223,0.009843895621885684,0.010233459033677176
12.216082380559472,202012,0.0100025274526409,0.007792554037178835,0.01025599433366384,0.009560081667688253,0.009871930263035707,0.009965774402569263
12.217615766625157,202322,0.0102212787586599,0.007928286849935115,0.010551366699037352,0.009565148958289646,0.00999709053928114,0.01013733778478857
12.219151740059948,202633,0.0109534166752303,0.008073196123391378,0.010877875252529914,0.009572186815606523,0.010150874979537924,0.010330793860357726
12.220685357898018,202944,0.010526807488067,0.008226545296585175,0.011233581839045863,0.009576324173374083,0.010243215014914885,0.01080438068973157
12.222221547269545,203256,0.0101821137167444,0.00838853964460139,0.011618388975501673,0.009584681724855106,0.010200405848599124,0.010293097673860382
12.223755380382482,203568,0.0101146899219643,0.008558356850921673,0.01202947602466832,0.009621580547948753,0.010035843944680609,0.009994419287627707
12.225291769287937,203881,0.010050936575709,0.008736221954168075,0.012466226591401806,0.00973084836980402,0.009892998799935352,0.009975905595784991
12.22682580132313,204194,0.0101502277979688,0.00892123338466054,0.012924985234174286,0.00997238194585725,0.010006960565203614,0.01014491886289835
12.228362373504234,204508,0.0103645863887849,0.009113633955811606,0.013404638864796457,0.010416365042333583,0.01059524432312196,0.010559163369856702
12.229896588253172,204822,0.0121945745399755,0.009312449927019068,0.01390079629202787,0.011128046290838176,0.011748403452600413,0.011458804990950727
12.231433327595358,205137,0.013948556139982,0.009517939796549083,0.014411904262814025,0.012160328449526338,0.013400551371015978,0.014073362380821979
12.23296770899282,205452,0.0159502890979915,0.009729065259177749,0.014932982702034643,0.013531753061770608,0.01535968672726979,0.015170252782934693
12.234504599524408,205768,0.0167324378537814,0.009946098324091357,0.01546212609124259,0.015231006551486704,0.017418568861339752,0.01614605884226189
12.236039131647644,206084,0.021158753249623,0.010167944192152948,0.01599395297000678,0.017196973263078633,0.019417852119682263,0.02106632582166745
12.237571312589544,206400,0.0232833653866186,0.01039416378534738,0.016524645836670276,0.01933730393753262,0.021308696719503195,0.023181300673589866
12.239105987087168,206717,0.0229718508026414,0.010625047236476521,0.017052008638371544,0.021542838085503863,0.023138552241571308,0.02220965574571654
12.24064314008034,207035,0.0233695247904993,0.010860177612424221,0.01757210784875347,0.023688032398465557,0.02498163830822503,0.02450328700428521
12.242177933860193,207353,0.0264460049897735,0.01109837292568372,0.018079429700081636,0.02564792388724374,0.02686166461477117,0.025984835633519603
12.243715190954685,207672,0.0285294333530961,0.011339932083861864,0.018571758661600372,0.027333034625203888,0.028703120671322357,0.028420682708415808
12.245250088516546,207991,0.0349752323281843,0.011583642944866449,0.019043870584332562,0.028676368471778752,0.03028892116863746,0.03347430835417728
12.24678263377796,208310,0.0316607068759273,0.011829037331828917,0.019492359822464715,0.02965656879440263,0.031333053107795786,0.030930935055151286
12.24831762712392,208630,0.0264917212719774,0.012076421969417881,0.019915338297738828,0.03029100612788432,0.03159242592507798,0.028163786097541183
12.24985505369854,208951,0.0330905417812987,0.012325335235249433,0.020309625355218904,0.030623237055461196,0.0309854627166386,0.032775025906130996
12.251390120220632,209272,0.0335791883093356,0.012574532621202708,0.02067122917200063,0.03071817431550891,0.029666444366128912,0.03226616534585049
12.252922833924767,209593,0.0241519094151818,0.012823544107093908,0.020997867640309337,0.030652126971318375,0.027976461231096286,0.027362984446601103
12.254457965856632,209915,0.0264987072999124,0.013072675817030872,0.021288468403895082,0.030499073002113727,0.026320819386022706,0.027049535804770954
12.25599550129554,210238,0.0230451591171463,0.013321453853123872,0.021541132819123263,0.03032326891835055,0.025075013358847018,0.024422230993195175
12.257530676347931,210561,0.020955902560762,0.013568639011722502,0.02175374249728805,0.030173892219340265,0.024530111256903304,0.020925006279519723
12.259063498249922,210884,0.0253098887143835,0.013813773613683031,0.021925549795829426,0.030079648088735804,0.024887104182675004,0.025006690728233725
12.26059870888474,211208,0.0331278838188973,0.014057154180011647,0.022056556750108994,0.030047767288933627,0.02628581612459876,0.03237208626306438
12.262136293666105,211533,0.0294699752930892,0.014298309050680573,0.022146446450186954,0.030064672207479402,0.02877507716574123,0.032154480489622876
12.263671517909572,211858,0.0303687136210621,0.014536041563186521,0.022195216720017043,0.030096612946809716,0.03219095507385038,0.02857473730398636
12.265204388851943,212183,0.0290480903352051,0.014769920195971918,0.022203717454046232,0.030093412519079217,0.03602984430283512,0.030555669302993582
12.266739619390924,212509,0.0403437583100926,0.015000223430124185,0.022173007231472062,0.02999356694668965,0.03940130682245728,0.03946852783594959
12.26827719507383,212836,0.0484956495506962,0.015226496282209415,0.022104293374168166,0.0297308407924586,0.04117815883239199,0.0456337190190292
12.269812410246754,213163,0.0432453915986574,0.015447620305984275,0.021999498048251503,0.029245217128953244,0.04046727713080054,0.04169174853611532
12.27134527214637,213490,0.0342480170326738,0.015663203160764864,0.02186078745069945,0.02849162498343013,0.03712908713014486,0.03662125113733981
12.272880464861789,213818,0.0348050168581668,0.015873497647837416,0.021690003552415765,0.02744493224304389,0.0319069372886544,0.03346066936004157
12.274417974073106,214147,0.0254076155210612,0.016078079374417784,0.021489505144093708,0.026110457832983824,0.026108158698134893,0.02656945589893624
12.27595312297838,214476,0.0196115327526374,0.016275941152612668,0.021262594629030244,0.024530362918281354,0.0209822184223886,0.018573047648320462
12.277485918813342,214805,0.0142391706675397,0.016466741652034378,0.02101222901153337,0.02277198149154289,0.017195759284804244,0.015421056754387201
12.27902101703544,215135,0.0149963469428966,0.016650701351391767,0.020740602291860047,0.020916607340203744,0.014802852842019817,0.016373806224616653
12.28055840345672,215466,0.0152590803921274,0.016827439405211697,0.02045066440375902,0.019059783465556576,0.013529663620441465,0.016323041174307624
12.282093429948652,215797,0.0128903696664579,0.01699608931052536,0.02014637151025038,0.0172993840775653,0.013027028133405241,0.013293511197194463
12.28362610374524,216128,0.0122719285790837,0.017156371019721825,0.01983086227674934,0.01571216330608121,0.012996987450414874,0.011532006512320607
12.285161051849135,216460,0.0113249595555302,0.017308467207390505,0.019506231179065938,0.014348313503785876,0.013229207313049808,0.012041900903390579
12.286698260203488,216793,0.0145187142739633,0.0174520521730109,0.019175439392975134,0.01323916611472179,0.013596979754264733,0.0139845078071237
12.288233109174712,217126,0.015822387935415,0.01758642504575149,0.018842386952087443,0.012396010551628893,0.01403596366062352,0.016290752416977056
12.289765605994308,217459,0.0147824196232862,0.017711375462126585,0.018509867747008274,0.011809654033688156,0.014500354828551765,0.01537134010253128
12.291300349386916,217793,0.0131246134756326,0.017827044096704825,0.01817953574206134,0.011462266940421026,0.014907013106231392,0.013005778433094237
12.292837325425912,218128,0.0140554876879717,0.017933170274724554,0.017853915081144443,0.011337675558713511,0.015112026721460739,0.014434984930824709
12.29437194279432,218463,0.0178860117203279,0.018029238505777638,0.017536319650285324,0.011421811319847212,0.014967453881022398,0.01697409950556601
12.295908779135608,218799,0.0156106825582101,0.01811535535410996,0.017227972047740982,0.011703108683924893,0.014431979529468756,0.014752661371948755
12.297443257234724,219135,0.0131672220444901,0.018191103719270907,0.01693177461457058,0.012167660089327398,0.01364812761127615,0.01267309617013247
12.298975384317927,219471,0.012738760442915,0.01825638884137435,0.016649467243691953,0.0127942332254402,0.012895419821264204,0.013007022854955957
12.300514266428213,219809,0.0156595292721295,0.018311430573945832,0.016381052231314423,0.013553249315779635,0.012458986188419183,0.013254852886193798
12.3020462415889,220146,0.0111609692428004,0.018355638675951205,0.01613034420140383,0.014387242486340874,0.012540920471062002,0.012971199539253915
12.303584944344198,220485,0.0138817742984264,0.018389324760628586,0.015896375448623774,0.015236477023530141,0.013218926603818418,0.012756703945161894
12.305116754626772,220823,0.0125301789567714,0.018412129257740537,0.015682305684782804,0.01601634945065145,0.014397349204811843,0.013571735759579321
12.306650743637602,221162,0.0164959672278734,0.018424193783188797,0.015487713787217838,0.01665404231731305,0.015750426259726336,0.016063469026929254
12.308186897771936,221502,0.0167830999555529,0.018425449722999723,0.015313472217038934,0.017082106482179858,0.016751284471248917,0.01757454757919071
12.309725203458228,221843,0.018283977924568,0.01841584904448721,0.015160320100438628,0.01725468722988684,0.016946173139668612,0.01764867340992966
12.311256645610042,222183,0.0164985652880485,0.018395515820382027,0.015029575091556335,0.017156875780671016,0.01628693545846183,0.017324252894722336
12.312794733827133,222525,0.014626194902495,0.01836431144292192,0.014920480309401227,0.01680491045177993,0.015169911007167084,0.014625843125395183
12.314330459961486,222867,0.0134263538020243,0.018322432356880997,0.014834057823540095,0.01624568444933888,0.014179033901828482,0.012648173108485001
12.315863831257005,223209,0.0143851565610707,0.018270006452068138,0.014770390289795347,0.015546577274465822,0.013754319136764002,0.01344043230387432
12.317399328166504,223552,0.013444611871346,0.018206981715530108,0.01472937604027413,0.014781849304883049,0.014086497287535674,0.014619202979213356
12.318932470939552,223895,0.016512533643996,0.018133662713895098,0.01471112550357496,0.014028612287919955,0.01512542010701761,0.016895881266024405
12.320467726321056,224239,0.0192300008434851,0.018049976413928057,0.014715483990834072,0.013349723267618085,0.016532951428782357,0.01960222373697368
12.32200508099294,224584,0.0179799612647766,0.017956039210697078,0.014742355216763668,0.012796056642311942,0.01765844812849369,0.016445023444731838
12.32354007583287,224929,0.0156925786682618,0.017852302965956905,0.01479137051856823,0.012404746610341941,0.017798196407719687,0.01373096603862639
12.325072718074408,225274,0.0144097832622177,0.017739007785581778,0.01486204361275078,0.012198971032863437,0.016682797334674968,0.016220031569601924
12.326607447158912,225620,0.0195485559856136,0.01761604131423026,0.01495408130015846,0.012195715770575178,0.014707236967821218,0.01716635327661943
12.328144249893686,225967,0.0139405477392912,0.017483597792257964,0.015066958862577329,0.012411995963443907,0.012664357377739001,0.013949198852533592
12.329678694489346,226314,0.0112561408991706,0.017342310864566526,0.015199608578784062,0.012864258284991447,0.011216691503267042,0.011870422731359128
12.331215200036944,226662,0.010272441392098,0.017192042863924593,0.015351530725610085,0.013570768978527705,0.010619410862644087,0.010427306379008948
12.332749348356677,227010,0.0094505380270956,0.0170335109663348,0.015521259143590371,0.014541633545292882,0.010914233467515341,0.009892003404571146
12.334285545010207,227359,0.0124061867341049,0.016866561507953112,0.015708088466368023,0.015779882033416195,0.012177830095363789,0.011613594040541676
12.335819385382823,227708,0.0141746486659866,0.016691989419225655,0.01591012039131371,0.017262750022204166,0.014479390527684332,0.015150788567772536
12.337355261550869,228058,0.0173524493975011,0.01650962643016884,0.016126385431787047,0.01894996825134936,0.017647967112758917,0.019071506085544036
12.338888782420288,228408,0.0229413832484206,0.01632033888839076,0.01635452957338967,0.02076509042691859,0.0211595403126654,0.02208875594569897
12.340424326626096,228759,0.024063545763617,0.01612394539389892,0.016593267817033564,0.02261724830950526,0.02439740564055954,0.023613715106081498
12.341961881256651,229111,0.0268281239617655,0.015920791312540594,0.016840497751136843,0.024393767900681027,0.026947662973621445,0.026435553398185607
12.343497075441816,229463,0.0298058395747418,0.015711838886425404,0.017093172660611514,0.025972289141107392,0.02873899237070139,0.029421301650167642
12.345029916417964,229815,0.0272426036135478,0.015497507834338778,0.01734873558117372,0.027245757399467573,0.029934991179071647,0.029625977009799537
12.346564756050288,230168,0.0307036733552797,0.015277595187033323,0.017605186656650385,0.028131914578137122,0.030704238590170026,0.03023567418897074
12.348101581549752,230522,0.0302722152618346,0.01505249687060069,0.017859613560339792,0.028575412275251164,0.031074389881523282,0.031158965339086277
12.349636048840292,230876,0.0307304622852068,0.014823274367274169,0.018108226208243126,0.028559507733221634,0.03094537965755261,0.030847799441128133
12.351172489837014,231231,0.0316469040574073,0.01458971474348505,0.018348509947928776,0.02810726283069294,0.030206360221600663,0.03127912674377528
12.352706573803774,231586,0.0311997413788015,0.014352916965778258,0.018576463780200073,0.02727684681232395,0.028864647505589085,0.029742850828762133
12.354242619393238,231942,0.0269144483928665,0.01411266236937382,0.01878931720721975,0.026148128540823906,0.02707670301856535,0.0263487543129038
12.355776309164828,232298,0.0273292472131778,0.01387007894462578,0.018983019301910223,0.02482057613288309,0.025090732051204444,0.02552987752717813
12.357311948552708,232655,0.0227112703506365,0.013624944005206176,0.019154647599414563,0.023389959713289585,0.023111776655146486,0.023796855399241514
12.358845233367571,233012,0.023075414772612,0.013378405928172271,0.01930029707610035,0.021952793254401103,0.021251492493166338,0.01954301397620394
12.360380455868928,233370,0.0184153408229797,0.013130239717312088,0.019417027499459623,0.02058371187348564,0.01952031685545347,0.018233181409917615
12.361917603542924,233729,0.0187206871752367,0.012880910663130903,0.01950148857720866,0.019343857142125054,0.017916769192062847,0.019552402197426287
12.36345239201992,234088,0.0181152257025862,0.012631583270377835,0.01955040257020547,0.018278534380025597,0.016497389236806437,0.01887222475746198
12.364989093877806,234448,0.0169561614340671,0.012382034217748826,0.019561091710495526,0.017409348669766348,0.01538238832038021,0.015861314119180087
12.366523437905911,234808,0.013437699452141,0.012133426432119707,0.01953100206693878,0.0167490615126901,0.014729806660575809,0.013455886864475063
12.368055431328598,235168,0.0130087092322104,0.011886222758813559,0.019458120764286796,0.016296588976716958,0.01466794123475926,0.013227984024994617
12.369593572860412,235530,0.016675073761233,0.011639522893880299,0.019340053834793952,0.016042642870362358,0.015267358384102968,0.015056130527601392
12.371129352145855,235892,0.0178143236478764,0.011395161755546114,0.019175886900086068,0.015976519191306226,0.01648878488820715,0.018016197550776606
12.372662776429587,236254,0.0237845510319331,0.011153588641687143,0.018964903616548102,0.016080102231135294,0.018115088678722226,0.02033479315261939
12.374198079170943,236617,0.0184138863764878,0.010914590626906794,0.01870612180235209,0.01633162198175875,0.019736532829738612,0.019652174280010558
12.375731028370732,236980,0.0187229814301451,0.010679273862022366,0.01840039390754008,0.016702736775935693,0.020859195240988657,0.018660834327543598
12.377270057821192,237345,0.0223607154422401,0.010446801104317229,0.018046550126462457,0.017161442400427853,0.021160226347980725,0.020894227706383727
12.37880251548384,237709,0.0209906398763564,0.01021951762360824,0.017648786122551878,0.017662446093232077,0.020653366788012148,0.022191962667019345
12.380336828696397,238074,0.0178369726949204,0.009996582225668318,0.017206981864800706,0.018160235227651044,0.01965907886756238,0.020138943382962675
12.381872985333862,238440,0.0178436707801661,0.009778433497913382,0.016723441559722683,0.0186019912780522,0.018591966616220746,0.01879794968010175
12.38340678581308,238806,0.016976878249749,0.009566075301855447,0.016202552487867138,0.018932485210785433,0.017762081255309602,0.016847335535554557
12.384942418433427,239173,0.0153494924508939,0.009359325226019862,0.015646536530175698,0.01910165474342563,0.017279060003607877,0.015338374693610456
12.386479871160898,239541,0.0190836005213594,0.009158596071233427,0.015059463074518976,0.019065895239817984,0.01708150167931883,0.01865114567056249
12.388014963755603,239909,0.0231719746309978,0.008964808216528425,0.014447646630970194,0.01879546424760712,0.017003272339919103,0.021522335700562032
12.389547703452491,240277,0.0181760804265295,0.008778294286525719,0.013816363953123497,0.018278580879420706,0.016858492502762168,0.01696132081315783
12.391082252943416,240646,0.013867389720807,0.0085988950857933,0.01316950211984424,0.017520547160429695,0.016516033640468556,0.013273749371537377
12.392618600310565,241016,0.0145980289474944,0.008426976031788167,0.01251298985296943,0.016547000209458162,0.015932880050198002,0.013998431371971574
12.394152590934794,241386,0.0158960831688391,0.008263321042556324,0.011854880385583274,0.015405105268157315,0.015138404910292221,0.016398171626314857
12.395688368428912,241757,0.0161686444992558,0.008107792121298061,0.011199913668390581,0.014150286869853588,0.014182423649147714,0.01641996310358907
12.397225920965196,242129,0.0148495022741175,0.007960713026621056,0.010554801002416857,0.012848907809641087,0.01310940675925311,0.013457620418200682
12.398761113062513,242501,0.0111321297242328,0.00782275136580575,0.009928033143992395,0.011572505439678306,0.011964429515833841,0.012206024430118003
12.40029395195721,242873,0.0118996415275752,0.007694124791818696,0.009326259173361048,0.010383244138530676,0.010810358527535858,0.012062936165954226
12.40182855592538,243246,0.0083829350554385,0.0075747245929171855,0.008754492547320435,0.009328708078582305,0.009735369538089627,0.008827480744431713
12.403364913253952,243620,0.0072163573552859,0.007464808992997185,0.008219328041731006,0.0084445254635018,0.008833583034507063,0.007270104853047774
12.404898913809062,243994,0.0083849167896614,0.007364873022991078,0.0077283895149389565,0.007750211415276889,0.008160427528684015,0.008505125492200241
12.406434656990683,244369,0.0113310896036297,0.0072748321208413865,0.007286215562249541,0.007243535421039893,0.0077050323196444295,0.010373526078502074
12.407972131174889,244745,0.0072468952337622,0.007194890905065494,0.006898442142213818,0.006909852141801731,0.007412723172527655,0.007974359299885207
12.409507245160508,245121,0.0070177600669786,0.007125406350763346,0.006571023364901025,0.0067238711105167895,0.0072158441551561855,0.006990674454345421
12.41104000618278,245497,0.0072480977198032,0.0070664611286587065,0.006308051603885761,0.006653185541833643,0.007061312087656858,0.00699916181389636
12.41257448857582,245874,0.0070248025797525,0.007018003043262377,0.006112527020461568,0.006665024055900616,0.006934880034709975,0.006962385526769515
12.414110680828763,246252,0.0073062432853283,0.006980159187099434,0.0059877386129858975,0.006730492397491055,0.00688034064928535,0.007040214681688823
12.415644516814288,246630,0.0070296953863743,0.006953094132152154,0.005936294829426932,0.006826570594102866,0.006988657931622958,0.006986312725297617
12.417180052193258,247009,0.0070678562930913,0.006936780437347733,0.0059595677612161065,0.0069384283681211655,0.007339542126474766,0.006965779023124407
12.418717275542988,247389,0.0073691907559118,0.006931284693650044,0.006058564506870846,0.007058979534960826,0.007924602467644731,0.007742053574498642
12.420252139463598,247769,0.0101407532327921,0.006936624619782374,0.006232919715890581,0.007188025508281419,0.008613989769691343,0.010081413755845911
12.421784651186794,248149,0.010649408530254,0.006952740410914365,0.006481416443414359,0.007331824848077201,0.009210184781995668,0.009958752679611896
12.42332286522932,248531,0.0094242654163833,0.00697972168756508,0.006803916398909267,0.007502749047584589,0.009541805107187024,0.009318825868296472
12.424854699326902,248912,0.0095929840229247,0.0070172988252243185,0.007195365951498105,0.00771549205269355,0.009530083201282095,0.0096413810806614
12.426392213153282,249295,0.0090653967931353,0.007065689280368352,0.007655546703211027,0.007991973470539194,0.009216003282221002,0.009144980058650151
12.427927366659455,249678,0.0081735874423813,0.007124583532173543,0.008178291914193383,0.008354845934371712,0.008731615597366666,0.008472807283992825
12.429460167081224,250061,0.0079198344415089,0.0071938225454114,0.008758666270183497,0.008830132024362895,0.008245661681123423,0.008261797857587972
12.430998607406474,250446,0.0090220026591185,0.0072736700330571875,0.009394587634514237,0.009447828045019927,0.007903185793048714,0.008038697234603024
12.432530697812211,250830,0.0084379889918023,0.007363346863602242,0.010075234068509357,0.010227486007695187,0.007809436769963665,0.008127240918487325
12.434068405815305,251216,0.0083413628828496,0.0074633766759603076,0.010799543528542916,0.011192906899872769,0.008084488832021465,0.008180763307286185
12.435603752902423,251602,0.0080586670844452,0.00757308406507252,0.011557139880051524,0.01234610298334796,0.008997893403214783,0.008571017461677825
12.43713674631212,251988,0.0122800612491054,0.007692218148122032,0.012340811648948402,0.013677106176836014,0.01100475584862928,0.01181978500930667
12.438671355615138,252375,0.0161292243715132,0.007820856232621541,0.013145269285609228,0.015161805819982766,0.014502192393365325,0.016274583597801442
12.440207569783563,252763,0.0167361831406034,0.007958784480732579,0.013963100670663354,0.016754314564047676,0.01931402580193244,0.01735499831098991
12.441741427617393,253151,0.0221390717183713,0.008105381255685617,0.014784666668421749,0.01838763993404745,0.02435863248076447,0.022122670160834267
12.443276880492718,253540,0.0287061461721618,0.008260741340643803,0.015604576721729428,0.019991653145293192,0.02806401367442343,0.029635700402793053
12.44481391746744,253930,0.0300720029728337,0.008424597254212265,0.01641540998296819,0.021487661862738913,0.029286879318083044,0.029631259187678033
12.446348595584684,254320,0.0302031242289166,0.008596214022099327,0.017207895998671528,0.022797822365370903,0.02810336802055106,0.028789306225273713
12.44788484809936,254711,0.0266059786776605,0.008775701599687675,0.017977152520625296,0.02386411446034556,0.025679976175164355,0.028192338434557852
12.449418744161893,255102,0.0225875233803571,0.008962257447189058,0.018714673019169913,0.02464191129516827,0.023446136758284962,0.022893727709573927
12.450954204984209,255494,0.0216866567450816,0.00915600122538901,0.019416225990458617,0.025114651223221533,0.022337085442224697,0.02077055790818335
12.452487311780644,255886,0.0198303527092357,0.00935606923795416,0.020074406724003582,0.02528681575917944,0.022595589671476093,0.022258218288971676
12.45402197376314,256279,0.0213309746879261,0.009562589823718375,0.020685816117389646,0.025186511850072524,0.02383675121280493,0.022382530601785036
12.455558180182,256673,0.023271138271008,0.00977519124075689,0.021245768998889424,0.024857698052944424,0.025182706806888718,0.025757894848930322
12.45709203029002,257067,0.0310856933081714,0.009992929361410599,0.02174897538011416,0.024357085738534706,0.025617199446749964,0.030050240321666068
12.458627415380455,257462,0.0278341938292005,0.010215941903592781,0.02219349264285366,0.023743572251203583,0.024626798847610924,0.02551178788552219
12.460164324788003,257858,0.020839820111083,0.010443821730728229,0.022576538451796455,0.02307511817499575,0.02258339416006226,0.020011621355775774
12.46169887572931,258254,0.0189871569310832,0.010675560608275002,0.022895274202186455,0.022404933572140236,0.020463801152071824,0.019153593786989526
12.46323494165268,258651,0.0200544814513887,0.01091130295735151,0.023149311406315362,0.02177289277872042,0.01915616232461212,0.019576889393950313
12.464768651695856,259048,0.020143808399902,0.011150008556667767,0.023337487281775267,0.021210473930719263,0.01905014304065513,0.020434468703330492
12.466303867448286,259446,0.0202003680662928,0.011391825961213024,0.02346040296834545,0.020734320821446377,0.01995500674434442,0.020364035976755374
12.467840578381152,259845,0.0189363168887414,0.011636305886711659,0.023518564206611126,0.020351669806406073,0.021157187904113826,0.019768660987433996
12.469374931456407,260244,0.0245931797299646,0.011882373433923005,0.023513168798876195,0.02006048476595629,0.02168385966806409,0.022328608457342632
12.470910770556662,260644,0.0235197215250402,0.012130179439168472,0.023446100529406787,0.019848767105983454,0.020953953970500788,0.022975220783141365
12.472444254471895,261044,0.0196967823895316,0.012378637259871934,0.023319924890186364,0.019699417711324826,0.019305230600787638,0.018215987467000316
12.4739792153179,261445,0.0171936250437732,0.012627898981615903,0.02313718239081598,0.01959010137952387,0.01777825659847367,0.016839751421689832
12.475515642701003,261847,0.0184394700972596,0.012877494605930972,0.022900927817138615,0.01949692056669277,0.017433018354389877,0.018977718447411935
12.477049713095887,262249,0.0190963166213478,0.013126333592389815,0.0226153543600758,0.01939649330130197,0.01889669756759819,0.018559470521111607
12.47858524104948,262652,0.0187971476482917,0.013374566041106546,0.022283648008078333,0.019267757774124268,0.022153367181467737,0.019931276191171375
12.480118414771503,263055,0.030184207831195,0.013621110268175701,0.021910746116598122,0.019095248103737802,0.026098566839779652,0.026921146689099545
12.481656832783818,263460,0.0352509898667262,0.0138667182509277,0.021498951330481582,0.01886870680785316,0.0284880141290436,0.031456211890405185
12.483189097877172,263864,0.0285315426577528,0.014109111455692094,0.02105570985003958,0.01858804249967148,0.027208393856533113,0.028961634803500898
12.48472658677195,264270,0.0230161905927963,0.014349633437465148,0.020582199606931778,0.018256752887881058,0.02227917072048393,0.02243549562115403
12.486261715423012,264676,0.0144076497718433,0.014586637715802096,0.020085114220996913,0.017888208639082595,0.0161144219409992,0.013944685761259077
12.487794491065808,265082,0.0097888653855239,0.014819694631593355,0.019568943496138573,0.01749902884428342,0.011398770951536706,0.009479409827651029
12.489332454171368,265490,0.008872893647555,0.015049500306175766,0.019035401072345106,0.017106220746797615,0.00917073004747441,0.009922726430399646
12.490864294730455,265897,0.0131546873453298,0.015273937773597462,0.018492578321121934,0.01673173654233448,0.009254270224810195,0.011506982700695058
12.492401302528302,266306,0.0112749644358937,0.015494241338621264,0.017940484414418867,0.016390012275368286,0.011547703872726528,0.012467054951660998
12.493935951558155,266715,0.0161897351660478,0.015708904656719928,0.01738559306351007,0.01609636370318487,0.015861880142355105,0.015562566737347017
12.495471992621448,267125,0.017113046939901,0.01591805254722216,0.016830117590707818,0.015858722579707052,0.020714855212978965,0.020072457727508434
12.49700567788074,267535,0.0228989953801723,0.016120787001219637,0.016278718684726773,0.015680698543517217,0.023569895769750618,0.021969151084530496
12.498540746653331,267946,0.0181541897963037,0.01631722624054757,0.015733088169658262,0.015559043913717452,0.022937855885136846,0.020722270994948545
12.500077188973542,268358,0.0185719466920055,0.016506981168294712,0.015196011202409439,0.015485486650938088,0.019653099549195484,0.018673451732947467
12.501611274259734,268770,0.0183099453133287,0.01668924081655859,0.014671256844355034,0.015446718471313582,0.015898207753862647,0.018915740201669935
12.503146724684363,269183,0.0180576676953222,0.016864110921239364,0.014159727729297425,0.015425179864525903,0.013331162055311464,0.01799219001061041
12.504683530361936,269597,0.0112738055650386,0.017031240426306046,0.013663368125288473,0.01540093911506811,0.012461213923789355,0.01185597049234954
12.506217977891373,270011,0.0090393316529529,0.017189918799699156,0.013184983676681881,0.015353440258123689,0.013071030119632085,0.009471434884268402
12.507753772374617,270426,0.014991182068136,0.0173402381228804,0.012724754639055355,0.015263338086553942,0.014574195364101313,0.014187780557413026
12.509287211809571,270841,0.018099251731371,0.017481561993537096,0.012284864096784441,0.015115096856872736,0.016095766055651863,0.017431381792616763
12.510821989955438,271257,0.0166365371755199,0.017613973452599026,0.011865083504800684,0.014897769826578158,0.016826745115481365,0.01569427969765494
12.512358097055593,271674,0.0182895804483031,0.01773719855380579,0.011466095278769997,0.014606862008682464,0.016516054380186412,0.017970769087937773
12.51389184814934,272091,0.0196956042752004,0.01785071940240253,0.011089253185223158,0.01424558069034576,0.015547928727866776,0.018865309734656163
12.515426920062977,272509,0.0147957519680347,0.017954603944291277,0.010733861466888067,0.013821876060774434,0.014498557347735377,0.014501273510431732
12.516963303118835,272928,0.0122052077437845,0.018048630634400906,0.010400038414294613,0.013349449113257212,0.013700720316439638,0.013044308565065362
12.518497329322368,273347,0.0095421127657275,0.018132408343884472,0.01008846818484489,0.012846616086449448,0.013122677953652007,0.011871564383941543
12.520032658641314,273767,0.0113174483950226,0.01820598950772165,0.009798162457254721,0.012330626284849362,0.012508565811022561,0.009540624574383347
12.521569281476545,274188,0.0111022015808916,0.01826920884884379,0.009528840151072408,0.01181919032971044,0.01164342252556428,0.01176219230756164
12.523103546724297,274609,0.0147097231530819,0.018321808067521875,0.009280684349827232,0.011328880262685925,0.010563886124540612,0.015143172783586019
12.524639097568194,275031,0.0106595721906696,0.018363823951525176,0.009052566101784896,0.01087040866554906,0.009539396138406193,0.01173706026717422
12.526172294110388,275453,0.007873214966549,0.01839508907649693,0.008844419176304847,0.010452685503659182,0.008876252196368256,0.008408669323991686
12.527706768382554,275876,0.0087964980348074,0.018415629914700582,0.008655086112159517,0.010078518004965531,0.00873216328169297,0.007452883985041579
12.529242510911509,276300,0.0064598814618716,0.018425380887544335,0.008483922843568184,0.0097482621052918,0.009075770038380868,0.006975999699428488
12.530779512253824,276725,0.0100473009353788,0.0184242968598804,0.008330241857183212,0.009459413003425243,0.009687712567771876,0.008678544642441182
12.532314154847953,277150,0.01317501528607,0.018412394054502897,0.008193620497516185,0.00920809121683324,0.010214311171673759,0.012417228233055876
12.533850048545895,277576,0.0139971096963092,0.018389678628348876,0.008072925291660132,0.008988302891194077,0.010354886732183776,0.013407581207736037
12.5353835868915,278002,0.0112162072301588,0.018356258246665817,0.00796760611449696,0.0087954111997913,0.010063887843172647,0.011701551010492695
12.536918368684098,278429,0.0114719321045362,0.018312129084535608,0.007876560512947252,0.008625045751465237,0.009560265834596718,0.009138812080451279
12.538454384604648,278857,0.0067614139048308,0.018257348701480464,0.00779896280330856,0.008475444325359372,0.009129876078420932,0.006894901302221896
12.539988044798262,279285,0.0064621904633906,0.0181921596996853,0.0077340998680003525,0.008347782974443788,0.00892770596761853,0.006919555569559163
12.541522931566298,279714,0.009469733669369,0.018116544156201803,0.007680905996455525,0.008245534813809083,0.008911573447045927,0.009269416894949405
12.5430590356661,280144,0.0090611035926467,0.0180306202566572,0.007638487394551309,0.008175461863560237,0.00890385729537972,0.011843987122634125
12.544596347884456,280575,0.0127244358210852,0.01793452643505201,0.007605925062003581,0.008146911983282818,0.00873509591296217,0.011659828498959163
12.546131300401091,281006,0.0086656399502891,0.017828677955569004,0.007582319972135437,0.008171129680568425,0.00840031676855115,0.008134575686733671
12.547663900448969,281437,0.0060273722549047,0.01771331868056489,0.007566651564288571,0.008260287019763703,0.008085063653002187,0.005723843526960528
12.549201250722552,281870,0.0073994005833847,0.017588109130306024,0.007557864129101927,0.008427788356027444,0.00803799083468921,0.007014318118922147
12.550736241177676,282303,0.0107677056499463,0.017453841797061047,0.007554997452394075,0.008685206047381672,0.008422082800620052,0.010469897066089225
12.552268879047835,282736,0.008857424398673,0.0173108108011159,0.0075569975992587244,0.009042256049726438,0.009204718504666426,0.010058392050349673
12.553806234428404,283171,0.0098836190711533,0.017158605680250353,0.00756284582250783,0.009507189594357953,0.010099455502670595,0.008743940407242157
12.555341229974848,283606,0.0105471377023226,0.016998193375062254,0.007571482556987594,0.010078390466038221,0.010635647711465699,0.011293034199775676
12.556873872920727,284041,0.0129762113031605,0.016829913272393138,0.007581860267583174,0.010746907512275534,0.010508146839478203,0.012865499168317066
12.55841120091176,284478,0.010580025038779,0.01665329191321471,0.007593003330825703,0.011496085825828603,0.009887732081703113,0.009285131123970612
12.559946169152685,284915,0.007473301762797,0.016469453171737317,0.007603856006130481,0.01228929197703484,0.009353819905430891,0.007655217396904187
12.56148228931418,285353,0.0101528077286884,0.016278332055702144,0.0076134658436857175,0.013080898409501105,0.009539565387112021,0.009588899310055684
12.563016053429232,285791,0.0151530976937417,0.016080732662949376,0.007620877603367339,0.013809660020838131,0.010942002376554526,0.012073437436899002
12.564550962414,286230,0.0124861652546342,0.015876584100685997,0.007625226867392034,0.014410170158389201,0.013826201967670027,0.014365426061142505
12.566087007400954,286670,0.0178562816206828,0.015666258010966633,0.007625684097744528,0.014814355882719019,0.017814673957852002,0.017410757945937987
12.56762069657188,287110,0.02049166715231,0.01545063500258208,0.0076215055782609155,0.014962347911614191,0.021486412079170264,0.02114381906263178
12.569155514791913,287551,0.0237224859320866,0.015229637892217124,0.0076120247938822085,0.01481350270245391,0.022958870758251575,0.025026658860255437
12.570691453267145,287993,0.0248626128778128,0.015003672910134307,0.007596662466738495,0.014351830582665263,0.02128091773672197,0.022087247586684546
12.572225036252798,288435,0.0132668730539431,0.014773681844006799,0.007574999515973172,0.013594192395208437,0.017304697316102874,0.014359074340217473
12.573763194300374,288879,0.013282367629687,0.014539050620886446,0.007546576589152108,0.012583112459855245,0.012905299861642404,0.012034923875800935
12.57529553370028,289322,0.0102406964688419,0.014301809546313736,0.007511370309738424,0.011398072512166206,0.009576010041455547,0.01164007893908362
12.576832430749242,289767,0.0086757557914616,0.014060804556263252,0.0074690557161206155,0.010120445525859606,0.0076554204359985415,0.008209588196711384
12.578366969369862,290212,0.0061918678193009,0.013817566754745728,0.007419846977428567,0.00884907600346244,0.006786704088408859,0.006600639307226169
12.579902597264724,290658,0.0069071638245699,0.013572011379883892,0.007363817603922758,0.007665920491717969,0.006428415697946022,0.006538955030852399
12.581435870621789,291104,0.0062547458728074,0.013325153044528226,0.007301413686691728,0.006638833146641889,0.006122637383172808,0.005610598905717738
12.582973656513586,291552,0.0061669307418723,0.013076349058755725,0.007232791970092791,0.005803104048985788,0.005621299711195331,0.005655178058603339
12.58450908125042,292000,0.0060816298273822,0.012827177330687204,0.007158828975882377,0.0051749413099028,0.004996647214940627,0.005823179290401387
12.586042152071927,292448,0.0048139098346603,0.012578108435203067,0.007080257031193568,0.004741638313063236,0.004500694222960365,0.004403129965921878
12.58757629035982,292897,0.0041827449491222,0.012329055455596448,0.006997733231651496,0.004473761972669564,0.004272596712573688,0.0041613612107645375
12.589111487610047,293347,0.0045173948467958,0.012080489018347084,0.006912187195677695,0.004335844240693431,0.00426050065996517,0.004533695444711063
12.590647735346804,293798,0.0046224858906328,0.011832880431190957,0.006824650728127165,0.0042930065197196565,0.004388385834700274,0.004645948901058838
12.59218162664606,294249,0.0046234778022328,0.01158724289160982,0.0067364404477316,0.00431671960163829,0.004646830335021388,0.004640596309542305
12.593716562001331,294701,0.0061072290706277,0.011343492412268489,0.0066485518175366095,0.004387484231723152,0.0049933376824756286,0.005071279262368727
12.595252533007969,295154,0.0049268368244088,0.011102093839211768,0.006562231127000938,0.004494212486950996,0.005294657741519247,0.005207126364876025
12.59678953128943,295608,0.0056512306865574,0.010863509072692776,0.0064787658720581775,0.004631196346203709,0.005438450189296689,0.005287719148106829
12.598324170832088,296062,0.0052666569752177,0.010628708842648648,0.006399635247379642,0.0047942361850117085,0.005438306295270876,0.00562381683159113
12.599859831358083,296517,0.0053416110796502,0.01039761420132594,0.00632595811999565,0.004979032334774117,0.00539048307745816,0.005555009227098554
12.601393137246292,296972,0.0057091750562992,0.010171162243065962,0.006259164896771493,0.005178808200152079,0.005372241966067619,0.005547059586906129
12.602927457870306,297428,0.0054818763205186,0.009949275867387582,0.006200337765086775,0.005386692324822667,0.005407577669694856,0.0057081963983560465
12.604462784966374,297885,0.0056810750180339,0.009732383375063812,0.006150676107453226,0.005596295085330593,0.005497147686089178,0.005543824110053942
12.605999110298578,298343,0.0057810634609221,0.00952090491292667,0.0061113101585057086,0.0058039179308912985,0.005649376268096827,0.005849092027686954
12.607533078955411,298801,0.0060706826767381,0.009315692562783641,0.006083332137713641,0.006008921193911771,0.005875364566378603,0.006009880429867444
12.60906803973741,299260,0.0062847547124067,0.009116676892754009,0.006067581318303011,0.006214385590068286,0.00615823452287716,0.006354190774076661
12.610603984478248,299720,0.0066788697956276,0.008924246213427993,0.006064879969456171,0.006423901493693355,0.006452781142626864,0.006699535889703904
12.61214090503929,300181,0.0068542156989591,0.008738777473905723,0.006075923404611397,0.00663994396410567,0.00675140679723898,0.00681434821536439
12.613675467099885,300642,0.0072441977515357,0.008561012492402115,0.006101199064278742,0.00686228814377062,0.007116716048681155,0.007166921724018444
12.615210999004637,301104,0.0074358889209748,0.008390890691761788,0.006141126115812535,0.007090282231393286,0.007582469940735808,0.0075128722093035895
12.616744176665708,301566,0.0088508697849426,0.008229089412008606,0.006195830088738847,0.007323791125620982,0.008034695382587982,0.008789562230296711
12.618278318236824,302029,0.0085908143892977,0.008075551926380375,0.006265487413299253,0.007569145300551522,0.008296639200949422,0.009185748543383752
12.61981341568942,302493,0.0086506665645638,0.007930583753654921,0.006350049897450385,0.007841019715719854,0.008335053791484553,0.00829096756512534
12.621349461022332,302958,0.0081098645818055,0.007794474988198215,0.006449316208871269,0.008163613422570038,0.008301130043575338,0.008064506417544757
12.62288644626179,303424,0.008518723685217,0.007667499671072117,0.006562935073609564,0.008567061045527239,0.008351859509608053,0.00831713951610633
12.624421072802445,303890,0.0091385980678715,0.007550156511922495,0.006690123631577484,0.009077983037240682,0.008559018654149625,0.009004251040395555
12.625956633493294,304357,0.0093186717626208,0.007442401767090345,0.0068304823835271065,0.009711147335630914,0.009046728917624855,0.00946342285967715
12.627489839852265,304824,0.0117481587528211,0.007344655215501221,0.0069829176136763215,0.010453565048726394,0.010048080495476222,0.010330460868407457
12.629027250192834,305293,0.0125844417043964,0.007256701179797687,0.007147213246117839,0.011263961588283872,0.01165505708164133,0.011647245626076547
12.630562300530675,305762,0.0129799541280182,0.007179098767827441,0.007321699806525741,0.012060972557041428,0.013507865134444455,0.012316088605038618
12.632094998100136,306231,0.0128892129904391,0.00711194639247837,0.007505259985276003,0.012742911690893501,0.014931280373137661,0.01364421746575458
12.633631871111405,306702,0.0162936565865988,0.007055103211356773,0.007697548979403319,0.013205104514028287,0.015407094703913105,0.016330993691370047
12.635166385768049,307173,0.0186468602289752,0.007008936367950495,0.007896567833176726,0.013357600303729225,0.01490135722368801,0.01765546227458002
12.636701799801886,307645,0.0139148222204096,0.006973419756921481,0.00810149427054213,0.013158858160610378,0.013789297951272764,0.01474686006194919
12.63823485995319,308117,0.0119394855325238,0.0069486801731360095,0.008310633018305095,0.012632427465079074,0.012525172183815506,0.011215232272537762
12.63977205451962,308591,0.0108085689206332,0.006934678312442217,0.00852361388147035,0.011870836269115996,0.011404523599530992,0.01069703985196813
12.64130688974522,309065,0.0107091162475182,0.006931518371043663,0.008738291187691188,0.011036336202035821,0.010569674537645651,0.011150965006590926
12.64284260346675,309540,0.0104986298537574,0.0069391839863402,0.00895388780567943,0.0103268202455951,0.010090598990585956,0.010224717318931353
12.644375962387484,310015,0.0102308881503399,0.0069576290155054805,0.009168764720588094,0.009946378181807434,0.010042859170338328,0.010139354618159064
12.64591341512842,310492,0.0103576120650275,0.00698691455364065,0.009382689706039688,0.01006047008767887,0.010486941918104661,0.010297415547863441
12.647448507736552,310969,0.0119059597983366,0.007026880803245242,0.009593693634329808,0.01076239059565179,0.011400410861167023,0.011296134072866337
12.648981247446825,311446,0.014388534744365,0.007077403530035475,0.009800800554286691,0.012045625572491435,0.012651833032627213,0.013999395668051794
12.650518053279225,311925,0.015414904862049,0.007138616777371662,0.010003966156756364,0.013811245432526029,0.01406353512667901,0.014431182909282799
12.652052500963007,312404,0.0156106073478934,0.007210167156942444,0.010201523466721218,0.015861888404253045,0.015480396034899178,0.014797590231867736
12.65358779380178,312884,0.0175346608170595,0.0072920537983634775,0.010393183475095548,0.017957749726676974,0.016829007053722325,0.016481681574060332
12.65512392430126,313365,0.0190396670737563,0.007384138877074206,0.010578332530109778,0.01984526661858356,0.01807204725879608,0.018308671218581967
12.65665769872261,313846,0.018307905868732,0.007486042791149573,0.010756104863544332,0.021301860978952855,0.019147594586941426,0.02036838304926863
12.658192305677348,314328,0.0200708382170143,0.007597770719011725,0.010926503640522592,0.02218175827252565,0.01995362757713389,0.01941172584454395
12.659727737735738,314811,0.0184029234924542,0.007719127534076241,0.01108925372471273,0.02242408895880297,0.020387237231770956,0.018534715034696978
12.661263987494316,315295,0.0222950104587297,0.007849899216914646,0.011244194768656355,0.022059259140370043,0.020429718466639022,0.022129935069316015
12.662797880809196,315779,0.0222383511468203,0.00798955566432856,0.011390985954711049,0.021196110662761662,0.020186051926311864,0.02214304429390554
12.664332586818738,316264,0.0172833654224296,0.008138108763537936,0.011530022220681486,0.019989072905106407,0.019829837784988057,0.018435851731552235
12.665868098183385,316750,0.0198481813932087,0.008295291961238023,0.01166147969297456,0.018609174424252844,0.019493350339828658,0.019198242736622555
12.667404407589688,317237,0.0179826711938277,0.008460821545579405,0.011785641010099691,0.017214162489344847,0.019176170767480717,0.01954249986767268
12.668938360369443,317724,0.0192170017111908,0.008634033804460393,0.011902658048741136,0.01592944128667107,0.01872836889906492,0.018145396447429924
12.670473106305474,318212,0.0197956079568641,0.00881494613941103,0.01201327315036889,0.01482951716248493,0.017930814317802655,0.019511796842199856
12.672008638147602,318701,0.0181062677801633,0.00900322868690165,0.012118057930030693,0.013947793818144132,0.01666419429476832,0.017113443529525305
12.673544948671568,319191,0.0133411991356411,0.009198536687134103,0.01221767014955711,0.013282536513316155,0.01505858413881901,0.013316535382454682
12.67507890256556,319681,0.0130548181399518,0.009400093646171611,0.012312657893168613,0.012810429703200113,0.013473136297055249,0.013707599837798944
12.676613630374526,320172,0.0133384479683951,0.009607921276196385,0.012404035829757984,0.012496070407455711,0.012261548412675898,0.013524570098986966
12.67814912493684,320664,0.0117500854080342,0.009821636463292864,0.012492676245871071,0.012304755249712026,0.011557858476938602,0.011605056296846033
12.679685379116618,321157,0.0116894343747665,0.01004084391672195,0.012579510504054942,0.012205395036314282,0.011262369066991266,0.011338940838457563
12.681219276839146,321650,0.0111282419975064,0.010264678463607948,0.012665347901814812,0.012171165053136314,0.011219667000065768,0.011141162230162146
12.68275392952915,322144,0.0111308084983414,0.010493164963763367,0.012751387178295638,0.012177903665017122,0.011360911143547038,0.0110086170300117
12.684289330112742,322639,0.0116382144487867,0.010725878742349728,0.012838685234955507,0.012203133003735649,0.011680773146960035,0.012263829013988514
12.685825471541587,323135,0.0143278477507586,0.010962386039229817,0.012928326856659693,0.012225816033090588,0.01213836604267953,0.013535739426611317
12.6873592568588,323631,0.0117683249385533,0.011201759626270652,0.013021224996251803,0.012228199568419341,0.01262672286282782,0.01210964383195017
12.688893778486523,324128,0.0135208620075539,0.011444026431296604,0.013118666249832323,0.012198715310574834,0.013028264679967282,0.012903598458451997
12.690429029437778,324626,0.014328351981114,0.011688733173224816,0.013221760786463373,0.01213422176534541,0.013262600576173338,0.01426058895309845
12.691965002750951,325125,0.0123518162466811,0.011935420852671009,0.013331611193105872,0.012040824164216089,0.013292065430554181,0.012450963650635239
12.693501691489768,325625,0.0127534665358107,0.012183625620712357,0.013449302760795988,0.011932373485972335,0.013107676011465738,0.012293233562139549
12.69503602243903,326125,0.014067395473331,0.012432381910215624,0.013575631425810334,0.011827329890443246,0.012736959609362573,0.01374301059090819
12.696571064433227,326626,0.0134363394173682,0.01268171719613456,0.013711838824605804,0.011744230670862426,0.012263538292175186,0.013004334457119578
12.698106810596665,327128,0.0119899350701103,0.012931161228989888,0.013858890925000528,0.01169979246107835,0.011818315245237765,0.011910868119645352
12.699640201859884,327630,0.0115679271118977,0.013179748452130451,0.014017366797606519,0.011708468844377897,0.01151594617559416,0.01163875263833734
12.701174292983197,328133,0.0116052394062794,0.013427507191256039,0.014188380040174982,0.01178494206110838,0.011396146343502589,0.011294396179754786
12.702712120017347,328638,0.0115001201315208,0.013674455769876075,0.014373059704619351,0.011949004039280575,0.01146036179361975,0.011278430428856706
12.704244547572548,329142,0.0118781393294302,0.013918666219781122,0.014570926134788418,0.012227024288084039,0.011762297671635571,0.011950078455645295
12.70578069748224,329648,0.0129489408294295,0.014161134463206807,0.014783669101988965,0.012657074084302068,0.012423955365182936,0.01310217631454243
12.707317520139268,330155,0.0136189141772689,0.014400911941496284,0.0150113468976878,0.013280738166608904,0.013507562906810686,0.013843900230497239
12.708851984596086,330662,0.0157533385058304,0.014637079192843518,0.01525377731082949,0.01413422281350308,0.014893586548217267,0.015073259925359357
12.710387117680508,331170,0.0161206323122949,0.014869662517822697,0.015511567938871124,0.015239886955168862,0.016340654523372137,0.016332264510341234
12.711922912710888,331679,0.0170292948864205,0.015098217865884462,0.01578474587417283,0.016589230719249143,0.017663828278388347,0.016801967217868925
12.713456352691306,332188,0.0182006640165704,0.015321873594847756,0.016072603704738737,0.018131017774937353,0.018860666460492084,0.01817820109515797
12.714990450566798,332698,0.0233390262802421,0.015540655929317918,0.01637537553840633,0.019778148117615715,0.020074379320644223,0.020998599644630606
12.716528200829275,333210,0.022305215029536,0.01575455780973183,0.016693239465723188,0.02140947288032323,0.02143341457571093,0.022908327947674743
12.718060593535553,333721,0.0258523580045392,0.015961933657785515,0.017023664766149568,0.02287310006005871,0.02288646041841872,0.023067314462312975
12.71959662545646,334234,0.0220708052855633,0.01616361945740392,0.017367748221549715,0.024039816414082663,0.024170851316841085,0.02303600510246962
12.721133288927655,334748,0.0236319689796243,0.01635881428996591,0.017723872825388204,0.024796680548097937,0.024890150017467208,0.024035855660324727
12.722667594686774,335262,0.0258699925499398,0.01654678230583513,0.018090156456140094,0.025082589816750975,0.024782131426504338,0.02557631052500157
12.72420252812913,335777,0.0258821026048258,0.016727546941995568,0.018465954112954062,0.02489858053781308,0.023936401734720846,0.02530098498828844
12.725738082762994,336293,0.0226421869618822,0.016900758045824985,0.018849769952620332,0.024303230448947572,0.022773802828164325,0.02336308633878457
12.72727128308354,336809,0.0226827796780152,0.0170657674998753,0.01923918771335572,0.023404856818808894,0.02180682832556744,0.02131524181516607
12.728808065281632,337327,0.01908171324797,0.017222893223751347,0.019633910714575743,0.022334055453292912,0.021374593624312464,0.019500539292930184
12.730342489403588,337845,0.0206523145180845,0.017371222577291744,0.020030474479676395,0.02123378696151333,0.02153573409426743,0.02057232173380272
12.731877518076413,338364,0.0252228540826794,0.017510777213658613,0.020427576129346432,0.02022583803329794,0.022056145673306,0.025175839047897552
12.733413144913808,338884,0.0245059526991738,0.017641283268280843,0.020823046081694975,0.01940649030741802,0.02248198972996369,0.025633880562868017
12.734949363553538,339405,0.0220776512527479,0.017762483573355494,0.02121462590118633,0.018841491092709935,0.022333435443011775,0.021220069246313065
12.736483225844962,339926,0.0185687771638528,0.017873933765508845,0.021599259151290386,0.018571886114482832,0.021406958193601867,0.019158265738374612
12.738017676316092,340448,0.0193762567758381,0.01797565455202723,0.021975344613759346,0.01862289939743378,0.019946970708244784,0.018740526102673356
12.73955270866094,340971,0.020430552706855,0.018067442856838353,0.022340503643405816,0.019017924859056044,0.01850333944209145,0.01890908875584985
12.741088316597365,341495,0.02048843183935,0.018149114113006,0.02269236246988456,0.019783222670275227,0.01759964629767788,0.01986347400239454
12.742624493867044,342020,0.0177927997815966,0.01822050266556614,0.023028578728056658,0.020945942014708025,0.01755647479583271,0.01867987535609934
12.744158314915234,342545,0.0177272185628271,0.018281356324464686,0.0233462825002601,0.02252029340330077,0.018596272186988522,0.01750708308799972
12.745692701811684,343071,0.0217737642436238,0.018331694737260703,0.023643944681610116,0.02449997923171766,0.02098811062219801,0.020306185337272072
12.747227648353528,343598,0.0251622297470305,0.018371411359055054,0.0239194919318462,0.02683428319568284,0.024926701869181903,0.02513480157456439
12.7487631483615,344126,0.0306243405052461,0.018400419647483318,0.02417098988426152,0.029418010129917002,0.030202249574978864,0.02913562804452877
12.750299195679911,344655,0.0363803657399229,0.018418653278550107,0.02439666876820697,0.032089765214654786,0.03601303177400735,0.03599319694991546
12.751832887175157,345184,0.0450322106261176,0.018426062548283738,0.024594600578124428,0.03463857912054421,0.04116091994246461,0.0432666003967564
12.753370015191123,345715,0.0467611098762646,0.01842265003602811,0.024764165843272526,0.03684653157716468,0.04457370942841297,0.046255827758063674
12.754904784070384,346246,0.0472077488603964,0.01840842363827916,0.024903591672210616,0.03848862036145422,0.045672652672562875,0.04645996168408034
12.756440084736742,346778,0.042999577608179,0.018383402678396943,0.025012340264236252,0.03939702424692248,0.04455035138820814,0.04341448531331428
12.757975911135858,347311,0.0376139549895015,0.018347623258530694,0.02508978898377939,0.03947177254883567,0.04177265319115127,0.03963979373268728
12.75950938238888,347844,0.0369197591041861,0.018301238923384658,0.025135533015421888,0.038704570964061845,0.03810431346671765,0.03729076467979581
12.761046246598491,348379,0.0348483380295486,0.01824415253463814,0.025149676991094543,0.03717328541561857,0.03423340112907691,0.03462580071661431
12.762580752480469,348914,0.0322448621613419,0.018176674379961132,0.025132386100112675,0.03504174593595043,0.03068855153730977,0.032494712230132276
12.764115768905276,349450,0.0301293556291131,0.01809882432607031,0.025084219594377954,0.03251734928122533,0.027759817451600912,0.029359156619070396
12.76565128991864,349987,0.0241151642182014,0.018010739054331586,0.02500596307027911,0.02982891894581129,0.025555928780312136,0.024973213200555268
12.7671844567217,350524,0.023983206793556,0.017912766460309964,0.02489890304827772,0.027196720492476307,0.024046492976595425,0.02353267868801911
12.768720973521594,351063,0.0223910377327936,0.01780471711343235,0.024763964461737648,0.024786492448900518,0.023098306393181424,0.02287884294464254
12.77025513305912,351602,0.0231328799513103,0.017687185906946276,0.024603217517305265,0.02272664061307684,0.022531107831811753,0.021155402860552126
12.771789782323571,352142,0.0232481282465712,0.01756019361992151,0.02441823509056217,0.021071881055506614,0.02213661493365604,0.02258659840344175
12.773324915459444,352683,0.0253180958989445,0.01742397086374385,0.02421102547659698,0.01982823960727261,0.021724885107276527,0.024738331502789847
12.774860526634008,353225,0.0218524730380549,0.01727876615114894,0.023983783021217245,0.018962006331776204,0.021170832564874783,0.021482207349812845
12.776396610037295,353768,0.0189787125889428,0.01712484545673673,0.023738861436353335,0.018416438814107938,0.020458794756245856,0.01907655663234329
12.777930337506808,354311,0.0203418821429635,0.01696279746233626,0.02347923491090802,0.01812763921386143,0.019689201152446156,0.01920194159383019
12.77946735236309,354856,0.0184264938017404,0.016792324233908335,0.023206526778798253,0.01803425272022366,0.019016240634345715,0.019060247509466752
12.781002008429736,355401,0.0191617932905178,0.01661436534371207,0.022924378103168466,0.018086096996375436,0.018568141184182953,0.019235833064291174
12.78253712234648,355947,0.0195896880571787,0.016428943811334522,0.0226349692254983,0.018242672651085264,0.01838124193467329,0.01934140257869899
12.784072688400329,356494,0.0176361367177344,0.016236403040050463,0.022340971566221952,0.01847135209300848,0.018412213197668517,0.018208373941682798
12.785605900105862,357041,0.0185164933296846,0.016037469756553468,0.022045564265813965,0.018742624259979152,0.018574419804790163,0.018034778056999618
12.787142357684674,357590,0.0193582781657158,0.01583178680674907,0.02175023836739112,0.019029140635377643,0.018767240252186235,0.01898234034641382
12.788676458182689,358139,0.019478904659352,0.0156204853740522,0.021458539582078186,0.019301328025582497,0.01889883721043603,0.01940547667108291
12.7902109967552,358689,0.018469204743692,0.015403589357809956,0.021172270042504417,0.019532480271608414,0.018930671768689386,0.01901960161069957
12.791745967784886,359240,0.0193182243261502,0.015181503122263762,0.02089362036529376,0.019699841706029703,0.018904227810039333,0.018919915233690632
12.793281365676616,359792,0.0185645960800753,0.01495464145254816,0.02062460525992183,0.019788745731741025,0.018911426026578998,0.019113721309518213
12.794817184857406,360345,0.0195260174024046,0.0147234287784365,0.020367041818766262,0.019795288828725742,0.019038499520840538,0.019215299408069694
12.79635341977639,360899,0.0186405277311089,0.014488298377503317,0.020122531065301343,0.019727055524910362,0.019349744765627352,0.01913142413203195
12.797887298297168,361453,0.0206403995727648,0.014250123951210699,0.019892843569751274,0.01960180364377144,0.019876472263604995,0.01983036662409256
12.799421590011232,362008,0.020927157476649,0.014008930124373093,0.019678647700176143,0.019443214024144836,0.02052920362770975,0.02143609681239171
12.800959047547517,362565,0.0212214163938834,0.01376472918920315,0.019480477886970157,0.019276515509482367,0.02100718050687655,0.021060133947510697
12.802494144936285,363122,0.0205323942556339,0.01351885650734266,0.019299670266378893,0.019125141941885044,0.02094129651219815,0.02040780018097591
12.804026889412548,363679,0.0206640390721128,0.013271782237886469,0.019136504174706075,0.019005620899153454,0.020275929835695084,0.020910093667199117
12.805562779108458,364238,0.0205998130386923,0.01302308466059123,0.018990521717602973,0.018926284848916,0.01943192171253304,0.019819426082017894
12.807099054711143,364798,0.0190475656695904,0.012773675388495056,0.018861922910795387,0.018888376021107427,0.018957773828831834,0.018996211808576476
12.808632973790909,365358,0.0190953623777483,0.012524469879391643,0.01875055755615458,0.01888666297477198,0.01897952028264043,0.019120191115877684
12.810167276415095,365919,0.0192542030635085,0.012275492293807875,0.01865563990165792,0.01891211366487727,0.019153479069509722,0.01915892172577283
12.81170468586946,366482,0.0194287175425209,0.012026771731492115,0.018576311928599265,0.01895467054607971,0.019173279282958727,0.01926197301403486
12.81323973532382,367045,0.0193067336568388,0.01177966126832966,0.01851195374978127,0.01900486628983455,0.019120694888096017,0.01923918771294747
12.8147724320125,367608,0.0193399835822038,0.011534618288487692,0.018461441892785143,0.019055457409787483,0.01920757609187234,0.019363873453246767
12.816308215380246,368173,0.0195213421469596,0.01129123626020699,0.01842343040505835,0.019101879428572558,0.019379506816079094,0.019432489081560367
12.817844355682752,368739,0.0196213849448226,0.011050413597778783,0.018396757276535017,0.019141498314667302,0.019421247421337842,0.01943207804572439
12.81937813987708,369305,0.0196317093538154,0.010813023288056365,0.018380111658088245,0.019173339180434033,0.01935736373441167,0.019452620261012108
12.82091498245572,369873,0.0198089650987812,0.010578677502223627,0.018372063374136622,0.019197585655525335,0.019442542927152036,0.019503706312930427
12.822449466773056,370441,0.019558085646112,0.010348645330502643,0.01837125864674078,0.019214770528599708,0.019725193581093807,0.019540750275928512
12.823984295404212,371010,0.0211022701156992,0.010122947046422862,0.01837630830940388,0.019225883462639995,0.01990527068917016,0.020022514383567443
12.82551946316016,371580,0.0199978710726097,0.009902011311407166,0.018385881981559816,0.019232115493609595,0.0197579454740554,0.02041190560111052
12.827054964872984,372151,0.0195865159861655,0.009686258217500536,0.01839871031629361,0.019234862756912864,0.019479726657393823,0.019584380760411354
12.828590795395826,372723,0.0196565005572531,0.009476098469800142,0.01841360666593428,0.019235607380261734,0.019418147132239345,0.019646828551523964
12.830124270759931,373295,0.0198381783694742,0.009272283141895458,0.01842945846513295,0.01923570744504525,0.0196005121358373,0.019615380318245123
12.831660747659043,373869,0.0196837447470976,0.009074488615051607,0.018445356598208947,0.019236177995159268,0.01975234259031389,0.019583861208107303
12.833194867418118,374443,0.0201267323977542,0.00888378057729194,0.018460415317292218,0.019237610583377345,0.019702351020049618,0.0199537798433265
12.834729303800584,375018,0.0206645660650667,0.008700172079681613,0.01847397584774682,0.01924039019743993,0.01955201084004024,0.020407376046020876
12.836264051747758,375594,0.0195892522330487,0.008524013643052192,0.018485501177087915,0.019245269745781963,0.019453225046113656,0.01960418237327428
12.837799106221704,376171,0.0197366917458914,0.008355642013003624,0.018494608183533354,0.0192542552924657,0.019426436768483397,0.019756912699729998
12.839334462205192,376749,0.0195694326895078,0.008195379496704635,0.018501068503129246,0.019271597107335434,0.01943678939334156,0.019522101017493368
12.840870114701648,377328,0.0199002279481334,0.008043533326571635,0.018504806151992573,0.01930456704898096,0.01948426408100868,0.019944839990594862
12.8424060587351,377908,0.0196989970818333,0.00790039505212681,0.01850589201526464,0.01936366267276616,0.019549444935287895,0.01965871165824829
12.843939647261942,378488,0.0196179494533165,0.007766462805739846,0.018504539627600923,0.019461729629276288,0.01956906156995032,0.019605372156716816
12.845476163580171,379070,0.0196205845742017,0.0076415329169101116,0.018501080197843155,0.019613028232766287,0.019527059356431318,0.01994089775681639
12.847010322637512,379652,0.0196432672429859,0.007526275112454553,0.018495973718638852,0.019829241537014763,0.01948209714820779,0.019579098525569483
12.848547391560771,380236,0.0196341077295425,0.0074205164330188094,0.01848974930627805,0.020118513437394594,0.019486624362125577,0.019555847526037177
12.850082101528573,380820,0.020135929144434,0.007324823586929845,0.01848305348188838,0.020479285396852072,0.019609246777317697,0.01978610656473178
12.85161708165875,381405,0.0207425950365346,0.007239192678378509,0.01847656149864384,0.02090101839420209,0.020068458454773667,0.020707706625192474
12.853152327101744,381991,0.0208349537850429,0.00716379050623317,0.018470999451868596,0.021361204903046757,0.021150277328979245,0.02093926597991878
12.854685219178696,382577,0.0231437879144296,0.00709886640207411,0.01846711877759234,0.021825705693482546,0.02282408203860754,0.022566847658511597
12.856220984790536,383165,0.0241909310687518,0.007044326640285072,0.018465651920324757,0.02225465810190255,0.02454431138305074,0.02504151955761074
12.857757001281987,383754,0.0250251937511605,0.007000399173511075,0.018467333739991768,0.02260221237920531,0.02557601121531319,0.025637498966491958
12.859290662044756,384343,0.0270679893486318,0.006967219307024254,0.018472838157866506,0.02282549643914093,0.025586572216177418,0.026358664902050768
12.860827170002937,384934,0.0263172373700367,0.006944742216135967,0.018482811723350263,0.022891633248848787,0.02482769282132994,0.025517156430703007
12.862361320725856,385525,0.021949430049121,0.006933091436699732,0.018497772284715375,0.02278172513226207,0.023812331131533335,0.02263256499106273
12.863898301212268,386118,0.0235227436229678,0.006932254559492581,0.018518232989317648,0.02249602702164394,0.02290302395974775,0.022143395386459177
12.865432923014447,386711,0.0232540539581136,0.006942240962784046,0.018544483128676445,0.02205734392719427,0.022185022277310194,0.023190148797234217
12.866967775308488,387305,0.0231431136173204,0.006963026188351386,0.01857679640954353,0.021507181105697784,0.021551737811422042,0.02240198850080505
12.868502853428058,387900,0.0206608777797561,0.0069945758533677405,0.01861529458573865,0.020903054762651287,0.020879822821096572,0.021249161232887153
12.870038152726538,388496,0.0207767439078682,0.007036835143983858,0.018659971561879422,0.020311044645608237,0.02017333732806052,0.020271109421616383
12.871573668576946,389093,0.0194568468152142,0.007089728900182099,0.01871069042679716,0.019796840586301,0.019593271495656116,0.019412665369619417
12.873106830232867,389690,0.0194724076105043,0.007153047025022733,0.01876708425494303,0.01941676794834666,0.019317757488437667,0.01941934328286095
12.874642769322916,390289,0.0194780672834746,0.007226886419554179,0.01882894628068707,0.019207004639667204,0.019363211588121834,0.019448955664976737
12.876178911195796,390889,0.01951843502399,0.007311014459959562,0.018895667344449918,0.01918148626672235,0.019576086422301908,0.019446214874157833
12.877712696955683,391489,0.0201353872502617,0.007405111238683816,0.018966491668495712,0.019326264888847325,0.01978510999677113,0.02006565799144504
12.87924923468876,392091,0.0210142016937776,0.0075093164930193825,0.019040916623590035,0.01960334968654574,0.019929619345480258,0.020519281482173024
12.880783415095284,392693,0.0198397384635184,0.007623091634725709,0.0191178656392671,0.019954438966015522,0.020044579188737775,0.020617226250692084
12.882317788014763,393296,0.0206854954708404,0.007746391041694224,0.01919655380289205,0.020312726994998954,0.020181636820857034,0.020158895296837207
12.883852348958998,393900,0.0196921016157183,0.007878985900431658,0.019276013373240853,0.02061207946943258,0.020345303402139955,0.019738365780777697
12.885389628277885,394506,0.0221751640555839,0.008020870924883752,0.01935536224982006,0.02079846774620952,0.020469010972591333,0.020376044039065955
12.886924547995967,395112,0.0208851738922045,0.00817131359427017,0.019433298935052513,0.020837925394908335,0.020450436795640525,0.021518639283498113
12.888459642394643,395719,0.0209059302915224,0.008330260160131088,0.019508909866115445,0.020723962169671494,0.02024975649413433,0.02064091064200403
12.88999490706216,396327,0.0199691731474155,0.008497413688988114,0.019581162528914113,0.020477031715650452,0.019948146988112588,0.019905614923616897
12.891530337605738,396936,0.0197538294672862,0.00867246153067163,0.01964905647042227,0.020141220609500948,0.01968145013261971,0.01978484739973257
12.893063414216202,397545,0.0195038912201392,0.008854770778683796,0.019711544766186456,0.01977706834363816,0.01952439103652266,0.019543392283749232
12.894599167269394,398156,0.0194757820172461,0.00904459835926226,0.01976795420989647,0.019448713138783234,0.019464299515331795,0.019475438913444092
12.896135073128194,398768,0.0195751305514253,0.00924129463534526,0.019817385044250166,0.019216502919388603,0.019455643557042955,0.019583654075215295
12.897668623597385,399380,0.0195201781758288,0.009444153965910649,0.019859086767202876,0.019124641489828013,0.019445723617083722,0.019555046149482298
12.899204825977618,399994,0.0203787922429626,0.009653457986346769,0.019892625506780587,0.019194498504189774,0.019389733512278132,0.01956918965072855
12.900738672059388,400608,0.0195769671870104,0.009868132756896643,0.019917453630849586,0.019422236680608832,0.019328231864211926,0.019684117312089057
12.902275153819126,401224,0.019489150978409,0.010088473459659946,0.019933354625705273,0.019781252630176722,0.019439793171335634,0.01954435937993207
12.903809278423926,401840,0.0237317713211418,0.010313351298244528,0.01994013050734146,0.0202248488401392,0.019910308022775325,0.022117197337244217
12.905346022570056,402458,0.0225427532333059,0.010543072587496158,0.019937814140057398,0.020698659789221585,0.020706427203998113,0.021717671918851707
12.906880408756733,403076,0.0195648329092843,0.010776462382391286,0.01992658529648573,0.021144449461903605,0.0215337254933191,0.019964598798102348
12.908414921329603,403695,0.0212730985078127,0.011013450455053574,0.01990678291832316,0.021513814915111673,0.022085291778549038,0.02090662647941895
12.909949556103134,404315,0.0223815119763682,0.011253591079243041,0.019878905309794647,0.02177147094218839,0.02228521547986955,0.023270130891311802
12.9114843089101,404936,0.0233237195484377,0.011496432386809821,0.01984361119759088,0.021899487077957167,0.022293670186138394,0.022644635180622805
12.913021641337073,405559,0.0227114535418329,0.011741912493954903,0.019801642897571227,0.021897490335324284,0.022328423575029226,0.022580744804083768
12.914556614000333,406182,0.0246287921522812,0.011988781150610266,0.019754099914313407,0.021780418082199472,0.022507604101800218,0.02394229919937248
12.91609169231031,406806,0.0237866524005563,0.012236965918277689,0.01970202365921576,0.021574028241171696,0.022786152190050323,0.02337863332575413
12.917626872172558,407431,0.0220601523966322,0.012485999044479357,0.019646647604186676,0.021309428239116378,0.02296276427148238,0.02207186231676484
12.919162149510694,408057,0.0222439845181102,0.012735411018534435,0.019589322907521165,0.02101808432231573,0.022783617937210864,0.021687833336971607
12.920695073385083,408683,0.0234653344725069,0.012984334464613768,0.019531596771254118,0.020728203713102796,0.022140296066911414,0.02186950762524488
12.922230537272064,409311,0.0212297352488932,0.01323309494467197,0.01947482797839778,0.02046030658604017,0.02119686533235012,0.021926135211261525
12.92376608650812,409940,0.0215712518516472,0.013480824886870175,0.01942072854450602,0.020229044454101695,0.02030174720130255,0.020861235494706303
12.92530171708862,410570,0.0200250597815715,0.01372705670114721,0.019370976742657215,0.020041618788357203,0.019731149028953232,0.019954273284883535
12.926837425026752,411201,0.0200991508101865,0.01397132551548183,0.01932729304511685,0.01989947991278867,0.019523292522044183,0.019701589435112188
12.928370778181806,411832,0.0197640786867027,0.014212789854525303,0.019291473253458636,0.019800111269533308,0.01953226064781275,0.019663174096968557
12.929906632672187,412465,0.0200672661243208,0.014451758862851808,0.019265157056661434,0.019738149829310662,0.01959951356710529,0.01989957021832363
12.931442552660553,413099,0.0198658460790771,0.014687396096304872,0.01925015668102999,0.01970775015527185,0.01966464510230386,0.019747822389780442
12.932976117215995,413733,0.0199997302222781,0.014918894694615928,0.019248190539281687,0.01970295880642166,0.019754763762750992,0.019933515074770463
12.934512160179423,414369,0.0201172892994513,0.015146547350772805,0.0192609396253426,0.019718642990764708,0.019911313583341247,0.02022652395362858
12.936048256939648,415006,0.0202649502226551,0.01536955530188585,0.019290056065626365,0.019750987149493877,0.020127709982853965,0.020591338484359168
12.937581997725156,415643,0.0205095571451186,0.0155871598790201,0.019337025577734764,0.019797641911861997,0.020334946537539252,0.020239916880070458
12.939118194198793,416282,0.0201782393231431,0.015799632833441053,0.019403492174314377,0.019858248417474432,0.02044043180878452,0.020183224258369912
12.940652034392068,416921,0.0203425582875183,0.016005908774984236,0.019490655308289622,0.01993395868048051,0.020402270208325895,0.020597912209675863
12.942188315241582,417562,0.0204715728161436,0.016206243225043597,0.01960010254499088,0.020028185666150344,0.020296228806421023,0.02043336648319867
12.943722239552088,418203,0.020517783071163,0.016399633563815248,0.019732701342065156,0.02014547181956514,0.020294571746715017,0.02040637677132704
12.945258589578136,418846,0.0205272388750875,0.01658631743839989,0.019889966696442014,0.02029237621550949,0.020533336486619272,0.020509582653348853
12.946792582853112,419489,0.0207248208805135,0.016765362337369825,0.020072393598135337,0.020475492415063565,0.020972429787020984,0.02098949509807859
12.948328986993728,420134,0.0222069239448232,0.01693698654812536,0.020281416319471172,0.020702743423328535,0.021411369872610674,0.021902371153894592
12.949863034217378,420779,0.0220814268681602,0.01710033444805329,0.020517130412064738,0.020980426084992967,0.02166430557446483,0.02146372940285213
12.951399477547158,421426,0.0221262484205059,0.017255603647010218,0.02078088854037381,0.021315476915647325,0.021724012277067314,0.021710068740021366
12.952933563839824,422073,0.0222530604044018,0.017402021584366774,0.021072372707733718,0.021711459191029958,0.02173749158815108,0.022439849550555124
12.954467665945396,422721,0.0220226427067036,0.01753955895748232,0.021392343616737523,0.02217154794047912,0.021881937027448534,0.022128390728961538
12.956004142186456,423371,0.0222311318184336,0.017668147064280826,0.02174161377394747,0.022697073511495268,0.022318490013191486,0.02241317231199829
12.957538261289496,424021,0.0235337596241761,0.01778714803758505,0.022119243284494734,0.023284380586059892,0.023209136126230184,0.022763461869620305
12.9590747399927,424673,0.0222920274987592,0.017896703196594962,0.022526412853841975,0.02393046511085338,0.02462848080297686,0.02311438136750944
12.96060886155034,425325,0.0274507489145985,0.017996270229439733,0.022961780047366123,0.02462554247404637,0.02634462116179477,0.02743558280209129
12.962142980725464,425978,0.032711427394417,0.018085837269832768,0.023425746017288935,0.025359557056910363,0.027802492907101028,0.03224130475717179
12.963679437864428,426633,0.0292983788614583,0.018165349208382742,0.023918778478789163,0.02611933023473853,0.0284462060590831,0.028342975217147636
12.965213537923942,427288,0.0246575435389293,0.018234413780945015,0.02443896541693554,0.026884865637503058,0.028146301279774112,0.025819472439918063
12.966749961633605,427945,0.0269858881167968,0.01829311174587647,0.024987391368590444,0.02763780550574947,0.02729227626629845,0.026590498290961728
12.968284028366302,428602,0.0265100236556479,0.01834115427416202,0.025561792273802217,0.02835297304115303,0.026481190293230684,0.0268350593777068
12.9698204045234,429261,0.0262034945736045,0.01837859735913559,0.026163232425233322,0.029008621642844998,0.026167427796939535,0.02744389117953043
12.971354423849318,429920,0.0293105543998769,0.018405257385774233,0.02678911919469497,0.029579639733217297,0.02657945139023647,0.027751005920357393
12.972890738461412,430581,0.0281948536562409,0.01842116555725654,0.02744050136739956,0.030047506507159778,0.027762476431473185,0.02700930169240333
12.974424696431004,431242,0.030110624457856,0.0184262444475024,0.028114480300185665,0.030395852169124177,0.02952896772478926,0.028773563342659
12.97596093563566,431905,0.031382356722881,0.018420500629008532,0.028812088501948087,0.03061825913102828,0.031406025379327414,0.03164241969108953
12.977494818428974,432568,0.0307602849955433,0.01840396303153395,0.029530141633228497,0.030715856685466704,0.032767853754840315,0.032003791502617264
12.97903096849295,433233,0.0370763469495556,0.018376613936793258,0.03026964887877989,0.030700974660212144,0.03320930989153061,0.033630581576945595
12.980564762418824,433898,0.0323800530610797,0.018338587991306915,0.031027157475665573,0.030595810542415683,0.03277750853799444,0.03542292394815622
12.982100809737238,434565,0.0338520179532366,0.018289843700874973,0.031803639595308214,0.030431304147480537,0.03188769836439707,0.032228067504017105
12.98363450123248,435232,0.028521163097841,0.0182306199919843,0.03259538800330878,0.030246268060435635,0.031021571249307628,0.02919519088897998
12.985170432328005,435901,0.0305809208582613,0.018160852277680273,0.03340331758919191,0.030083379008724067,0.030475153455260338,0.029846286384006902
12.98670629853736,436571,0.0294388220600557,0.0180807544657186,0.034224711828512264,0.029988874605251785,0.030306293383765504,0.030783022256722692
12.988239809478618,437241,0.0309579567625686,0.01799062095560066,0.0350566991266506,0.030009725439799705,0.030398619371751437,0.03051169492357641
12.98977553949202,437913,0.0319194100825725,0.017890354142189792,0.035900057314017846,0.030193537559405872,0.030589324350060065,0.03171141818720479
12.991311194711836,438586,0.0341100214710437,0.017780271687401667,0.036751755860750815,0.030588587668496106,0.030800854732659567,0.0324938349043599
12.992846771868743,439260,0.0300698554407835,0.017660582705654487,0.03760990658295876,0.031244061633011425,0.031120814554806406,0.03024581557159113
12.994382267708968,439935,0.0277756996891073,0.0175315144375225,0.03847252577685307,0.03220989762545603,0.031779067946803824,0.030032402745312478
12.995915409416018,440610,0.0357754276014963,0.01739352271560786,0.03933625131507485,0.033532771874719466,0.033039884788770596,0.033537358410165655
12.99745073640542,441287,0.0361004737306338,0.01724646045306858,0.04020145989982409,0.03526039976354426,0.03507503403967262,0.03544968900394888
12.998985972404135,441965,0.0419499026734929,0.017090804361040924,0.0410645815714778,0.037423280147926556,0.03782110353021657,0.03697305737776637
13.00052111422012,442644,0.0402007805547226,0.01692684943718244,0.041923217484131484,0.04003330240697158,0.04091999080288806,0.04250714115426076
13.002056158676638,443324,0.0481520546050335,0.016754906282177275,0.04277485858151319,0.04307273571688332,0.043834167898575506,0.04689257507480796
13.003591102612216,444005,0.0445106488802066,0.016575300502016395,0.04361688434051017,0.04648615693234934,0.04616627881498537,0.0468119058149184
13.005128191650778,444688,0.0495147219591046,0.016388092993496674,0.044447767651243475,0.050181395535780965,0.04798221958902533,0.04492708888765456
13.006662921672184,445371,0.0451013618588449,0.0161941861226908,0.045262228629696144,0.05400824284212169,0.04986109720972321,0.04496678456713549
13.008197541784764,446055,0.0543584232035042,0.01599367765423025,0.04605854193685365,0.05779860795139263,0.052662738625839076,0.05370362093777206
13.009732048887548,446740,0.0668743515112878,0.015786946704721756,0.04683364950096015,0.06135892542200962,0.05712374779752909,0.06452769268366017
13.011266439894566,447426,0.0674584467504169,0.01557438400635204,0.047584392662534516,0.0644942582806318,0.06344173887597018,0.0645311199822006
13.012802943312291,448114,0.0680268877743221,0.015356070322255798,0.048308548957996314,0.06703269635600283,0.07090789087342037,0.06837788316670056
13.01433708950868,448802,0.0789379566515136,0.015133052503884668,0.04900067135316577,0.06883170919310541,0.07776861238917925,0.07851750044106437
13.015873335182595,449492,0.0800682227188711,0.014905104632649534,0.04965934848901658,0.06981723132229815,0.08184590708176342,0.07802142465465914
13.01740722442534,450182,0.0755537999078039,0.014673317488545681,0.050279191775769824,0.06997202624645926,0.08159358021312146,0.07883251986863571
13.01894320029376,450874,0.0840258568499793,0.014437457850703984,0.050858464164698,0.06934731147635849,0.0770875099293226,0.08229666491551418
13.020479035071258,451567,0.067480046239612,0.01419830500630823,0.05139266959274128,0.06805030993194354,0.07000383852504669,0.07065922977533562
13.022012514676986,452260,0.0634535655797887,0.013956661289383773,0.0518775651008118,0.06623456603984097,0.06266364479994353,0.06139629107187683
13.023548061782506,452955,0.0578789677848352,0.013712285985294361,0.05231098338181711,0.0640693226521276,0.05687085253435248,0.05983813587365841
13.0250834589379,453651,0.0542388366369829,0.01346598761181074,0.05268865070674738,0.06173645599716676,0.053453366720294965,0.05190137587445141
13.02661870322099,454348,0.0511373219334307,0.013218231092162445,0.053007088539208096,0.059403482396138844,0.0523066824838376,0.04999274147465585
13.028153791724035,455046,0.060246821677052,0.012969483873301709,0.05326290521030209,0.05721305488813337,0.05271726647564791,0.05642235554198127
13.029688721553685,455745,0.0508440791919763,0.01272021503597365,0.05345282564288366,0.05527517848370627,0.053685181046210104,0.05272242437248312
13.03122348983092,456445,0.0508899372866234,0.012470894402523792,0.0535737228094279,0.05366410746593349,0.05429846113088521,0.050020804769276825
13.032758093691008,457146,0.0582584028410433,0.012221991644164942,0.053622650709869865,0.05241880830636472,0.05410950235632555,0.05738366749631987
13.034294714412056,457849,0.0557622300557185,0.011973623195807838,0.05359678747559324,0.05154459593298097,0.053281022236819894,0.0567754454858178
13.035828977552107,458552,0.0541295152498294,0.011726962896981342,0.05349372393945889,0.05102112716417155,0.052387851254265684,0.05087548311443668
13.037365245203995,459257,0.051734675342851,0.011481774299083258,0.0533109674097899,0.050798753542431456,0.05201326413288101,0.05184052096170363
13.03889915635734,459962,0.0549535973215613,0.011239213685919004,0.053047163740702924,0.050808992830445286,0.05242714985399881,0.05312447478153487
13.040435059751823,460669,0.0541374430608542,0.010999049924161416,0.0527000488834213,0.05096646421770243,0.05345300173528764,0.052331533777022016
13.04196860776425,461376,0.0479187459049253,0.010762413099182867,0.052269486336238305,0.05117551230056338,0.054542096159385496,0.05192759896177726
13.04350413582512,462085,0.0566190572549274,0.010529079022700045,0.05175356828241032,0.051339059100485945,0.05504236228557686,0.053785274859254384
13.045039470440358,462795,0.0574659228045559,0.010299823580733147,0.05115261801833409,0.051365671563584125,0.0545319966103225,0.05980780634311368
13.04657460888808,463506,0.0587527049411777,0.01007507736557402,0.050466904504194145,0.051180022321027405,0.05304894447318481,0.057759929386076096
13.048109548460175,464218,0.0457786066273858,0.009855262170806092,0.04969722084774726,0.05073066603811263,0.0510278961603127,0.047579917308475876
13.049644286462264,464931,0.0461496911660791,0.009640790198621064,0.04884491001111164,0.04999549152100205,0.049009456438794535,0.04636331167863529
13.051180967770096,465646,0.04473139105754,0.009431775366644024,0.0479105257059198,0.048981842316957826,0.047334570397491574,0.04848272443013999
13.05271529131116,466361,0.0447342761762356,0.009229193480275904,0.046899190406888884,0.04773015100339361,0.046013564717452,0.04453044160489188
13.054251546258758,467078,0.0423353849002497,0.009032857820527356,0.0458111953203498,0.04629703355047205,0.044775557306015915,0.04423142118270183
13.05578544474675,467795,0.045442425737145,0.008843682739188712,0.04465330300610249,0.04476003281952845,0.04330335339752958,0.0458373376081721
13.057321262818194,468514,0.0423376352617243,0.008661494593277017,0.04342663709295061,0.04319217816384888,0.04147440888339975,0.0426313703619096
13.0588568569042,469234,0.0397228805377242,0.008486902765180888,0.0421377401734536,0.041667212042513974,0.03950753929044878,0.04119745745364281
13.060390096556006,469954,0.0390907571003054,0.00832045848268435,0.04079409789486943,0.04024529932837731,0.03786488295521927,0.038697737015871696
13.061925238198931,470676,0.0326943702696642,0.008162009712390582,0.0393981486593571,0.03896217500999272,0.03700012206814552,0.032863452619318174
13.06346014814123,471399,0.0329627782536932,0.008012088228365343,0.037958472553767074,0.037838335158963336,0.03713982439244713,0.03387322776822284
13.06499694192938,472124,0.0400449009634705,0.007870784001069976,0.03648030620701076,0.03686900644041992,0.0381331234705114,0.04122534146135479
13.06653137760585,472849,0.0465225972752011,0.007738748794659626,0.03497554297983366,0.03603224039141056,0.03940727024710226,0.043411990858168215
13.06806557399648,473575,0.0378538155209004,0.007616025775563921,0.033450442362917165,0.03528317524479481,0.0401171709259645,0.04093350211954854
13.069601636956358,474303,0.0397379317263076,0.0075026926138770916,0.0319115862258382,0.034562137079615966,0.03952801357211469,0.0388389334616699
13.07113744916868,475032,0.0369553635495645,0.007399134096336848,0.03037016834942105,0.033801168242027786,0.03746850787916893,0.03618469963016588
13.072670906278384,475761,0.0346286882258532,0.00730566194816807,0.02883769357610505,0.032929539686085314,0.034464140652904936,0.03388613125024754
13.07420621284836,476492,0.0329770318413372,0.007222191076030682,0.027319603296077168,0.031878931082199954,0.03136537773108089,0.031715602768766685
13.075741261319267,477224,0.0289021459344959,0.007149008887651393,0.025827837300298112,0.030600708447388505,0.028855205449106157,0.02814357055715239
13.077278141504353,477958,0.0275105000553349,0.007086169651758061,0.024370367125727373,0.029069216856974882,0.027144451622965478,0.026032663354436898
13.078812663312815,478692,0.0268520469837707,0.007033957550428105,0.02296111977136026,0.027299525798305593,0.026007685180689598,0.027785996060057334
13.080346919796987,479427,0.0275359637629988,0.006992372634838758,0.021607961078051116,0.02533857648725213,0.024957062576836987,0.028752128370080517
13.081882991195975,480164,0.0234101333519564,0.00696145299957942,0.020318922708860272,0.02326818146087091,0.02352289561757451,0.023612256552306296
13.083416706697983,480901,0.0182948028870907,0.006941335049717349,0.01910700795994387,0.021205952236521247,0.02156078899903258,0.018922474562100812
13.084952226006155,481640,0.018296909930997,0.006931996329969052,0.017978126348710113,0.019271545661369065,0.019357389830376284,0.01816125236392685
13.086487464165833,482380,0.0181837651178293,0.006933483167538033,0.016942774192749685,0.017588573581508476,0.017420769214265858,0.018462585933121726
13.08802241885876,483121,0.017153730067465,0.00694578679219049,0.01600925220604485,0.016255287456454832,0.016087019792874975,0.017128187386159816
13.089557087779092,483863,0.0152692956512144,0.006968878014306915,0.01518528119133401,0.015332778207107038,0.015356515713818603,0.015324809690090056
13.091093532163248,484607,0.0150795146562899,0.007002760008942971,0.014477052357532313,0.014836194391452617,0.015034838793793803,0.015028673264795789
13.092627619507056,485351,0.0151483002890318,0.007047271831564527,0.013892801876408466,0.014736296954844921,0.014951646893204273,0.015172821928486412
13.094163471444867,486097,0.0155430064473727,0.0071024429627446276,0.013436494094304148,0.014963363568686244,0.015065640004148603,0.015140594920597238
13.095699022206484,486844,0.0161736818750512,0.007168110445065692,0.013113666528198523,0.015422916021635213,0.015452229310108936,0.01655271390701083
13.097234269563764,487592,0.0200373039543083,0.007244144295634791,0.012928055953894697,0.016011410167322288,0.016176951855545123,0.018819534929493297
13.09876921130066,488341,0.0163362373873817,0.0073303950781236785,0.01288241923700708,0.016632958407369683,0.01710781157186566,0.01670391600946404
13.100303845213183,489091,0.0160826340236989,0.007426694213355001,0.012978492891914009,0.017212216336597197,0.017877990524453918,0.016586073621182425
13.101838169109367,489842,0.0169193977875603,0.007532854325809508,0.01321696192196085,0.017701828373720627,0.0181440074209907,0.017257973830184296
13.103374219152473,490595,0.0174921087042417,0.007648829859105379,0.013598038022194558,0.01808435308836356,0.01789804178406472,0.016696810996534833
13.104909948579383,491349,0.0187254155594567,0.0077742611016858145,0.014120018470372524,0.018367155342896107,0.017466300563434893,0.018298924587560713
13.106443323157372,492103,0.0227894037619166,0.007908721427386347,0.014779368886737369,0.018577375582692165,0.01722986661746779,0.020736413411588505
13.107978408061072,492859,0.0178506578949242,0.00805230823470637,0.015574192520528642,0.018754551642981357,0.01744107598040387,0.018596544271951166
13.10951519182303,493617,0.0175556912937651,0.008204779551006158,0.016500300739537913,0.018942638566525057,0.01825503144071222,0.01721188024719379
13.111049617504056,494375,0.0174755272859116,0.008365440445756118,0.017549505689074683,0.019185571021495377,0.019708238367486627,0.01776552345562647
13.112583711986987,495134,0.020317137737485,0.008534178724612098,0.018716220749461554,0.01952587936958299,0.021584513815169383,0.019571343953918862
13.114119489748436,495895,0.0248202835505045,0.008710908716689334,0.019994534485922706,0.02000341701878726,0.02341018900222562,0.024635064691950467
13.115654925976877,496657,0.024637954788872,0.00889507483359033,0.021374417913672658,0.020652988205722624,0.02471992272117942,0.028030401817611274
13.117190018630332,497420,0.0312773096873642,0.009086325017411521,0.022846497897461574,0.02150393062601354,0.025356447823592827,0.02634647630140146
13.118724765678282,498184,0.0257256209799063,0.009284294228584133,0.02440067403316727,0.022576678028884224,0.0254822464385629,0.026527072888933037
13.120261169312458,498950,0.0255557357915617,0.00948887603565365,0.026028370403563757,0.0238805369150967,0.025365510466783578,0.025224028854014285
13.12179521603122,499716,0.0238013151198889,0.009699146993052514,0.027714035316267326,0.025402481435773793,0.02519245197127127,0.022226835858910162
13.123330909194456,500484,0.0244134308365575,0.009915255300924063,0.029450297267085597,0.02711699372241208,0.0250477946378742,0.024200035786180726
13.124866242622412,501253,0.0252341351215879,0.010136518777330452,0.031222857216597986,0.028972710636577543,0.025032809274485597,0.026961229935412896
13.12640121435738,502023,0.026081693347198,0.010362516864095696,0.03301933956776096,0.030903333625414933,0.025393116974919843,0.025463074280909548
13.127935822452804,502794,0.0265342427604864,0.010592820561431186,0.03482723537436319,0.03283223016488687,0.026557550201713243,0.0266743096761151
13.129470064973242,503566,0.0329450877421799,0.010826993254490894,0.036634011594836535,0.0346811712282336,0.02906263094413588,0.030795337817792888
13.13100592278567,504340,0.0360989479375038,0.011064900749149233,0.03842952408240557,0.036381884229200315,0.033340208014035685,0.03455281152043814
13.13254140510488,505115,0.0385532967088449,0.011305790838276757,0.0401991237761738,0.03787772506180264,0.03925993630538237,0.03968951294362161
13.134076510044691,505891,0.0431203939391358,0.011549207346867834,0.041930804898003125,0.03913696105571022,0.04565084272291525,0.04203355899337181
13.135611235729836,506668,0.0441729578191845,0.011794689891493234,0.04361296047823451,0.040152849519564875,0.05041308453130481,0.04407657797608807
13.137145580295892,507446,0.055430686212787,0.012041774759536996,0.045234478072892714,0.040942549277746425,0.05165851738984484,0.054121460817121256
13.138681509519776,508226,0.0550852860753133,0.012290314758182543,0.04678676821677673,0.041543603126913554,0.04912270157452674,0.058392630695598836
13.140217047893891,509007,0.0493075700001443,0.012539523499041005,0.048257805428219655,0.04200537912733016,0.04446043397589761,0.046452664798316425
13.14175219360231,509789,0.037741563121564,0.012788930790790916,0.049638436331953285,0.04238473411115569,0.04007592885913946,0.03658322232484978
13.143286944839751,510572,0.0350832964729982,0.013038066668999601,0.05092031902811549,0.042737902370173955,0.037729495486791,0.03510963380851833
13.14482129981155,511356,0.0366384471274456,0.013286462285691646,0.05209598007137593,0.043114580864645764,0.03804471223849576,0.03760833911633149
13.146357209318976,512142,0.038892252044181,0.013533964516859912,0.05316014041839881,0.04355412077673389,0.04064571977041174,0.04185517945109839
13.147892713015072,512929,0.0436322584813964,0.013779790036721369,0.054105605392524736,0.044081162810541356,0.04427721738487815,0.04586565157618319
13.149427809152874,513717,0.04990192100137,0.014023476907997306,0.05492773470358893,0.04470583716013235,0.04718394827625083,0.048162732637405434
13.150962495995824,514506,0.0462713839162389,0.014264567843759374,0.055622888872905375,0.04542365309279457,0.048087280613150415,0.04774589210898317
13.152496771817722,515296,0.04114075455537,0.014502611064492167,0.05618843509898586,0.04621723792445186,0.047075173344486944,0.04524824617722814
13.154032572558616,516088,0.045015355318441,0.014737455083370992,0.05662320819020841,0.047060412627344235,0.045454425940117796,0.04551844203111369
13.155567952915208,516881,0.0468916766222537,0.014968356496552973,0.05692576602483841,0.04791897986590374,0.044763118297117044,0.04805499637758855
13.157102911208224,517675,0.0499262158658103,0.015194883485740714,0.057096434352607625,0.04875858965243394,0.04586384857528393,0.04679669789486268
13.158637445768552,518470,0.0469517286431255,0.015416613081453073,0.05713647473410248,0.04954872139541182,0.04857738479211621,0.04477965313510574
13.160173480730595,519267,0.0495914707118627,0.01563340033885778,0.05704785246185623,0.05026801969666719,0.051751769644268385,0.04896747885755737
13.161707159907344,520064,0.0555451537248337,0.015844297907094018,0.05683379496643135,0.05090415311974608,0.053825754222322914,0.05626906880307657
13.163242330302424,520863,0.0610712979152645,0.016049442202854525,0.05649756754147195,0.051461621247346795,0.05389547018791688,0.0571103677273434
13.164778981454129,521664,0.0523524004728711,0.016248427651964683,0.056043259756618315,0.051956305385413584,0.052422347052282,0.052881727782605234
13.166313274931532,522465,0.051187278444068,0.016440388379761195,0.055477212462734724,0.05241424085685999,0.05094117261480491,0.05181759206403172
13.167849040098792,523268,0.0523771782773801,0.016625447415760018,0.054803821741505,0.052871221761076906,0.05101997527083971,0.051463083227296216
13.169384358444187,524072,0.0492737560805528,0.01680301802653963,0.0540300606999335,0.053363772153882744,0.053395595814956356,0.04951833263348304
13.170919228410288,524877,0.0577422150997062,0.016972772225341028,0.053162706781278525,0.0539259769201833,0.05753520663020723,0.05443474390585862
13.172453648449393,525683,0.0647773339563002,0.01713439725117376,0.05220890145838426,0.054583455774761286,0.06165785958050544,0.06411965741674971
13.173989516392968,526491,0.0629859249668936,0.017287780507372667,0.051174746774372934,0.05534942129487487,0.06351794108396532,0.06562354185203348
13.17552492551856,527300,0.0657045817227539,0.017432434614056486,0.05006903837814562,0.05621778139863873,0.061868423776493514,0.06374782014830056
13.177059874323357,528110,0.0603519354691753,0.017568094858881587,0.0488995718913621,0.057162753390638095,0.05748797405165844,0.061820337150201285
13.17859436131406,528921,0.0544481904104914,0.017694513895248887,0.047674200599474706,0.05813693519209799,0.052663302854942154,0.052096861019343244
13.18013027274852,529734,0.0437310119471805,0.01781160018575691,0.04639917074449285,0.059073363892749774,0.0497163589733008,0.04417852807022236
13.181663828776278,530547,0.0489246807414173,0.017918854156031148,0.045085386437042005,0.05988445800435588,0.04995997532566544,0.04679740933120895
13.183198800530018,531362,0.0493362792465335,0.01801634642859582,0.04373725253370321,0.0604759510258141,0.0534199472305962,0.05384953169263952
13.184735177897148,532179,0.06049047105303,0.018103865376063805,0.0423621110532441,0.06074858413296981,0.058863236646523376,0.062037596058789196
13.18626919842939,532996,0.0730551075153735,0.018181041456780803,0.04097052408295385,0.060612264987837096,0.06403583082058752,0.07030964835933115
13.187804615969892,533815,0.0726260339230898,0.01824792767243056,0.039565990371822055,0.05999747661606175,0.0666785137001929,0.07056918406306828
13.189339550053834,534635,0.0619456825110125,0.01830430697710977,0.03815677335490991,0.05886553438925618,0.06578161628037946,0.06407446935669259
13.190875866859638,535457,0.0559303013139547,0.01835013237940091,0.036747352790932906,0.0572134760613505,0.06208829831461746,0.05651393487454219
13.192409827016212,536279,0.0506885324435661,0.01838521626291533,0.035346946081999835,0.05508538639237978,0.05733556738264309,0.05001291777470405
13.193945161429992,537103,0.0499452935279382,0.01840958810179974,0.033957511909721835,0.052554387586322485,0.05300718806776439,0.05079705216881624
13.19548000119174,537928,0.0565322143479753,0.0184231631347508,0.032585683315156114,0.049731624049156486,0.04968686782116963,0.05779587399132003
13.197016201099489,538755,0.0587377527523309,0.018425923044766136,0.03123430524240945,0.04674105399055896,0.0470917891465745,0.057846878952680564
13.198550044716352,539582,0.0496844773118056,0.018417866491002924,0.02991064752225108,0.043722790807229045,0.04458119032162525,0.047333919936732485
13.20008524015339,540411,0.034151018754758,0.018398999792068726,0.028615050486542892,0.04079436713341214,0.04169570810822587,0.03521402167763566
13.20162177758914,541242,0.0274423455763205,0.01836933020693772,0.02735071520901573,0.03806189196052845,0.038487122860392964,0.029198391523606742
13.203155957699256,542073,0.0329739402526674,0.01832899564891802,0.02612331644306092,0.03561070697918572,0.035408073386501364,0.03282835868241399
13.204691471591545,542906,0.0412864926662653,0.018277985808904842,0.02493209478580792,0.0334833128840268,0.03290045570653974,0.04053393628652583
13.20622647041132,543740,0.0406257718986924,0.018216449612676752,0.023780321932982407,0.03170068806094925,0.031101889871011444,0.03843564763163947
13.207760952916557,544575,0.0315340389427512,0.018144513527509076,0.022669364862547874,0.030252309745769704,0.02977702830637135,0.02981689558374681
13.2092967513518,545412,0.026457597013269,0.01806221908530827,0.021598955335000104,0.02910144335805415,0.028514626795916216,0.026441133390872954
13.210832025391936,546250,0.025442235415728,0.01796981189678616,0.020571077928156337,0.028192960084563085,0.02704641112663939,0.025703655513771195
13.212366773836262,547089,0.0237031965539215,0.017867476380960486,0.01958602825526286,0.027452200884921566,0.02547198188205571,0.022143920162238106
13.21390099549247,547929,0.0184838167702052,0.017755415362503815,0.018643796591715552,0.026791362374249957,0.024216597353665242,0.02155459923768005
13.215436511431998,548771,0.030336524147692,0.01763369961983406,0.01774305217599257,0.02611456422808335,0.02375628249849258,0.027736399475978397
13.216971492637168,549614,0.0343671006347031,0.017502696140961137,0.01688440545832537,0.02532809373697503,0.024327087278713258,0.030897900201361992
13.218507754623763,550459,0.0243652319231619,0.01736249022018088,0.01606615470709348,0.02434721920251792,0.02571966640543035,0.02591316751702692
13.220041660129178,551304,0.0249251075349929,0.01721368693896101,0.015289285219892042,0.023113320185241107,0.02718348799475544,0.023610985676031156
13.221576838575691,552151,0.0231876216798037,0.017056223867235137,0.014550840342805706,0.021595726062396466,0.02761552741462238,0.02543011342216864
13.223113280504473,553000,0.0234883470608007,0.016890377709185462,0.013849703283810324,0.019806408084961202,0.026112368721861116,0.025315334826144502
13.224647365400433,553849,0.0243024182598677,0.016716859937320222,0.013186155217489445,0.017804972551466403,0.022618474286673323,0.022841274441733665
13.226182706043328,554700,0.0172281787710625,0.016535597399922688,0.012557172721664431,0.015679210753456636,0.01800563045737974,0.01928558669614281
13.227717493041675,555552,0.0144272205922629,0.016347139598039292,0.011962033359806362,0.013548433363472799,0.013520028324920108,0.015142750280623975
13.229253522582196,556406,0.0120278661185771,0.016151616370609675,0.011398528066037555,0.011534122210300049,0.010041999626246724,0.011106437300077616
13.230787196354036,557260,0.0072226425731189,0.01594986073404909,0.010866385513650193,0.009751798899228933,0.007813881866284726,0.007338927128431785
13.232323896803566,558117,0.0060599318997035,0.015741541097032144,0.010362191803052926,0.008276205198218898,0.006601107028239812,0.005958499405110763
13.233858239427628,558974,0.0058542040408467,0.015527775087704166,0.009886180563214886,0.007151561434789882,0.006043356312382722,0.006045785679252324
13.235393803950895,559833,0.0071000216031227,0.015308473285013313,0.009435685437648795,0.006368821593386129,0.005833023450816273,0.0064117388023219295
13.236928797639326,560693,0.0062613068472244,0.015084301101338076,0.009009766936581533,0.005884199663528275,0.005777769072810749,0.006048649190440156
13.238463219507118,561554,0.00586302315926,0.014855686019040842,0.008606973234093377,0.005626960201309383,0.005793421068150879,0.005834800315686745
13.239998846617764,562417,0.0059228700195028,0.014622791233818667,0.008225493919327873,0.005518097151056285,0.0058826326948803395,0.005832319370609627
13.241533894507445,563281,0.0059384617137497,0.014386323286266678,0.007864506554748598,0.005487283861568992,0.006068251363989383,0.006008328181651168
13.243068362228597,564146,0.0067316914414114,0.014146731443752256,0.0075227988577184594,0.005484361443214255,0.006299359718854893,0.006701078104463725
13.244604018713437,565013,0.0067318038066688,0.013904189060101206,0.0071988948502940955,0.0054846999669931305,0.006436696767844344,0.006927675560339278
13.246139087730423,565881,0.0064298197673285,0.013659431640004356,0.006892191108239472,0.0054865251624840045,0.006370480685499693,0.0063059529276557405
13.247673568369777,566750,0.0060958538369381,0.01341292256247278,0.006601791093389372,0.005502295044778837,0.006142222759535222,0.006040198137217848
13.249209221469457,567621,0.0059928336378293,0.013164842401576806,0.006326609136094422,0.0055473404926857355,0.005903390003143057,0.00599413312472899
13.25074427899226,568493,0.0059938333185354,0.012915943008721502,0.006066329747738671,0.005629345055330216,0.005764327739396386,0.005907846824370398
13.252278740065725,569366,0.0058640375844434,0.012666693958430831,0.005820418972527448,0.0057422241934344705,0.005720951378009773,0.005820648479662106
13.253814357470576,570241,0.0058549768367944,0.01241727993780999,0.005588212336467611,0.005866074545602021,0.005716536951055322,0.005811564020492746
13.255349371326014,571117,0.0059705973279072,0.012168456293458007,0.005369719195224184,0.005972187624821913,0.005717346666539194,0.005806744289757245
13.256885529064988,571995,0.0058636514002756,0.011920409201570085,0.00516456062866512,0.006032644680707514,0.005721558815515676,0.005841185662851305
13.258419330642337,572873,0.0058994124870082,0.011674168960525675,0.004973176786916106,0.006029522954249496,0.005738670258855288,0.0058270952097664265
13.259954269101392,573753,0.0059622440613831,0.011429636830183394,0.0047952278456454885,0.005961914763747419,0.005785650422747949,0.005828667126604297
13.261490335611008,574635,0.0059951257478775,0.011187279254977023,0.004630977098995473,0.0058472101738443055,0.0058940169721315334,0.005962733431316097
13.263025783805258,575518,0.0062095968946427,0.010947829418844323,0.004480965426858651,0.005717378868568559,0.006094830289665471,0.00640922352274038
13.264560612914114,576402,0.0072879542063623,0.010711734851579096,0.004345631394710508,0.005609814954961996,0.0063566562438239355,0.006727509189629175
13.26609482217431,577287,0.0066953095550955,0.010479435856293164,0.004225513272050532,0.0055566363310436025,0.006530805998549736,0.006504523915816974
13.267630140413932,578174,0.0064006841987498,0.01025110997463836,0.004121131136537493,0.005575381044264491,0.006441831425672557,0.006148569858979219
13.269164831996791,579062,0.0061019689308467,0.010027446898025026,0.004033339709868071,0.005663816762458391,0.006118512228990149,0.0061651241314521245
13.270700620477228,579952,0.0063227740502145,0.009808619071291175,0.003962847597764033,0.005800560316204764,0.005875271910312502,0.006140264692745832
13.27223577556488,580843,0.0062823235179646,0.009595287299242384,0.003910597569377687,0.0059509315706013175,0.006031270424443623,0.0060468389180723895
13.273770296560524,581735,0.0066496692486053,0.009387846461739046,0.0038774633221411794,0.006077403482528511,0.006548963505490902,0.007019512527370512
13.275305899130986,582629,0.0069408353459783,0.00918645803347283,0.0038643387795533127,0.006150488842878365,0.007065222403614114,0.00732182154567057
13.276840860968283,583524,0.0076271696928516,0.008991729631353668,0.003872178307604472,0.00615700516242549,0.007270897343331122,0.0072445452120453195
13.27837689250464,584421,0.0068365482638333,0.008803814140998616,0.003901922283106426,0.006104252609327447,0.007159575467349244,0.007417455614321382
13.279910568266198,585318,0.0071754946632902,0.00862347509717688,0.003954369612940685,0.006018151809096475,0.006910691047934859,0.006943354385627766
13.281447013031103,586218,0.0062653527822056,0.008450453079991701,0.00403055212787992,0.005935555669384406,0.006661617024204952,0.006396746268153446
13.282981100754498,587118,0.0062881659174291,0.008285653666448158,0.004131004020376113,0.005895025161134996,0.0064410544441265245,0.006509383100174293
13.284516239907756,588020,0.0070769526270856,0.00812901099595194,0.00425660979013035,0.005925593564234594,0.0062589420237423934,0.006720439237526006
13.28605242205028,588924,0.0063961508092074,0.007980838120118058,0.004408006689550074,0.006039796743929739,0.006252329321017786,0.006335372656771898
13.287586247956376,589828,0.0070304609783358,0.007841730470931247,0.004585286387508039,0.006229839678282894,0.006700674234009119,0.00719280404261503
13.28912280327524,590735,0.00791652474003,0.007711492526754109,0.004789362134112202,0.006471335994927292,0.0077393622669655986,0.008166122109256702
13.29065700121364,591642,0.0094462978466736,0.007590803613794567,0.005019721287591266,0.0067276434051707565,0.008968786809400442,0.009000525725737885
13.292192224236468,592551,0.0091849619660605,0.0074796128530001255,0.0052768122068253855,0.006961722632204996,0.00959212816115404,0.009626342270794772
13.293726778994056,593461,0.0100072145568559,0.007378255413117404,0.005560142954252203,0.007143172960065283,0.00915637312617416,0.008902758454920029
13.295262347397056,594373,0.0078938421275824,0.007286814481377628,0.00586960945972933,0.007256235717161025,0.008075138889690987,0.008035381084885516
13.296797241310763,595286,0.0070726990733449,0.007205565997835727,0.006204240710022643,0.007302008516131948,0.0071937324340395035,0.007337272491377125
13.298333137514202,596201,0.0071465365427325,0.007134577606860807,0.006563545965255394,0.0072976984450807926,0.006930978285274227,0.007029777590159205
13.299868353072684,597117,0.0073099837220529,0.007074064000242288,0.006946045542178793,0.007271642750463628,0.007070718460226097,0.007148723739433727
13.301402887503809,598034,0.007356225946208,0.0070241251949464305,0.007350383852772416,0.007256661630658233,0.00726052271906729,0.00730516607825078
13.302938409912272,598953,0.0075285281069754,0.006984804124157034,0.007775450643772804,0.007283215087942885,0.0073988090358395224,0.007551954995284408
13.304473245127069,599873,0.0077626706562539,0.006956220817018745,0.008219004755029114,0.007374098894499257,0.007535988038302216,0.0076510593480734685
13.306009057160416,600795,0.0078556285755407,0.0069384011917176126,0.00867952639430554,0.007541809625535367,0.007695085244191035,0.007785397811077651
13.307544176001144,601718,0.0083856475282709,0.006931401160381618,0.009154303973968572,0.007788063089156258,0.007887035110605848,0.008113274011157356
13.309078601224986,602642,0.008181530836129,0.006935219254429975,0.009640907860414504,0.00810638817905654,0.008141619669670797,0.008260718310039161
13.310613989228592,603568,0.0083558880091438,0.006949855248293484,0.010137274930412242,0.008486162708987397,0.008449496398690741,0.008319696879407977
13.312148677704185,604495,0.0088011997284505,0.0069752685362174365,0.010640119422037886,0.00891536860415906,0.00876121490925677,0.008762303531346322
13.313684317995085,605424,0.0091387651039592,0.007011441233791923,0.011147092488575306,0.009385643748094436,0.009075650995621546,0.009427429210415788
13.315219252913185,606354,0.0104240843964294,0.007058268802452604,0.011654644761014634,0.009892820624028026,0.009488477728113918,0.009774062415644548
13.316753482091086,607285,0.0109880347552348,0.007115648428585762,0.012159689332438228,0.010439452298642248,0.010173726838085276,0.010650035531806214
13.318288649315248,608218,0.011501397619992,0.007183535932005763,0.012659623048347167,0.011034982956764739,0.011295768172825868,0.011221432931899991
13.319824746665772,609153,0.0122399082957204,0.007261822122831328,0.013151259682596051,0.011693669285123281,0.012806699972269511,0.011980383234784822
13.32136012714623,610089,0.0135820488121563,0.0073502777741524025,0.01363090381708774,0.01243266919325985,0.014300072380218926,0.014749324280638172
13.32289479043986,611026,0.0162490022599891,0.007448722074669499,0.014095448327718755,0.01327123424426214,0.015243726984517376,0.01606187544746025
13.32442873623488,611964,0.0138718506509156,0.007556955816384249,0.014541867654348152,0.01422752522494344,0.015461641712690636,0.015024556594551161
13.32596522737822,612905,0.0164093747085611,0.0076750226611254435,0.014968131524569725,0.015318206323135117,0.015317919005988142,0.01550130177003336
13.327499361337855,613846,0.0179158722461148,0.007802325692426023,0.015370071201084051,0.016547306464293067,0.015427653867851106,0.015493861898157907
13.329034398489116,614789,0.0170391598887485,0.007938882288953984,0.01574593848399729,0.01791506817034518,0.01630459625341129,0.015500197786519565
13.33057033107352,615734,0.0203553253084414,0.008084450558875984,0.01609324618731659,0.01940786743570618,0.018204784848012273,0.01993396228385522
13.332105529774276,616680,0.0238371996664505,0.008238603389807317,0.016409410305279988,0.020997829453935902,0.02096578188278451,0.023912681097025486
13.333639994353696,617627,0.0205444578292529,0.008401038259738862,0.016692519187588475,0.022646955767190297,0.023896668502645182,0.02130674894170929
13.33517534119628,618576,0.0214357887425807,0.008571621509802967,0.01694118461423555,0.024310170910330886,0.02610391330193924,0.02198686948306314
13.336709948500753,619526,0.0300380698304142,0.008749853115334518,0.017153752831149945,0.02593417424194043,0.02716674148992488,0.028548647221031183
13.338245427720244,620478,0.0321853083474459,0.008935585442949454,0.017329365623626747,0.02746950069061909,0.027486461844560335,0.031405430348543935
13.339780162047894,621431,0.0296674215168429,0.009128274319599467,0.017467079994443576,0.028869157041054652,0.027924873305199743,0.02958859058437515
13.34131575802007,622386,0.0274946663911751,0.00932775916927551,0.017566612922176685,0.030099601372294435,0.029178193587431393,0.028840346794682947
13.34285060380932,623342,0.0304429036322125,0.009533455875048363,0.01762776844086205,0.031138102713807393,0.03133910736683022,0.029297790201386648
13.344386301049836,624300,0.03443538901768,0.009745192062414275,0.017650854861824807,0.031979021252026715,0.03376229046013958,0.03204737215774392
13.345921242878571,625259,0.0379195358221763,0.009962348172176875,0.017636424077166528,0.032628563540063014,0.035332721232969065,0.03543394671659755
13.347455429157993,626219,0.0355261113868274,0.01018450752358812,0.01758543338830909,0.03310513712925725,0.03523467793440038,0.03553560645165033
13.34899204862692,627182,0.0395994625809811,0.010411721145431586,0.017498932611369977,0.033434586960808026,0.033650632824359414,0.03557837955730843
13.35052631051869,628145,0.038223358908905,0.010642853743652085,0.017378697995298287,0.03364318829782113,0.03169231168750873,0.03455037592658676
13.352061401155837,629110,0.0325795750725295,0.010877943562583696,0.017226316144546,0.033756352594568384,0.03061415824545466,0.029804719420724095
13.35359731312141,630077,0.0285192045543581,0.011116552632609633,0.017043777298736185,0.03379203866523172,0.031133245397996744,0.02928249949469364
13.355132454352956,631045,0.0364299818427494,0.011357984517363173,0.016833538168116217,0.03375840881229586,0.033137195110768326,0.03292628928768057
13.356666824782378,632014,0.0314616166774381,0.011601780488913001,0.016598107156947484,0.03365193496685531,0.03564389656379045,0.0330371413257148
13.358202004163076,632985,0.0378081827834858,0.011847732505945814,0.016339878723537656,0.03345655950760092,0.03714524852447346,0.036630799316488966
13.359736407775408,633957,0.0429465734472892,0.012095124091042141,0.01606189340200204,0.03314533871904717,0.03652021922964221,0.04369887825729431
13.361271610553429,634931,0.0356102421235834,0.012343743278601594,0.015766748166267427,0.03268229397095995,0.03391388341619194,0.03681273655217624
13.36280760521504,635907,0.0278962477944274,0.01259312203445498,0.015457377116614934,0.03202728139147241,0.030617346791142686,0.026974017488320418
13.36434281436075,636884,0.0244363605081038,0.012842534666382962,0.015137095487150969,0.03114249180141624,0.028080794512212952,0.025914964988586697
13.365877237990066,637862,0.0277928071324079,0.013091511587498028,0.014808920676423826,0.029997714737187136,0.02705987889024255,0.025614031617836687
13.367412441439692,638842,0.0259341857095949,0.013339837876611211,0.01447549356018537,0.028575624726011925,0.02741323760954008,0.027336642158429035
13.36894841751642,639824,0.0366177696766187,0.01358704318895538,0.014139730384329915,0.026879721497061165,0.02822409461718836,0.033347201983907546
13.370482037988332,640806,0.0299423443768944,0.013832161359791434,0.013805148613404556,0.024941541630893557,0.028165824603356045,0.0302294140857422
13.372017984499426,641791,0.0259825726018424,0.01407547852896995,0.013473449141585827,0.022807562457643295,0.026297390266613974,0.023871443505879865
13.373553131247034,642777,0.022407485090461,0.014316038292621933,0.013147896670034007,0.020556365453430713,0.02280229106562145,0.02290168488796938
13.375087478296424,643764,0.0177798199062529,0.014553392133021658,0.012830905643079654,0.01827877584119954,0.01882841079452695,0.01796807447276559
13.376622576699033,644753,0.015193231648995,0.01478733316680116,0.012524402604608399,0.016070572901177232,0.015530667343016127,0.0134430888329435
13.378158419393436,645744,0.0165977858204375,0.015017414341564301,0.012230461877284644,0.014027032690670663,0.013360479827950475,0.014857665540908933
13.37969345311897,646736,0.0161187956795775,0.015242970054533476,0.011951232169598678,0.012231766075653745,0.012098602491239903,0.014848631393991809
13.381229221838067,647730,0.0126534861073875,0.015463802369637989,0.011688072112249752,0.010741991131026194,0.011242346734641437,0.01147359678975414
13.382764177074248,648725,0.0092506883997179,0.01567927328823691,0.01144266762110304,0.00958969415863322,0.01034631345175383,0.009824528938832587
13.384298318956692,649721,0.0089039183604126,0.015888985837907627,0.011216192164283129,0.00877440035099492,0.009297627513074891,0.008618768566291086
13.385833184380587,650719,0.008232654158863,0.01609275580571643,0.011009402324250857,0.008267170355129335,0.0084145587152082,0.008257802845257624
13.387368766414438,651719,0.0082732652776005,0.016290189928667452,0.010823101268909213,0.008018136803762097,0.008111782991727354,0.008442719098019271
13.388903526102682,652720,0.0084407671442305,0.01648071943270784,0.010658043934759819,0.007963674110560297,0.008387251911785486,0.008308421039518774
13.390438993317188,653723,0.0091918329417424,0.01666417603668884,0.010514440933494478,0.008035929504919433,0.008782034431269816,0.009107292884991432
13.391973633841545,654727,0.0089463177899622,0.01684003205494749,0.010392630488885005,0.008172323916631394,0.008880506552148382,0.009004341493694593
13.39350897287916,655733,0.0089942471919446,0.01700813193528233,0.010292521110515492,0.008322851251988426,0.008698458829267607,0.008885448990375496
13.395045003609198,656741,0.009051832802913,0.017168147452165022,0.010214026492454722,0.00845400213963546,0.008531032919253674,0.008865984470923328
13.39658019890254,657750,0.0087890438139352,0.017319619340872814,0.010156974642334893,0.008549778514545494,0.008573760160786367,0.008680544341189922
13.398114558988144,658760,0.0092974607623556,0.01746227640250199,0.010120971955078575,0.00861002366266742,0.00878258694402705,0.009210354985204356
13.399649599773989,659772,0.0090853507640621,0.017595992272223086,0.010105527839790913,0.008646043744473784,0.009004980487890396,0.009382851339164396
13.401185314523792,660786,0.0092331853468092,0.017720502517829,0.010110142963183029,0.008675212359988037,0.009129505471114244,0.009225223300476416
13.40272018549903,661801,0.0090685345124353,0.017835451258043034,0.010134227092138967,0.00871574560518069,0.00913558550043038,0.00902829033117889
13.404255721679364,662818,0.0093077023647277,0.01794073656845778,0.010177179354416971,0.008782446804171564,0.009091729348056037,0.009123222692116583
13.405790410000217,663836,0.0092843516247686,0.018036058306096146,0.0102383111439936,0.008883793125587857,0.009135767900337734,0.009242927703255084
13.407325754836144,664856,0.0095922782700266,0.018121332197834773,0.010317028099544186,0.009021336651129776,0.009388236325005891,0.00948101635431992
13.408860247781526,665877,0.0106412783880562,0.018196315958950944,0.010412604289903808,0.009190094303461988,0.009794089572470459,0.009917813485663533
13.410395388620396,666900,0.009989344171367,0.01826094370438097,0.010524499937466915,0.009381067956455269,0.010074155613397657,0.009922335794390526
13.41193117076632,667925,0.0106865030065239,0.018315080299291988,0.010652128717797811,0.009583360606610134,0.00998586504117825,0.010218169007670055
13.413466092780684,668951,0.0102133622011087,0.018358573156272935,0.010794786370273963,0.009786587216350616,0.009722165742977287,0.009886607611853221
13.415001647592357,669979,0.0103279633469422,0.018391384982250528,0.010952065142500984,0.009983414759986596,0.009900686860071908,0.010098600574925416
13.416536338386472,671008,0.0108512148615924,0.018413424461116448,0.011123299697515649,0.010169873775233994,0.010952387253316948,0.010799730575772907
13.418071653535565,672039,0.0120666530409685,0.018424673969586296,0.0113081760217256,0.01034636711237966,0.01254426598139057,0.012244335645652669
13.41960610083354,673071,0.0158914672032072,0.018425103978481842,0.011506062725701253,0.010516601789361474,0.013783134495686668,0.014992059524923166
13.42114116411116,674105,0.0136596927671868,0.018414716755530393,0.011716720653021557,0.010687744137166284,0.014037498107690814,0.01437373241809878
13.422676836929307,675141,0.013149808725909,0.01839351896100932,0.011939749215079898,0.01086963207383388,0.013433797018782142,0.012848344439873047
13.424211633973623,676178,0.0134719266139754,0.018361573803815846,0.012174517100652238,0.01107504116372828,0.012574018370499677,0.012922221937547421
13.425747032292838,677217,0.0129291904189683,0.018318913608640852,0.012420824728560285,0.01132126546878109,0.01194303388235376,0.012285567228665722
13.427281551146136,678257,0.0111329785436269,0.018265662688091377,0.012677986485110392,0.0116308850338552,0.011672717251389646,0.011442204589389843
13.428816663074674,679299,0.0122422305234756,0.01820187319620122,0.012945763806532532,0.012034507305057876,0.01169289130873053,0.011602118338749185
13.430352361744143,680343,0.0122261491626892,0.01812765345549146,0.013223633280742277,0.012571308687836227,0.011917886368309254,0.012259123040501495
13.43188717325264,681388,0.0125705718935747,0.01804321744677541,0.013510724796074257,0.01328838394757081,0.012292763386955684,0.012741017472386608
13.43342256341058,682435,0.0128079615828215,0.017948646692412487,0.013806628283519829,0.014240472373754273,0.01279853695981276,0.013153262357403153
13.434957062854386,683483,0.0128500839240131,0.017844212703089272,0.014110282949624029,0.015482401937946555,0.013487770548967208,0.013530289151580957
13.436492132921092,684533,0.0141047687899344,0.017730015789177957,0.014421093712939856,0.017065610093402704,0.014524483669460552,0.01388415791146776
13.438027767379925,685585,0.0161322662814397,0.017606260768278086,0.014738067165297465,0.019026107362936966,0.01618519363261534,0.015594483308708641
13.439562503653384,686638,0.0166406578777014,0.01747330151806708,0.015059773844911964,0.02137264267688838,0.01880836155432058,0.02002961264746055
13.441097796399063,687693,0.0271301907244991,0.017331265566928142,0.015385258136816186,0.024083736445602077,0.022677788241731254,0.02412775034649093
13.44263218754258,688749,0.0264992741335848,0.017180558044323044,0.015712815139167106,0.02709201825277051,0.02782489055365176,0.02674131997509673
13.444168576982138,689808,0.0329300732612357,0.01702116898283407,0.016041530533648613,0.0302949982513681,0.03389278028800197,0.03364678140906873
13.445702609549794,690867,0.0443864952901959,0.016853852819779986,0.016368802999146333,0.03353487089228164,0.040086467225565525,0.04232223473570955
13.447238628179878,691929,0.0437721208543935,0.016678454355434684,0.01669375585903613,0.03664097532109468,0.045416968204484306,0.04452643128638356
13.448773734093864,692992,0.0472263466481681,0.01649562652034247,0.017013846849244983,0.039411957502316824,0.04894970349294843,0.04575524360557923
13.450307927876198,694056,0.0465878414220867,0.016305726622552138,0.01732704853596885,0.04165718176548108,0.050160797101763105,0.050123150568997195
13.451844087305362,695123,0.0550105838059247,0.01610874912029193,0.017631804708426905,0.04321393015181515,0.04910049682990927,0.05233427946118796
13.453377890567722,696190,0.0475517713848008,0.015905621002737427,0.017925049085712207,0.04395699127774029,0.04635340884731409,0.04936456381219636
13.454913647444974,697260,0.045011508374454,0.015696156970325403,0.018205335422974363,0.04382798381816429,0.042760091069275356,0.04188378689118802
13.4564484813759,698331,0.0331847807262798,0.015481137392290619,0.018469816400344275,0.04283436772809438,0.03909503869753925,0.03567745923574341
13.457983822782934,699404,0.0347231518664277,0.015260769240941063,0.0187164249897717,0.04105235856313372,0.03580358713939809,0.035003391548300254
13.459519665723109,700479,0.0357781047220588,0.015035463444187741,0.018942839354080206,0.0386178451097459,0.03297169727174149,0.03525165319682094
13.461054578872504,701555,0.0342157922413483,0.014805856143298228,0.019146603403229462,0.035713330827336236,0.030453551452585808,0.03223081068509138
13.462588562894847,702632,0.0271687690629279,0.014572387138828493,0.019325586721364595,0.03254151227490969,0.028073568299654666,0.027684319771167663
13.464124460530574,703712,0.0253192277925416,0.014335059986551397,0.019478033140154137,0.02929787155127717,0.025793578141007655,0.024429377430603277
13.465659421659211,704793,0.0237769288420941,0.014094758340110173,0.019601713468203434,0.026168644627326466,0.023755484869594258,0.024366241098050804
13.46719486365556,705876,0.0232241245343625,0.013851714441895504,0.01969500775818711,0.023294163291650974,0.022148701124181398,0.023433919639156132
13.468729366191884,706960,0.0184835531648921,0.013606611592254486,0.01975630403832093,0.0207740811261663,0.021057249517241815,0.019644081055879517
13.470264342316696,708046,0.0209570213325075,0.013359686606564614,0.019784369425408982,0.01865545281095202,0.02035955385751934,0.019805907961164965
13.471799786245844,709134,0.021981797561966,0.013111403894352525,0.01977813252647452,0.016945564933875543,0.019745647472978665,0.022125982526097463
13.473335692217807,710224,0.0180943532441482,0.012862231147577181,0.019736810658733103,0.01561862161418472,0.018851548646460856,0.018833073192889523
13.474870648647716,711315,0.0168005674737869,0.012612866852788835,0.019660020511642506,0.014628204953739404,0.01750034015020008,0.016630452831121672
13.476404656289851,712407,0.0163277642262091,0.012363780547099879,0.019547722758927015,0.013916492902085322,0.01587046523154312,0.01686578268359108
13.477940518978492,713502,0.0139948170757045,0.01211498655104934,0.01939992421095489,0.013424564745602656,0.01437609970201779,0.013909960717851543
13.479475425798988,714598,0.0141713101455867,0.011867408934998455,0.019217468576238402,0.01310107543761714,0.013351522210152938,0.012674119725118182
13.48101077477716,715696,0.0133733142865329,0.01162128807034947,0.01900118030161253,0.012901244743300493,0.012855173965306424,0.014403517750917433
13.4825451651721,716795,0.0141896120099179,0.011377310739288233,0.01875261725564161,0.012788908957204994,0.012756525423777868,0.01356815217186692
13.484081383700849,717897,0.0121335711011418,0.011135495600980464,0.018473016692553045,0.012734215857256058,0.012846251942552732,0.011958487049678328
13.485615245881633,718999,0.0121422670811078,0.010896954596821403,0.018165231774788137,0.012712504140188399,0.012862582645553955,0.012708040442919021
13.487150925005588,720104,0.0136869277123932,0.010661486822058416,0.017830870393574765,0.012702652632533822,0.012614292586920301,0.013499257404463123
13.488685635994427,721210,0.0125172754164725,0.010429965120189899,0.01747328079530733,0.012687281866647937,0.012175448009499896,0.012254811482097994
13.490220764121618,722318,0.0118911780126357,0.010202614501537505,0.017095231094256605,0.01265326572512616,0.011810626261566527,0.011819870258076525
13.491756303861107,723428,0.0121485784170826,0.009979867490803488,0.016700073740311117,0.012592729942332199,0.011662314068163149,0.011871440373314043
13.493290869521823,724539,0.0118906988633674,0.009762341673678636,0.016291796275498295,0.012503753597243253,0.011704791369747624,0.011877388532177326
13.494825840044369,725652,0.0118328330908702,0.009550248349696843,0.01587388322105527,0.012389910136157858,0.012014581855717904,0.0118853487974643
13.496361209960403,726767,0.0123981201655837,0.009343992038463166,0.01545035820790851,0.012259221140362327,0.012731116674145213,0.012403451345454376
13.49789697382341,727884,0.0144120934687199,0.009143966694554612,0.015025393334446108,0.012122122160106408,0.013604590393972145,0.014669587522205405
13.499431754471257,729002,0.0172426651438577,0.0089507245614005,0.01460363900941787,0.011989299536825697,0.01397263415619436,0.01569448703019274
13.500966922448704,730122,0.0120513334664152,0.008764453161901603,0.014189035954880136,0.011869335535224157,0.013486208308009662,0.01294535657520841
13.502502472366336,731244,0.0117751196831804,0.008585509327342221,0.013785913905407246,0.011767864058781746,0.012571185287511395,0.01187075713576602
13.504037033421668,732367,0.011996545633823,0.008414385148145662,0.013398896996410382,0.011687205646688285,0.011894012674048313,0.011994655410357276
13.505571969893564,733492,0.0121952370418675,0.008251246077201402,0.013031804829991566,0.011626634180439854,0.011641662121781023,0.012093412585975682
13.507107276449236,734619,0.0125350347923197,0.008096405756845764,0.012688680387391368,0.011583568873074466,0.011622770007821822,0.011970271265847526
13.50864294777738,735748,0.0117844735378939,0.007950162447325243,0.012373375153798143,0.011554422729000702,0.011736318334103504,0.011898880770156179
13.510177621512304,736878,0.0119158698821111,0.007812915778499512,0.012089736907124667,0.011535294734746994,0.01194030705752901,0.011847997304801374
13.511712653626308,738010,0.0117648568346441,0.007684797377857347,0.011840791117800703,0.011522272671315503,0.012020523445501871,0.011787824343767168
13.513248038864104,739144,0.0121174550896833,0.007566055354382541,0.011629527898490321,0.011511706128312756,0.011833352920567228,0.011741732454653774
13.514782421150548,740279,0.0120034794988141,0.00745701199853937,0.011458701707864012,0.011500563499266947,0.011613107172217082,0.011879683660821472
13.516318499028552,741417,0.0118443623691916,0.0073576876406310394,0.011330229067293864,0.011487199890172202,0.01165281398124282,0.011930319103933678
13.517853567690402,742556,0.0118322689669064,0.007268450736249398,0.01124611675546289,0.01147268955549257,0.011842391466112524,0.011911210368190154
13.519387628164086,743696,0.0139688445583237,0.0071894493381954175,0.01120756572311925,0.011462155813178351,0.011875452037908706,0.013004473649575344
13.52092336662458,744839,0.0121729545409535,0.007120700663273581,0.011215345841362507,0.01146573261787448,0.011738917631833868,0.01200839438667928
13.522458090722488,745983,0.0117936159162711,0.007062461290518272,0.011269784129895606,0.01149838054653559,0.011645384117587166,0.011732136584053556
13.523993139968674,747129,0.0118801966542069,0.00701478301741627,0.011370701967367822,0.011578006830278178,0.011655685777143973,0.011788129377300519
13.525528509260385,748277,0.0118735246744594,0.006977762465287126,0.011517425223795192,0.01172186479315598,0.011716968240288707,0.011807963884519618
13.52706419351576,749427,0.0119587385337,0.006951476127139894,0.011708773121724584,0.011941720600764299,0.011899700462207848,0.011855473882458611
13.52859885536809,750578,0.0120380229584084,0.006935988945688822,0.011942845645109645,0.012238630421561356,0.01225061881318269,0.012105623750320378
13.530133826171546,751731,0.0140237103543553,0.006931309131936562,0.012217634300253001,0.01260011615004963,0.01256563914172088,0.013876969953510102
13.531669100898428,752886,0.0146334594650795,0.006937451987350063,0.012530522359364384,0.012998668608787917,0.012620753671706446,0.01450184371942692
13.533204674541713,754043,0.0123201719291707,0.006954412292777086,0.012878458680522367,0.013394506469402425,0.01249439458849284,0.012281974699677274
13.534739217965091,755201,0.0120315528582903,0.00698213573133783,0.013257649958183362,0.013741350801048654,0.012447126718329544,0.01197412999650364
13.536274054416022,756361,0.0132700313003129,0.0070205862537843075,0.013664573818770395,0.013995821761478114,0.01271627040616946,0.012745758191454466
13.537809178941018,757523,0.0131347533697571,0.007069697427683391,0.014095098997091077,0.014125209596855948,0.013602569162323332,0.014304911191042824
13.539344586607074,758687,0.0157856775502402,0.007129382537511891,0.014544817383729636,0.01411492676645302,0.015313954670768506,0.015399868789737578
13.540880272501616,759853,0.0210609771298828,0.0071995347251994505,0.015009093368150796,0.01397190468758467,0.01733380211603129,0.019342424814354157
13.542414917707411,761020,0.0189798664425641,0.007279953935469191,0.015482707912857434,0.013723458101858437,0.01836621059890451,0.019410001045407913
13.54394983541012,762189,0.0142658966455716,0.0073705498211299155,0.01596113543618246,0.013410657722028646,0.017510731921679696,0.01521411187217169
13.545485020749934,763360,0.0148833152300102,0.007471156866439569,0.016439393325717828,0.013079810578787892,0.01532039521757557,0.014650587675735252
13.547020468887276,764533,0.0139734119187871,0.007581590425407811,0.016912491919398004,0.012772872611822809,0.013247826424438213,0.014369631558252076
13.54855486902103,765707,0.0126104863609324,0.007701540937364955,0.017375103708631063,0.012520325088521467,0.01217630724746883,0.01246073325972042
13.550090830319768,766884,0.0120338405142032,0.007830991055551424,0.01782318756770301,0.01233749867142056,0.011906195827033153,0.011985267057644293
13.551625738038052,768062,0.012054160436344,0.007969481424165209,0.018251320252135963,0.012228502910106734,0.011892348311441859,0.012011842755867922
13.553160893390205,769242,0.0120577102091213,0.008116861417994373,0.018655446408909183,0.012192319419602282,0.011911013479766627,0.01201537045921958
13.554696291628794,770424,0.0121669104431451,0.008272857234800406,0.019031388448602457,0.012233338400821983,0.011989885888681162,0.012358304823275561
13.55623063203062,771607,0.0131505146194906,0.00843703642338103,0.019375006328746995,0.01237017069315321,0.01214283269648845,0.01292688347037921
13.557766503868407,772793,0.0121441431012518,0.008609370409640153,0.01968337561236109,0.012641305220349942,0.012380648500696286,0.01217687231214738
13.559301312444727,773980,0.0122860247145864,0.008789247401871047,0.019952869640349834,0.013102588282560687,0.01284193013653983,0.012159623476095609
13.560836349079002,775169,0.0140686704944623,0.008976473746333145,0.020181088235339012,0.013819831250978163,0.013864754495006985,0.014019153283467646
13.562371609114663,776360,0.0185110760988321,0.009170699518470476,0.02036581270352995,0.01485329205412411,0.015900629729747946,0.01781900208684153
13.563905801828028,777552,0.0209428502995084,0.009371390372040773,0.020505206936267395,0.016238794184564483,0.019085420669388602,0.020191463944503565
13.565441496748932,778747,0.0230663327843409,0.009578507027675412,0.020598263813596335,0.017976254036805292,0.022715055186569952,0.022531781704873004
13.566976119072448,779943,0.0246739300057646,0.009791315171647283,0.020644094363126215,0.020010114702629204,0.025387012903301,0.02506883129213796
13.56851223047672,781142,0.0245329402937142,0.010009771145967775,0.020642552870908167,0.022238934594971567,0.02608861229844119,0.024212791146900135
13.570047264075567,782342,0.0236819518564384,0.010233100866520028,0.02059392848833813,0.024510665627931638,0.025080950374153806,0.0229189600771494
13.571582497465595,783544,0.0249563351447271,0.010461065215319008,0.020499026141594733,0.026653060456089606,0.02362265299172577,0.025775927098124884
13.573116651823366,784747,0.0289146189628972,0.010693041597850648,0.02035925195510311,0.02848876593470604,0.022988429446934962,0.027492839553509774
13.574652273185809,785953,0.0242870473295423,0.010928979447058194,0.02017610867610504,0.029868286406622892,0.0239009273793868,0.023809409370191426
13.576186810421026,787160,0.0225966253454492,0.011168044351247804,0.01995207061798594,0.030682019206716097,0.026464236525392256,0.02266891572302592
13.577722801786337,788370,0.0280557869748266,0.011410182229232117,0.01968934617107323,0.030883130852713846,0.030027515015885048,0.027979450328726306
13.579257703995278,789581,0.0331603835817071,0.011654537437246992,0.019391315773187597,0.030486411131380592,0.033109886590193496,0.03569649913818449
13.5807927829964,790794,0.0366441498506375,0.011900849186769012,0.01906105022992222,0.029564436931972315,0.03409569498576165,0.037358486681704724
13.58232803436836,792009,0.0316690188666569,0.012148653567266791,0.01870210585210952,0.028231916124594882,0.03236385525073837,0.03193502691689373
13.583862193033267,793225,0.0262308381473945,0.01239727899594771,0.018318599093776068,0.02662817310470958,0.028739337125764507,0.027599455314532402
13.585397777893254,794444,0.0234730862531284,0.012646665525822456,0.0179138740136474,0.02489148598895721,0.02475460061796975,0.02549403955945008
13.586933521971147,795665,0.0233153898324572,0.012896138390231127,0.017492347286872396,0.023149872968359804,0.02160446832582303,0.021515857207608496
13.588468166039076,796887,0.018464173846337,0.013145023472138598,0.017058568067429974,0.02150522902885066,0.019689765552374974,0.018664842367968004
13.590002964503112,798111,0.0193132227822805,0.013393056026810804,0.016616403064647258,0.020024764308887305,0.0188226601325938,0.01875041848374529
13.591537913046928,799337,0.0206755380298583,0.013639768176935893,0.01617003064223645,0.018745612704652838,0.018570853342253765,0.019179651116581275
13.593073007372894,800565,0.0176720705924448,0.013884694321171757,0.01572354928667834,0.01767776343379962,0.018460437631932097,0.020114417071015023
13.59460824320203,801795,0.0214948789033022,0.014127372024207363,0.015280927035786849,0.016810580151591772,0.018128192727278745,0.01988392068400825
13.596143616273965,803027,0.0158510874306075,0.014367342901393488,0.014845953362570283,0.016119597844719107,0.017446293489996007,0.015801709795660257
13.597679122346875,804261,0.0131207000330985,0.014604153496192979,0.014422194178640622,0.015572352204424147,0.016523624218991877,0.01398425425297153
13.599213515727122,805496,0.0169202098352001,0.01483716920221002,0.014013274723969085,0.015133107307936662,0.015574577217571665,0.016233898562103655
13.600749277055623,806734,0.0169202620587646,0.015066326652882366,0.013621530267714514,0.01476472001258183,0.014770583921510361,0.01736611811978126
13.602283921103329,807973,0.0158586552411964,0.015290822860429428,0.013250254891501027,0.014433532618471986,0.014184594616020233,0.014968816634952479
13.603818685164129,809214,0.0134317207598716,0.015510420573986675,0.012901424276850511,0.014109542903073747,0.013803300611479895,0.013487968666022565
13.605354798950891,810458,0.013271043750202,0.015724874714789408,0.012576707047250307,0.013769816894932,0.01356806198765705,0.01323705211463345
13.606889788689216,811703,0.0128191199030609,0.015933435067502624,0.012278149456533457,0.013401589584995046,0.01339974886638013,0.01305352169931351
13.608424886023702,812950,0.0130415478430367,0.016135881873030073,0.012006598394487667,0.013002212217547517,0.013209577804034894,0.012615755268456057
13.6099600868508,814199,0.0126145471317839,0.016331832091469288,0.011762764313071621,0.012580380129038532,0.012916004629648507,0.01280781180151367
13.611494160767554,815449,0.0134372173613649,0.016520766673508592,0.011547114615446854,0.01215453395679582,0.012478132543577285,0.01391427231266
13.613029558223008,816702,0.0129022352736286,0.01670263016315802,0.01135921622590896,0.011748013309807025,0.011931929684528254,0.013074824023590143
13.614565046966014,817957,0.0114460827077607,0.016876924093916966,0.011198786320381396,0.011386417438995173,0.011393595156477612,0.011221490092442325
13.6161006229651,819214,0.0108514057416506,0.017043318304889882,0.011065001170632272,0.01109125630045331,0.010994705975465924,0.010846856279201187
13.61763506339678,820472,0.0109381388104439,0.017201375310373225,0.010956783476768824,0.010876339077215686,0.01079392803574726,0.01078799412270832
13.619170803755432,821733,0.0110063808739402,0.01735104676803803,0.01087251142644348,0.010744891824001792,0.01075043629467345,0.01081669183891877
13.620705404306609,822995,0.0110021182262498,0.017491811975736436,0.010810610764268824,0.010690627684134172,0.010789377735940173,0.011018861993508216
13.622240079891654,824259,0.011530927585566,0.017623526546331987,0.010769080012080367,0.010699037088591322,0.01087275635889053,0.01139709193087305
13.62377603790932,825526,0.0110563765421441,0.017746033837209282,0.01074580829410542,0.010751542337701933,0.010990003634126128,0.011077826700694718
13.62531084986937,826794,0.0112398518587148,0.01785890835907858,0.010738605176360508,0.010829192954127466,0.011104425422278831,0.011130242630922719
13.626845725066309,828064,0.0112621469975413,0.017962036613087498,0.010745142701729934,0.010916338584573774,0.011165178408516866,0.011218165753736305
13.628380659602012,829336,0.0114175474089702,0.018055223029519635,0.010763092188770404,0.01100248273912345,0.011184105827857832,0.011384148861825219
13.629915649595842,830610,0.0113910714154648,0.01813829081998975,0.01079015038659845,0.011082641391566013,0.011253929531360686,0.011351341235053825
13.631450691184584,831886,0.0114860186011521,0.018211082318620522,0.01082409073053335,0.011156249173460154,0.011445474230858831,0.011413212267048476
13.632985780522402,833164,0.0115424381587509,0.018273459286529237,0.010862813572977414,0.011225268528212776,0.011701276705197335,0.011677674067923829
13.634520913780786,834444,0.0121403518087602,0.018325303179024643,0.01090439458533733,0.011292265691614853,0.011873362826336407,0.012058757443933152
13.636056087148503,835726,0.011662424529558,0.018366515374988353,0.010947130542452051,0.011359081870613125,0.01187416295630324,0.011772441622971412
13.637591296831545,837010,0.0126958663688288,0.018397017367989033,0.010989581728081576,0.01142639369263266,0.011762329780471465,0.012307502830743416
13.639126539053072,838296,0.0120598947820856,0.0184167509187536,0.011030610238287806,0.011494060551042016,0.011668512044495032,0.012601423978656923
13.64066181005337,839584,0.0118435243997415,0.018425678168695087,0.011069413508709354,0.011561848629177163,0.011662632209273138,0.011790365720696432
13.642197106089798,840874,0.0125048155875355,0.0184237817142743,0.011105552451249145,0.01163001278329168,0.011716625260875831,0.012615567801638453
13.643732423436733,842166,0.0119833903867381,0.018411064642048842,0.011138973654961835,0.011699339948260126,0.011777699799935717,0.011963776153167434
13.645266572792137,843459,0.0122542978805332,0.018387572837494384,0.011170001951850916,0.011770498776536981,0.011837402365908186,0.012063100950647462
13.64680192346994,844755,0.0124584474256651,0.01835331392279542,0.011199443240079376,0.011843277718907743,0.011919029040351461,0.012341296965603536
13.648337284380208,846053,0.0123387022660317,0.018308366267734574,0.011228443332245132,0.011915384083951808,0.01202689970687251,0.012173145734453338
13.649872651864888,847353,0.0122407969420535,0.01825281446760247,0.011258580026492021,0.011982459803651946,0.012135565585438211,0.012212290847487556
13.651408022282684,848655,0.0122881337246064,0.01818676319388223,0.011291825588836159,0.01203886086021668,0.01222100468205637,0.012258639651209902
13.652942215480993,849958,0.0126022205319402,0.018110399495367857,0.011330494361339564,0.012079498915968205,0.012282535909271482,0.01261183967145987
13.654477582712968,851264,0.0124695005572529,0.018023750229802855,0.01137733793398312,0.012102417413939312,0.012334163223586075,0.012334049887584015
13.656012942051484,852572,0.0124650809185837,0.017927033620827967,0.011435336055782912,0.012110906622568179,0.012384581255040045,0.012365448880874414
13.65754828992179,853882,0.0129083824436344,0.0178204322563627,0.011507768234345617,0.012114936726634795,0.012423165971291584,0.012928969725315551
13.659083622765648,855194,0.0126161817471496,0.01770414742653486,0.011598139556001454,0.012130741061705584,0.012422727746764697,0.012790513767413435
13.660617769509178,856507,0.0125032620286046,0.017578497901825873,0.011710033848543976,0.012178499925525343,0.012381568026586938,0.01244856598978214
13.662153063482332,857823,0.0125292517325996,0.017443529621038057,0.011847412928014976,0.012278717974592216,0.012386959613350056,0.012500232710586352
13.663688331850082,859141,0.0134217833457439,0.017299589713917568,0.012014047875446417,0.012447574236489324,0.01260714227753306,0.012952703740437874
13.665223571119713,860461,0.0137168952522749,0.017146950071282467,0.012213775179899786,0.01269304477697472,0.013153192076792178,0.013859406566013279
13.666758777814753,861783,0.0130520066379333,0.016985899019333502,0.012450352500280915,0.013012477961458328,0.013926868470151926,0.013341879732233875
13.668293948474942,863107,0.0133714781278027,0.01681674076807984,0.012727389403333572,0.01339249336633427,0.01464545081828912,0.013673925684223362
13.669829079656168,864433,0.0153124488478401,0.01663979482943704,0.013048277483762603,0.013811313277481033,0.015051503443738921,0.01527044080109775
13.671364167930411,865761,0.0143940114429565,0.01645539540612986,0.013416120883519737,0.014243018927250696,0.015094185969378095,0.015517237609044303
13.672899209885712,867091,0.0171194292543013,0.016263890752596225,0.013833668246473736,0.014662736120052951,0.014913851827271413,0.016104069419046827
13.674434202126095,868423,0.0155682034801347,0.016065642509149193,0.014303247149634636,0.015051564421959058,0.014695524837908303,0.01607458512830446
13.67596914127154,869757,0.0145503978895492,0.01586102501069465,0.014826702042438663,0.015400220735028815,0.014558562507203866,0.013801732436810744
13.677504023957912,871093,0.0138096131900001,0.01565042457135651,0.015405336701143916,0.015710808970061965,0.01454585974273433,0.013556609726237453
13.679039993058726,872432,0.0151866885315222,0.015434075307162036,0.01604035699135983,0.015996907139953515,0.014668674132615902,0.014907147256110441
13.680574751040073,873772,0.0148970461036206,0.015212708671376527,0.0167308867572726,0.016281209927445264,0.014959107995335797,0.01496523062437501
13.68210944256759,875114,0.0168189299415889,0.014986582751714578,0.017476774952703146,0.016594604037110786,0.015510678277693984,0.01628383124465974
13.683645205295557,876459,0.0188627141669583,0.014755951349289817,0.01827732401824421,0.01697350150785064,0.01648686453405082,0.019382833615018996
13.685179752278376,877805,0.0184040641125273,0.014521592429184275,0.019129300992459866,0.01745719012919296,0.018062634928939236,0.017694393344284673
13.68671536041162,879154,0.0178574627203278,0.014283600495518857,0.02003118415498272,0.018088612786709462,0.020276561508386685,0.017106527983713562
13.688249749781448,880504,0.0226165384550634,0.014042777097978205,0.02097810670030484,0.01890969111664865,0.02281529082880276,0.022134667144606938
13.68978519032492,881857,0.0274287687659833,0.01379922019233966,0.02196719974763107,0.01996254498966302,0.024990746822913284,0.026465325107651344
13.691320541369189,883212,0.0261819823980951,0.013553566959930614,0.02299278209058947,0.02128128989015233,0.02607992221224611,0.027475215556284578
13.692855799714582,884569,0.0263578496231863,0.01330628095125906,0.024049164322057066,0.02288831492180398,0.025887222194776714,0.027860853073522977
13.69439096217676,885928,0.0249888518253959,0.013057828663207052,0.025130001474834254,0.02478672290164935,0.024960607673282755,0.0248866047495493
13.69592602558666,887289,0.0241686913829315,0.012808678650588745,0.026228341154185587,0.0269536090968324,0.024246315517960297,0.023112977531846997
13.697460986790457,888652,0.0243303845999994,0.012559300634321792,0.027336681313842738,0.02933543808446691,0.024588434379930985,0.024151694110860353
13.698995842649492,890017,0.0244933403581254,0.012310164607942521,0.028447037164686197,0.031847282345027296,0.026491210863383623,0.025084012353462647
13.700530590040255,891384,0.0289344691308658,0.01206173994418481,0.02955101656873954,0.034377124985297734,0.030003918723312078,0.030462234543389356
13.702066345984322,892754,0.040923928872702,0.011814314576577807,0.03064069026602506,0.036797121052199275,0.03451942770101311,0.039045013065380565
13.703600865410683,894125,0.0386985583730306,0.011568715448528345,0.031705511304788624,0.03897044146018981,0.038803752758984865,0.0385433288267399
13.705136383787696,895499,0.0363315781171566,0.011325047174874647,0.0327379294213772,0.04077920384947267,0.041678816722439824,0.037749199712518694
13.706671777930122,896875,0.0464673874602087,0.011083948676477814,0.03372801024706712,0.04212846123501292,0.042831127773881164,0.044330242122794954
13.70820704479763,898253,0.0448359748265109,0.010845873899200853,0.03466667261438285,0.04296494377219974,0.04298114828204347,0.04555980036198452
13.709741069799705,899632,0.0416913098343503,0.010611439396997175,0.03554439580718209,0.043281832546339785,0.043236467428993626,0.04201451478734465
13.711277184620595,901015,0.045376972413186,0.010380580902542338,0.0363543873398926,0.043118851939367056,0.04429030340052842,0.04330054337804088
13.712812051569289,902399,0.0429830066432295,0.010154237655658658,0.037086568939620576,0.04255526435441034,0.04596782442838685,0.04468509663933452
13.714346779229423,903785,0.0516184815870323,0.009932666421421916,0.037733802384962184,0.04169899589636277,0.047263796235910926,0.04683895216715675
13.715882469394852,905174,0.047325800628888,0.009716129452972067,0.03828929564332256,0.04067176704545135,0.046924807194722376,0.051735560318625404
13.717416907898352,906564,0.0496079896907483,0.009505344842555129,0.038745778928412106,0.03959840633448573,0.044398783580269524,0.04665415842433093
13.718952299633866,907957,0.0379805643428657,0.009300405194997679,0.03909821625820498,0.038589900892593156,0.0403835072106109,0.03653904599787889
13.720487536925924,909352,0.0338376945999298,0.009101848909633437,0.03934141423456553,0.03774030280828984,0.03640090804226341,0.03511568093487674
13.72202261687405,910749,0.038465513079572,0.008910048305695991,0.03947148768653076,0.03711872745633339,0.03381173416141066,0.03528701049683297
13.723557536592134,912148,0.0304678594565212,0.0087253627401665,0.0394855606507009,0.03676811634995316,0.033207285216611204,0.032148865658348465
13.725092293208377,913549,0.0314957906976473,0.008548137934863333,0.039381821571871756,0.036704906684120873,0.034367243877249,0.03480409975549843
13.726627976818156,914953,0.0391933698985036,0.008378587504948985,0.03915936645124069,0.03691952747179934,0.036410129209850095,0.040076076823952984
13.72816239699656,916358,0.0379816163450771,0.008217269685829549,0.038818948938934714,0.03737582928676972,0.038107327635017466,0.03792333321684324
13.729697735148816,917766,0.0356393919901645,0.008064256309477554,0.03836168204905447,0.03801296714379305,0.03856635031269772,0.0356455040028239
13.731232895515246,919176,0.0349577747236594,0.00791995074211051,0.03779053085310364,0.03874498977709602,0.03784241627368859,0.03746277887304052
13.732767875303134,920588,0.0367969690603505,0.0077846218986289475,0.03710941763945335,0.03946567265651358,0.03685775962990051,0.03840879196542356
13.734303756329531,922003,0.0384639426976471,0.0076584357739022425,0.03632280892955868,0.04005549592500301,0.03668977494909833,0.03782657844641181
13.735838364975027,923419,0.037271675105812,0.007541805045833341,0.035437977880029684,0.04039047382166222,0.03788821898325082,0.03626845623157309
13.737373866021478,924838,0.0375199435284984,0.007434781445683218,0.03446089420801856,0.040357871124787455,0.04014873652525382,0.038275646726269985
13.738909172144416,926259,0.0507281699728749,0.0073376488896439935,0.033400363112273644,0.039868534474574516,0.04233890167288018,0.046732309688243504
13.740444280628935,927682,0.0462303761702925,0.007250586672472984,0.03226551418646103,0.03887115697876091,0.04303411302614965,0.0459217371814707
13.741979188773875,929107,0.0385295159768876,0.0071737549414554284,0.031066306133752518,0.0373609713886313,0.041463036473371705,0.036143404500415845
13.743513893891787,930534,0.0371084322696976,0.007107294410095675,0.02981342965998884,0.035382660180144083,0.03809580658013752,0.03705410273600607
13.74504946631226,931964,0.0402409423361373,0.007051290666574239,0.02851728300192511,0.03302437474496559,0.03423074029110955,0.03954347754852707
13.746583755723274,933395,0.03351032291245,0.007005923211423074,0.02719151255180537,0.030413673408493377,0.031020462884414665,0.03000203953342169
13.748118903844295,934829,0.0248760835682879,0.006971209770612647,0.025846499259770745,0.027689735645310076,0.028807662897309454,0.02526138422468499
13.749654903120147,936266,0.0279098886338004,0.006947233778787651,0.024494724474264252,0.024995884111729864,0.02713356704382845,0.028225512965481928
13.751189613155256,937704,0.0310264290904054,0.006934069167348287,0.02315070948800564,0.022462959748400645,0.025141120200611454,0.028060627699620443
13.752725165864236,939145,0.021657769538767,0.006931717747829244,0.021825232273542255,0.020185291674174457,0.022228126492515935,0.02394703691627662
13.754259427432231,940587,0.0187491155658286,0.00694018247250534,0.020532628724023533,0.018227332622820835,0.018648106328786402,0.018046067320960396
13.755794523257531,942032,0.0137391821352674,0.00695945429668033,0.019283340004506294,0.016610381781884818,0.015384369008779614,0.013770284999820654
13.757330445897813,943480,0.0127205265736847,0.006989514342610197,0.01808930892931239,0.015326503743508375,0.013295231570054987,0.013210504548495282
13.758865071378176,944929,0.0142894830865428,0.00703025952849823,0.01696349287698082,0.01434457880361598,0.012424344125948214,0.01300146164470076
13.76040051536702,946381,0.0122277258568997,0.0070816642464659315,0.0159149998939828,0.013616032930599785,0.012252528736311757,0.0123519372584124
13.761935715455678,947835,0.0129277522776872,0.007143602107482799,0.01495452845561749,0.013089544181453448,0.012388107134879981,0.012817135579051042
13.76347066915498,949291,0.0129959362098708,0.00721595135004988,0.014091097162193648,0.012715630142314482,0.012740818902472022,0.013551040082519356
13.765005373988744,950749,0.0124097563300073,0.0072985706445507816,0.013332750848691479,0.012452322723720006,0.013202920255123976,0.012697687202622425
13.76654087768279,952210,0.0131803701364425,0.007391366275235055,0.012686073348716409,0.012267582755569786,0.013509431259794397,0.01276345426714338
13.768076124376687,953673,0.0130695473110406,0.007494105057355859,0.01215748865376973,0.012140527877727274,0.013460445202402083,0.013502110531790804
13.76961111164117,955138,0.0133234950649741,0.007606588365131345,0.011751669943078347,0.012060947400953537,0.013102627853025926,0.013376608083857624
13.77114583705975,956605,0.0141073659068571,0.0077285993352091175,0.011472051530587068,0.012029191228981256,0.01264473235349901,0.013601232296754955
13.772681341988854,958075,0.0128115359365364,0.007859995729059547,0.011320738869918127,0.012055692919392364,0.012304050306434035,0.012741123630281497
13.774216577075975,959547,0.0128254676007332,0.008000444969651865,0.011298844855552957,0.012159929172418295,0.012271720787475095,0.012862837078342376
13.775751539950926,961021,0.0133998622775509,0.00814967759968445,0.011405957056317709,0.012368256752095196,0.01273034609450199,0.013392696694458524
13.777286228256102,962497,0.0134949908273937,0.008307407812709777,0.011640385273935669,0.012710327364964101,0.013767995545065408,0.013217166945532693
13.778821677017206,963976,0.0162562188518008,0.008473448905735991,0.011999473377642674,0.01321432016222978,0.015186430923703087,0.015672767936764982
13.780356843349344,965457,0.0175269958856956,0.008647379313402322,0.012478948377522718,0.01389983552213148,0.01645696686375743,0.01691786580793101
13.781891724940598,966940,0.0159219765019008,0.00882886694639853,0.013073498390455955,0.014772540512026321,0.017060986374334928,0.015734408227199098
13.783426319491422,968425,0.0178515622294923,0.009017565753805388,0.013776725267265744,0.015819435734402216,0.016948907539792703,0.01745050205143854
13.784961655735463,969913,0.0172313269958442,0.009213250037027849,0.014581797893179725,0.017007963614757128,0.016592826603437652,0.017562243495323173
13.78649669721514,971403,0.0166539746694156,0.009415422316118098,0.015479941869824983,0.018285485490448665,0.01661865327134173,0.015623744329351263
13.7880324695356,972896,0.0173732709697057,0.009623839439404277,0.01646268817290374,0.01958791797470991,0.01751812378297285,0.017778979770097635
13.789566913159328,974390,0.0216186936037077,0.009837826223004319,0.017518854272537625,0.020843967224441873,0.01955062560535089,0.021484439130567228
13.791102080003837,975887,0.0246206539205613,0.010057262368821384,0.018639386034077735,0.021990821816498127,0.02246874209670134,0.02207499940360496
13.792636939999625,977386,0.0240106431733391,0.010281589806349314,0.019812653445554905,0.022977305094431286,0.025227384380162726,0.024960652181226756
13.794172512516706,978888,0.0278805708163561,0.01051053682384312,0.021028182180328092,0.023774559765348993,0.026480543536555164,0.027534640462931907
13.795707770668082,980392,0.0256396685272485,0.01074352093896692,0.022273666207656112,0.024376812053678126,0.025723603339427015,0.02426550495845231
13.797242712288009,981898,0.0225137532351128,0.010980100653611206,0.023537471333225576,0.02480276654198846,0.023797522962255877,0.022204173463097835
13.798778352096123,983407,0.0223688089382747,0.011219987945561971,0.024808835787926104,0.02509111676644778,0.022129288146534497,0.022926014572086692
13.800312652644427,984917,0.0219391155228094,0.011462411311734248,0.026074618589793562,0.025293713265537112,0.021755527083073278,0.02311764433452606
13.801847643995092,986430,0.0237199661794194,0.011707233260990903,0.027325303115568723,0.025469743152857778,0.023053669277067954,0.024815457219991014
13.803383319365873,987946,0.0288042229527057,0.011953994556336594,0.02855003081570439,0.025678125892908455,0.025775683708746392,0.027719683161478607
13.8049186613518,989464,0.0271842599125188,0.012202067607184463,0.029737627269872127,0.025972202612625696,0.028891524531639137,0.02694733748285043
13.80645366787402,990984,0.0266674269270727,0.012450984081521834,0.030878343698088794,0.026395704058248967,0.030891461624852134,0.026263174123475466
13.80798833686526,992506,0.0314953390587039,0.012700274567355086,0.03196311208222679,0.02697960958326957,0.030873446529493708,0.029793994295813683
13.80952367227514,994031,0.0327131709125602,0.012949632736156364,0.03298427010947776,0.027740348581704568,0.02933686609245721,0.03236796130738477
13.811058662969025,995558,0.0311256608248998,0.013198424940982828,0.03393358921089605,0.028676297422141627,0.027716571816928357,0.031269275373179216
13.81259430984325,997088,0.0288589105262239,0.013446344452531298,0.03480500076388694,0.029767960816168348,0.027307835359541465,0.02943339148851593
13.814128603504932,998619,0.0249105253430908,0.013692601201306864,0.03559168132313081,0.030973677228367257,0.028696523848274553,0.027075023181875477
13.815664546107492,1000154,0.0294163582782017,0.013937212367651289,0.03629035719354149,0.032236132427955706,0.031662844570063936,0.028212386831833376
13.817199131521171,1001690,0.0339608380740998,0.014179238471080675,0.03689582809798332,0.03347660963772049,0.035125388732306674,0.03494076569319724
13.818734355938991,1003229,0.0397326198286942,0.014418540101418357,0.0374061237297573,0.034609627030671275,0.037532129597859135,0.037974541247998865
13.820269217562451,1004770,0.0345921405542833,0.014654509932576222,0.03781904683854367,0.035545124094864954,0.03787821810782416,0.0368052921022484
13.821804708176828,1006314,0.0381190743072539,0.014886855038547513,0.03813396902210274,0.03620259516728604,0.036502542318599326,0.03940453597700972
13.823339829078607,1007860,0.0404642424383878,0.015114985891639078,0.038350735497352045,0.03651961292691071,0.03473413023994528,0.03863825364311411
13.824874578357187,1009408,0.0325279961776614,0.015338475803093513,0.03847040058516534,0.03646279981041809,0.03384908465454048,0.03378087884178248
13.826409943273251,1010959,0.0335597565992931,0.015557046471728618,0.03849486625403415,0.03603236960078107,0.03434462855830128,0.033253919817695536
13.827944929744453,1012512,0.0295946049443626,0.01577014376242839,0.03842675259898917,0.035263795219192304,0.03576587160926955,0.032216874468357776
13.829480522028753,1014068,0.0313313829914311,0.015977501596193117,0.03826940458693934,0.034222769109963344,0.03691010642722086,0.03176040238427532
13.83101474450024,1015625,0.0395464756011655,0.016178467533167103,0.03802717625394784,0.032999737885362875,0.03650666698272858,0.03993315481912281
13.83255054916366,1017186,0.0426966938508558,0.016373048159272065,0.03770428227972524,0.031693413198374876,0.0341650643200176,0.04353407158140728
13.834084980345098,1018748,0.0307382081061307,0.016560501662287876,0.03730655099687335,0.03040832145530327,0.030724534510391685,0.0323146223278319
13.83562000093281,1020313,0.0248328771408884,0.016740720153040175,0.036839205640346415,0.029236499059618504,0.027566573793246802,0.024031025335779922
13.837155604610151,1021881,0.0190946894670495,0.016913355017959215,0.036308214601069366,0.028257077691862004,0.025693366944012995,0.022392072638051402
13.838690807998503,1023451,0.0255165698304344,0.01707796925782367,0.035720236875536354,0.02753198453790681,0.025370743656228528,0.02445283723918363
13.840225609327284,1025023,0.0322033045678987,0.017234259051413015,0.03508184635892179,0.02710442700520874,0.026254859411265635,0.029371834532781523
13.841760980927988,1026598,0.0304411830040838,0.017382027652501214,0.03439928208872685,0.02700122774709547,0.02760831665331342,0.030181202235142653
13.84329594397221,1028175,0.029494995353105,0.017520901330975485,0.03367966484890792,0.027234644659406955,0.02864240850304492,0.027667561407017618
13.844831467834002,1029755,0.0280211862011848,0.017650704827726866,0.03292919888449945,0.02780237237628208,0.029025825616361148,0.02897525093670947
13.84636657670898,1031337,0.0299223071399753,0.017771109957314152,0.03215491669851045,0.028685483265554198,0.02912021843987525,0.029446913881893445
13.847901268894644,1032921,0.0303218802969124,0.017881897564218818,0.03136322728670075,0.02984626711888192,0.029678708537464522,0.02833099272895758
13.84943650934228,1034508,0.0313113472941628,0.017982927422131638,0.03055979472594022,0.03122638734716108,0.03130841840356352,0.03176778198865367
13.850971326762242,1036097,0.0339903953170555,0.018073944264089956,0.02975100881814042,0.03274316101816115,0.03405054130406289,0.03498251528439708
13.852506683170992,1037689,0.035941966337659,0.01815483256410359,0.028941922401871076,0.03429500365937294,0.03719069143940378,0.03572247726556034
13.854041610279255,1039283,0.0377416396410564,0.018225387956644377,0.028138239853096873,0.035763965986278956,0.03947797713912507,0.04013494839602376
13.855577067177355,1040880,0.0370593519624254,0.018285520596449733,0.02734425969543199,0.03702964999591597,0.039904063023436485,0.04229649250984091
13.857112088567312,1042479,0.0393664849102128,0.018335078510171857,0.02656485952400527,0.03797860410337974,0.038488827377652406,0.037910407972124124
13.858646672841408,1044080,0.0366090989568866,0.01837397737859872,0.02580396439044299,0.038520625465028796,0.03628475850857349,0.0351665418380254
13.860181774714148,1045684,0.0350676792364897,0.018402167316925188,0.025064591073326693,0.03859915259169699,0.03459233551442198,0.035019948939079046
13.861717388198102,1047291,0.0352898748146605,0.018419584326904784,0.024349802738308998,0.038197781834691885,0.03418200779060286,0.03488566239496383
13.863252553949696,1048900,0.0340042255927303,0.01842618405885775,0.02366263474365808,0.0373433852628815,0.0349811178363411,0.035298613934125776
13.864787270416558,1050511,0.0348653492293894,0.01842196355570924,0.023005207077937816,0.036101160243278425,0.03614475737788452,0.03537342208921494
13.866322486513877,1052125,0.0384516651094479,0.018406927624286102,0.022378829652686703,0.03456381641577269,0.03647936855101025,0.035030185844508906
13.867858196335812,1053742,0.0309979912580878,0.018381094158133583,0.0217848403051738,0.03284061314211588,0.035207722719118775,0.03535461674327918
13.869392498913315,1055360,0.0351648354086353,0.018344553354651606,0.021224860070011384,0.031045624544705414,0.032568764718009194,0.03530900002325703
13.870928235379086,1056982,0.030695888185782,0.01829730614229623,0.020698405077764076,0.02927764469188849,0.029597907273866422,0.0322097468347694
13.872463506253178,1058606,0.0275763981300411,0.018239489829056578,0.020206375295388802,0.02762221430364203,0.027339891370715602,0.026231933179523662
13.873998310064689,1060232,0.0241080006117832,0.0181712229497821,0.019748651140711077,0.026138715180976088,0.02622487828356126,0.023234447017579027
13.875533587095406,1061861,0.0252895901943391,0.018092592198036286,0.019324589348301894,0.024860772237853077,0.02597354996154572,0.025053452130525372
13.877068391262211,1063492,0.030103627108876,0.018003794018323638,0.018933846160175176,0.023800652174259987,0.02581059805220859,0.026722077077112293
13.87860365998676,1065126,0.0241767804645076,0.017904941506012274,0.018575366897102038,0.022949916260547747,0.024916814926893613,0.02678669626669228
13.880138450108138,1066762,0.0249001858634771,0.01779628157726731,0.018248376863478636,0.02228650097164316,0.023044481650659067,0.025981067492558556
13.88167369619654,1068401,0.0221769985749519,0.0176779529358925,0.01795153243485583,0.021776927645625013,0.02076151517723594,0.02078397264545078
13.883208458004184,1070042,0.0164270166706953,0.017550251016699207,0.017683750958047903,0.02138178426887697,0.01898377726181635,0.01671048295514793
13.88474366725848,1071686,0.019286721210271,0.017413339137534067,0.01744351105568048,0.021057788280166502,0.018329786086356926,0.017812250448710983
13.886279318293427,1073333,0.0192433920270393,0.017267467782010933,0.017229409582197142,0.0207618410767212,0.01898240946051775,0.019889786801577977
13.887814475217668,1074982,0.0227230824934382,0.01711300098408839,0.01704010054039992,0.020454212246256855,0.02077117230617779,0.0201589944644484
13.889349136691989,1076633,0.0231925480454881,0.016950237965589858,0.016874057913775733,0.02010177063785421,0.022977211765703585,0.023662445065341806
13.890884228783394,1078287,0.0280250897272914,0.01677938752941674,0.0167296656648495,0.019681260160288302,0.024302869757752116,0.028365589300684012
13.892419745904196,1079944,0.0235874564261921,0.01660076540857354,0.016605428834714487,0.01918232243986619,0.023666160925366084,0.0247583044614585
13.89395475793563,1081603,0.0195932885925978,0.01641481669114569,0.0164999204343759,0.018608970960095856,0.02121160803607631,0.018173086560802205
13.895489263589724,1083264,0.0168876459959242,0.016221898748980085,0.016411643326736773,0.017978297405456367,0.018219203089937925,0.01622322130607635
13.897025105027533,1084929,0.0176357554549436,0.016022137880112104,0.016339051431849112,0.01731710048758488,0.015939133215004564,0.017202620689655803
13.898559511579675,1086595,0.0169036310548693,0.015816270851014023,0.0162808516998627,0.016660187883451406,0.014759047478179178,0.016439617457397037
13.90009524291707,1088265,0.0142518601164422,0.015604316103898615,0.016235545432933873,0.01604061628190597,0.014398890975065531,0.014381300612742228
13.90163045436981,1089937,0.0139114338954645,0.01538692265376351,0.01620183648115536,0.015488678882157004,0.014484547281768744,0.014280572760799408
13.903165144716812,1091611,0.0144098436686794,0.015164505468594793,0.016178383158834245,0.01502506253466693,0.014720593367774539,0.015037288797169588
13.904700227417951,1093288,0.0149444086146039,0.014937351626866449,0.016163867743214037,0.014659533214238993,0.014858761238843166,0.014792894504354712
13.906235697061424,1094968,0.0138509692196862,0.014705886238429661,0.016157018410862437,0.014391959996635824,0.01479699814088134,0.014635263978132657
13.907770636389571,1096650,0.0155697346965249,0.014470683907683548,0.016156581107351232,0.014214589800955739,0.014649324359478485,0.014777888993610891
13.909305954700166,1098335,0.0140859703445077,0.014232048899247469,0.016161315159912325,0.014115619025842482,0.01461161617030315,0.014720959232859996
13.910840737568602,1100022,0.0148039669889647,0.013990573000576587,0.016169993188537395,0.014083798593902654,0.014821325250164117,0.01536550096746694
13.912375891526256,1101712,0.0164751793206698,0.013746568806366934,0.01618140841780303,0.01411151296788982,0.015315671907533602,0.01583824525444566
13.913911411258452,1103405,0.0155049669426977,0.01350049502822127,0.01619436236453557,0.014196609523979036,0.015935923667467895,0.015442563875595873
13.915446386576871,1105100,0.0176471403579796,0.013252961139858481,0.016207658415349074,0.01434191034636844,0.016276136735626376,0.0162534309113505
13.91698081637443,1106797,0.0159986345053618,0.013004434738096034,0.01622012096008778,0.014553192005660156,0.015984743010074395,0.01653928123785243
13.918516503796912,1108498,0.0153876331436897,0.012755091335189261,0.016230602503258983,0.014836297746716656,0.015191910100980466,0.014876212569954233
13.920051637976398,1110201,0.0146508670228692,0.012505693955929523,0.016237946812172187,0.01519269556683769,0.014426905890107563,0.014534949939364827
13.9215862178455,1111906,0.0150559542263919,0.012256712299834504,0.01624103997810264,0.015617456900997466,0.014043792607413135,0.01461689259792378
13.92312203829916,1113615,0.0139865934818734,0.012008324622890918,0.016238795684918594,0.01609824265429936,0.014015474803342446,0.014039615339113761
13.924656400224992,1115325,0.0141197155909376,0.011761434483799241,0.016230172860564423,0.016613610685511048,0.014416987428944995,0.014137253079968977
13.926191992392583,1117039,0.0176541947897822,0.011516074224588323,0.016214159865550207,0.017138039612216452,0.015736326958978482,0.016207868090483628
13.927727017834956,1118755,0.0210784160828378,0.011272993950538577,0.016189832741732642,0.017641771486754686,0.018282257468309096,0.01963405996538729
13.929262368027086,1120474,0.0213176684814075,0.011032509872404412,0.016156312174545065,0.01809674666904459,0.02138890759647623,0.021884415462503897
13.93079714675531,1122195,0.0231587132741733,0.010795214354857235,0.016112836272343,0.01847847818393267,0.023616179518112408,0.02230037223560822
13.932332242782095,1123919,0.019803369248669,0.010561416069298921,0.01605869365363758,0.01876955323658112,0.023919132523240155,0.02226162628167141
13.933867651040384,1125646,0.0262404041852361,0.010331558331583151,0.0159932962437508,0.018960150056093705,0.022470557405975266,0.023386424366644384
13.93540247946801,1127375,0.0206665554097143,0.010106206301944927,0.015916222530400467,0.019048379421967226,0.020332770718541514,0.021776685168543742
13.936937612777418,1129107,0.0188169805119306,0.009885653280471083,0.015827098834478463,0.019039474325587898,0.018519344254568512,0.018579506747830578
13.938473045958313,1130842,0.0192077954561784,0.009670318279234945,0.015725726086195907,0.018943776972468844,0.017470585623401126,0.01809081591068112
13.9400078910808,1132579,0.0172546986830638,0.009460729675306272,0.015612123213117054,0.01877496624896223,0.0171650100620352,0.017485108593482866
13.941543028825608,1134319,0.016104851995583,0.009257160276909409,0.015486341712921358,0.018547794239256125,0.017397302166250517,0.01599330430137628
13.943078454238726,1136062,0.0186716861636652,0.009059997613966926,0.015348650037964488,0.018276650323334635,0.017880353040152126,0.017254639492095575
13.944613283503347,1137807,0.0193822320625985,0.008869724353525536,0.015199570840564742,0.01797456474354687,0.01827209768283838,0.02031112132668009
13.94614839328675,1139555,0.0185372600119246,0.008686588030007589,0.015039628468265516,0.017652075229568923,0.018301358952223307,0.019246963674699608
13.947683778690758,1141306,0.0179226877326506,0.008510938058446,0.014869588619577705,0.017317587320485436,0.01791281516224137,0.017215411789540648
13.949218559992438,1143059,0.017105220489338,0.008343203273806932,0.014690483645053862,0.01697766043783929,0.01726988912669452,0.017413435658970425
13.950753609863906,1144815,0.0183937092975113,0.008183601579099559,0.014503301147947976,0.01663688750469585,0.01661048878508625,0.0175227028353237
13.95228892346236,1146574,0.0154160847843871,0.008032438302777414,0.01430927024809995,0.016299030222731735,0.016103419416875115,0.015976344873228382
13.953823625139544,1148335,0.0152492347408845,0.007890081268887711,0.01410987048829348,0.015967535767729617,0.015801085224456418,0.014861990208607954
13.955358583590684,1150099,0.0156516776715708,0.007756714894035814,0.013906478322497366,0.015645359635022248,0.01566708704226727,0.015392111780412731
13.9568937940279,1151866,0.0168067144657409,0.007632595213053347,0.013700685281898578,0.015335752982447062,0.015619277511419822,0.017072381849547933
13.958429251683324,1153636,0.0165845337234712,0.0075179609327477625,0.013494171626124651,0.015042079344446548,0.015565171327221447,0.016940066202362904
13.959964086314333,1155408,0.0160308697945267,0.007413089315110879,0.013288801946162252,0.014767798538253595,0.01543835966526744,0.015174666622028604
13.961499161343648,1157183,0.0139501109988834,0.007318115216101038,0.01308625397024448,0.01451571285528849,0.015225301014571656,0.01459435676439667
13.963034472057709,1158961,0.0157119487569799,0.007233222405383267,0.012888347929108424,0.014288147100574407,0.014961032695634292,0.015007080955452388
13.964569152244527,1160741,0.0145310943811339,0.00715861465066555,0.012697012015747291,0.014086615234039836,0.01469541094125442,0.014877693256091465
13.966104921588755,1162525,0.0145749291779509,0.007094353552623965,0.012513832549712289,0.013911229287846164,0.014457371536869755,0.014373690759535103
13.967640053717316,1164311,0.0145399563268862,0.007040636922361467,0.012340770511433691,0.013761452579126723,0.014242871037243279,0.014649425814733046
13.96917454794867,1166099,0.014207836139115,0.006997552773285279,0.01217949441556286,0.013635582404060258,0.014026439233544054,0.014683035598296486
13.97071011609774,1167891,0.0139974169974422,0.006965138740947397,0.012031420211228855,0.01353114136700746,0.013793007612925387,0.013740809388610394
13.9722450397556,1169685,0.0135292303705182,0.006943496596148315,0.011898196854661227,0.013445535525493713,0.013570010150429286,0.013538466816499985
13.973780171895172,1171482,0.0138779552990716,0.006932650487360227,0.011781089322064182,0.013375905677507127,0.013417073508039022,0.013685815006021031
13.97531550794911,1173282,0.0135296878303486,0.006932625224949839,0.011681299402579334,0.013319605981355623,0.013363653663343094,0.013486066798367766
13.976850192366856,1175084,0.0137381323624227,0.006943416138731223,0.011599902807128982,0.013274324492952,0.013364970980002312,0.013677001367224852
13.978385923931024,1176890,0.0135646621732809,0.006965019017923464,0.011537664871634393,0.01323808446482934,0.01336297848391643,0.013504128210020023
13.979920997428628,1178698,0.0135507464692976,0.006997373310713247,0.011495318757890978,0.013209457675922767,0.013392965574060448,0.013730976194316114
13.981455412274238,1180508,0.0138304563285311,0.00704040428665503,0.011473295730313951,0.013187447158741171,0.013559046884780008,0.014300033347537947
13.98299085947644,1182322,0.0148669818636517,0.00709408220854908,0.011471831159454098,0.013171537537226538,0.013856583309444458,0.014129379792752618
13.984525641688244,1184138,0.0135613144373246,0.007158250532001687,0.011490978938169935,0.013161736829998463,0.014083762073637917,0.01357834806536129
13.98606144475929,1185958,0.0138042827710627,0.007232862456647977,0.011530605278134768,0.013158450536399727,0.01403164612758645,0.013615167169962923
13.987595734663543,1187779,0.0142924994425305,0.007317649542118554,0.01159027006916558,0.013162400256005112,0.013746505124289883,0.014244036257048136
13.989131036597213,1189604,0.013963748531948,0.007412586587297251,0.01166949971198371,0.013174427393053547,0.0135043499547987,0.013912857073999415
13.990666502973315,1191432,0.0137835772653532,0.007517453976069689,0.01176752291792139,0.013195259053812941,0.013509024024956906,0.013602504571787643
13.992201291385772,1193262,0.0137315676033336,0.007631991812560222,0.01188335091717928,0.013225258530510195,0.013697657599918544,0.013720279122101877
13.993736238095906,1195095,0.0140877101556158,0.007756041917254369,0.01201595046368576,0.013264305945542542,0.013872693570423087,0.014298485784912314
13.995271338768347,1196931,0.0146482987391107,0.007889373269069714,0.012164093195643913,0.013311719166484222,0.013932678301022752,0.014751172192233725
13.996806589086487,1198770,0.0138862370200367,0.008031737148492918,0.012326422143726598,0.013366376525369598,0.013918442065462156,0.013806971118764243
13.998341984752429,1200612,0.0138350199458901,0.00818286760083134,0.012501471179336632,0.013426983775201764,0.013905789241426512,0.01379786252041403
13.999876689856016,1202456,0.0147444550773188,0.008342393248622824,0.01268758209217558,0.013492416614407726,0.013929940227768398,0.014683369588686174
14.001412364674591,1204304,0.0143568321304088,0.008510188360845428,0.012883335878275764,0.013562291730378002,0.013983787171387624,0.014017442054500279
14.002947342976013,1206154,0.0137994162547366,0.00868575719818637,0.0130868560998408,0.01363712003275908,0.014031526901107844,0.01373209961921648
14.004482452162096,1208007,0.0150433963338529,0.008868859422954236,0.01329655973042003,0.013718909458716275,0.01403573542094278,0.014445240199075319
14.006017688022204,1209863,0.0145931861206762,0.009059151604850161,0.013510759295028983,0.01381128552596697,0.01399975329810485,0.015283155581838964
14.007552221091965,1211721,0.0139303584486154,0.009256168830555698,0.013727670699271097,0.013919673061762425,0.0139744088804633,0.013908269991273505
14.009087699008,1213583,0.0138068070511903,0.009459753074270796,0.013945902175783523,0.014051705291355136,0.014025578364857887,0.0138173153680341
14.010622468332288,1215447,0.0145928246326305,0.009669303473175721,0.014163655489760523,0.01421690400357027,0.014218890772927357,0.0145746720918325
14.012158171674516,1217315,0.0142690136894195,0.009884650731738803,0.014379677560803734,0.014427293994003991,0.014600289084622374,0.01491224959667856
14.013693160689227,1219185,0.0154397012413149,0.010105159543532196,0.014592345868198455,0.014696473129528882,0.015116875016070168,0.015091103182654005
14.015228254012158,1221058,0.0150961848110225,0.010330529109973367,0.014800494953776566,0.015039780613046682,0.015581943807125652,0.015466559961724188
14.016763447554894,1222934,0.0160637019260785,0.010560335400801835,0.015002964183062396,0.015472802275879063,0.01581601926596462,0.015420659740029537
14.018297920795575,1224812,0.0163176104874203,0.010794020526383497,0.015198622259371061,0.01600948596605766,0.015845004296222483,0.016343068245822386
14.019833303837446,1226694,0.0181020340736021,0.011031393267492511,0.01538678837439135,0.016661133618655375,0.01591364839658185,0.01727342718602807
14.021368774940132,1228579,0.0157711050589084,0.01127188295526917,0.015566612330280576,0.017432173438020247,0.016353518263004962,0.016186248252847008
14.022903517387212,1230466,0.017306962468851,0.011514907084664502,0.01573741134975228,0.01831828783879704,0.017504632497050157,0.016793033307800118
14.024438342373363,1232356,0.0197599839530148,0.011760134927344594,0.015898839871969012,0.019305658473049315,0.019614114935594323,0.0203897853097812
14.025974056121107,1234250,0.022383396378496,0.012007235308038449,0.01605068219099698,0.02036944137875798,0.022529571948930335,0.022142350470440244
14.02750903300115,1236146,0.0251182331444374,0.012255481763655339,0.01619263241353726,0.021472439744951204,0.025467614687568516,0.023225847302288292
14.029044080515993,1238045,0.0290298123542746,0.01250453658958147,0.016324771411049304,0.02257068060514651,0.027386890373590357,0.027964128224083045
14.030579194732272,1239947,0.0312439162513751,0.012753930297474774,0.016447235013282213,0.023614824364521492,0.027761695090982176,0.03179765614011322
14.032114371734227,1241852,0.030324056341164,0.01300319265848248,0.016560289652270247,0.024555377715267297,0.026961632018995495,0.03002659258051782
14.033649607623625,1243760,0.0258158687141505,0.013251853599376518,0.01666432400620509,0.025347738616463885,0.02585482754414867,0.024532288591910076
14.035184898519711,1245671,0.0214116464910053,0.013499444098642207,0.016759839670593888,0.025956855076175876,0.025145032170822316,0.020925253532667613
14.036719439010271,1247584,0.0240197401885105,0.013745369109061607,0.016847397294913746,0.026360623208283397,0.025024733314262627,0.023684718922192358
14.038254829576951,1249501,0.0297904139378343,0.013989421699155243,0.016927784755156237,0.026552536386899753,0.025191790774301632,0.028793565305147092
14.039789464518735,1251420,0.0279362421146494,0.014230887240524553,0.017001695232822873,0.026540510873410812,0.02509451644231611,0.027007142173321133
14.04132493943418,1253343,0.0215028197954952,0.014469561663633905,0.01707005362557148,0.02634595943859752,0.02435660956100523,0.024439633456389154
14.042859653567092,1255268,0.024795082919616,0.014704746778175553,0.01713369539645212,0.02600062702986558,0.023133807908678684,0.02405368943151303
14.044395197647532,1257197,0.0206190314849504,0.014936242993030802,0.01719364252289387,0.025541851099438052,0.022034441289243242,0.02146025266466397
14.045929975849113,1259128,0.0198732847070158,0.015163373813230274,0.01725082638943152,0.025009691961204547,0.021712313043256347,0.020314695231165542
14.04746557404801,1261063,0.0209577847798744,0.015385945719023608,0.017306329072385288,0.0244412819157052,0.022558261504736072,0.022060470211953214
14.049000401332629,1263000,0.0215292049366939,0.015603308992513871,0.01736113479971815,0.023869891049618834,0.024557627001216165,0.023297197370622445
14.05053524818884,1264940,0.0286536070678394,0.015815170106054807,0.017416324763819914,0.023320898091615933,0.027091158928414773,0.027937305008222682
14.052070900257888,1266884,0.0342904992938387,0.016021233892917305,0.017472984011860544,0.022811735952615885,0.02894139240406426,0.03578612456821831
14.053605773971595,1268830,0.029940286733001,0.01622089984525048,0.01753210628543646,0.022352570422925037,0.02896944506430986,0.03166204067829831
14.05514065621735,1270779,0.0232213602900688,0.016413899140575214,0.017594761760931475,0.0219453893416487,0.027050273968718796,0.02280740302121705
14.05667632905998,1272732,0.0210471686416001,0.01659996126246157,0.01766201187859768,0.021586084665784894,0.024181636462843794,0.020658249955435866
14.058211216240936,1274687,0.0184506546821321,0.016778544978286947,0.017734793029857206,0.021266386513090166,0.021631535760320952,0.020782738072408456
14.059746101065333,1276645,0.0223477953817597,0.0169494108806958,0.01781411783281274,0.020974439587780853,0.020093424038516314,0.02177143596467656
14.06128097993632,1278606,0.023098624663132,0.017112236991448766,0.017900936122873107,0.020697293747488115,0.019573115247439085,0.024218733660176295
14.062816630175565,1280571,0.0207104098351077,0.01726679297066395,0.017996215030414747,0.020422258937668615,0.019646572982322343,0.021211104208252174
14.064351485217742,1282538,0.0173695216248171,0.01741263043973855,0.01810073717667109,0.020139003888225007,0.019695260576768802,0.016864304863188344
14.065886323617,1284508,0.017985974953983,0.017549555665940852,0.018215387295234014,0.01983998897877263,0.019234024594206988,0.017801631626844852
14.067421919156384,1286482,0.0189346333757872,0.01767737326182884,0.01834102578414968,0.01952171779552209,0.018275051715773344,0.019354390093225118
14.068956712501386,1288458,0.0176497830063759,0.017795713277443434,0.01847827110551526,0.019185618848408362,0.017298798804689357,0.016809148105068502
14.070492253592652,1290438,0.0153414851501584,0.017904472743681586,0.0186279556743547,0.018836727866932725,0.016826917639768617,0.016403528979599527
14.072026987897855,1292420,0.0186560901883463,0.01800333743527393,0.018790564054760227,0.018484368882925935,0.01714193886896017,0.01921404056986202
14.073562460627908,1294406,0.0207110644713154,0.01809222128306857,0.01896683407387186,0.01813972853989356,0.0182611219646916,0.020481676681521226
14.075097122037649,1296394,0.0211593923268971,0.01817086803428326,0.019157093641866872,0.017816033094841303,0.019805346821822375,0.019410448805351456
14.076632512622847,1298386,0.0172359262684894,0.018239209293896986,0.019361965749237344,0.017525999716999578,0.020911824773410276,0.018431812042310095
14.07816785641619,1300381,0.0192420411028322,0.018297074925011564,0.019581709081483965,0.01728202280361987,0.020731998904856948,0.01864538349276134
14.079702382195851,1302378,0.0187543212845155,0.01834433581802465,0.019816465129743655,0.017094932985039318,0.019243897795085355,0.020234214517277666
14.08123762341168,1304379,0.019752539253883,0.018380951245267764,0.02006663595892349,0.016973526270032145,0.017316950192655823,0.019517737518295084
14.082772807693956,1306383,0.0172329090942233,0.018406826981659952,0.020332170906423253,0.01692513080628697,0.01590293705729558,0.01670022359929895
14.084307931694504,1308390,0.0157259463566603,0.01842191547491774,0.020613020925313932,0.01695536178625037,0.015415048673333634,0.015633139124347138
14.08584299208094,1310400,0.0156585643032097,0.01842618958758938,0.020909016245589926,0.017068413609412636,0.01590358046945722,0.015289868425179822
14.087377985536635,1312413,0.0165162773202222,0.018419642642401354,0.021219857880017064,0.01726713949325749,0.017333246967538084,0.01584023659522526
14.088912908760648,1314429,0.0203852173590164,0.018402288428362827,0.021545109318189436,0.01755296221824861,0.01937667725475068,0.019828712189765188
14.090448518087229,1316449,0.022701844097855,0.018374144587623625,0.02188435973219721,0.017925829233077645,0.021250511055443295,0.02307754471992533
14.091983289842656,1318471,0.0219752544838888,0.018335293607701485,0.02223653814226606,0.018383091461308933,0.022163928116726964,0.021829890839485538
14.093518738850026,1320497,0.0235877661842829,0.01828577201807437,0.022601097786885925,0.018920580674105847,0.021939784121712314,0.022704273904957453
14.095053346127605,1322525,0.022465823579334,0.018225723702203322,0.0229766193942451,0.0195306353677306,0.0210414308673174,0.022432037168505885
14.096588621875863,1324557,0.0165697399001774,0.01815520446027914,0.02336224393657414,0.02020425593418145,0.020081508333327523,0.0186464555506823
14.098123805601618,1326592,0.0197495839139109,0.01807437612383809,0.023756386781478324,0.02092939638476342,0.019416686413131674,0.01830507301486805
14.099658894117916,1328630,0.0184616669709476,0.017983392945203062,0.024157472690102738,0.02169267984563958,0.019100746403320726,0.019951717972827895
14.101193884253105,1330671,0.0201833761730769,0.017882428331660337,0.02456375390981652,0.022479814183455966,0.019056230465738955,0.0197495912789723
14.10272952319846,1332716,0.0199934612863347,0.01777161800138303,0.024973513630705595,0.023276731594092385,0.019276356023405414,0.020141305356133857
14.104264305966623,1334763,0.0200057336283626,0.017651281092365304,0.02538426789261803,0.02406871853796657,0.019952833386057786,0.01977050507356094
14.105799728979278,1336814,0.0191938835604739,0.017521529009154293,0.02579417561595205,0.024843688107909646,0.02147961920078309,0.019877041125499803
14.107334291883362,1338867,0.0264588508728699,0.01738273468615931,0.026200447961706716,0.025589481049096783,0.024312729035537817,0.0258345733483761
14.108869486533989,1340924,0.028589264103292,0.017235026632437964,0.026600953715439385,0.026297045770271837,0.028633532852300844,0.030691998311783632
14.110404561808195,1342984,0.0325650010586487,0.017078750768410554,0.026992843743079968,0.026957904151724978,0.03379431813080092,0.030557048305834736
14.111940258113629,1345048,0.0360249596895834,0.01691412199017719,0.027373543709706936,0.027565877823713704,0.03807281794117012,0.038039609583579895
14.113475084328076,1347114,0.0422586101386447,0.016741612029396388,0.027739841714740834,0.028115547579755297,0.03943210827469899,0.043070259419751844
14.115009782030956,1349183,0.0351439736561421,0.016561470038115915,0.028089018135006753,0.028604088260604503,0.03707627580256128,0.03491245377487683
14.116545088258722,1351256,0.0337252665730992,0.016373945194097017,0.028418276966309323,0.02903044063001129,0.03224614492722829,0.03179304929505315
14.118080257687646,1353332,0.0285371482663623,0.01617947825500471,0.028724473987735897,0.029395308640323393,0.02731294376213091,0.030430421620468107
14.119615287336623,1355411,0.0233698448755115,0.015978437633712112,0.02900464735600262,0.02970226883068749,0.024140966060124263,0.023224983199922
14.12115017423918,1357493,0.0229982258016915,0.01577120400052689,0.029255872075067448,0.02995795588256108,0.023447069936442744,0.021548983241383508
14.122685650965485,1359579,0.024917906699708,0.015558066123828353,0.029475385785537912,0.03017252288657249,0.025215784032776443,0.025920395884310686
14.124220976799815,1361668,0.0306613309000965,0.01533952572697653,0.029660292173452348,0.030359534147473367,0.028878502047785977,0.029480023888016807
14.125756148824806,1363760,0.0344134684900586,0.015115996399837042,0.029807947652169466,0.030536261945860975,0.032972505235438807,0.03452864216698864
14.127291164137493,1365855,0.0387105094390424,0.014887900955292759,0.029915863027710616,0.03072319761850885,0.03543131766596556,0.03819505373226764
14.12882601984928,1367953,0.0338150035337139,0.014655670619312729,0.0299817326510356,0.030943381672017732,0.03493852272235299,0.033034899548170474
14.13036144298388,1370055,0.0274627635822949,0.014419631184485943,0.030003462261313882,0.031221582717539484,0.03199490963574477,0.028084413047151015
14.13189596976616,1372159,0.0273412444075524,0.014180452980083285,0.029979175723853786,0.03158249680899186,0.02845077941504729,0.0280865425063464
14.13343105603024,1374267,0.0318204683105253,0.013938360585969098,0.029907258230242637,0.03205027240951027,0.02612159437310887,0.02894974909141676
14.134966695596392,1376379,0.0277117565083636,0.013693807989899843,0.029786337523853963,0.03264595432998838,0.026035912656211243,0.028688319525024625
14.13650143144978,1378493,0.030345005874194,0.01344748828822332,0.029615534033669125,0.03338488329796452,0.028560355556558184,0.029194266596236557
14.138036712770113,1380611,0.0313861504097659,0.01319963354365781,0.029394020677194075,0.03427634157283684,0.033517301617107906,0.03272571098582077
14.13957181023468,1382732,0.0357657188670448,0.012950827638089763,0.029121545861603922,0.03531865837142836,0.03988296693744612,0.03663271369830826
14.141106721079073,1384856,0.0379405202248998,0.012701539777570582,0.028798147025299297,0.03649780397380753,0.04579434489766421,0.039988138698168835
14.142642163541897,1386984,0.051718529901163,0.012452122738068894,0.0284240416016665,0.03778514337031812,0.049391374272921396,0.05042327356642659
14.144177411685828,1389115,0.0602325134839865,0.012203164113970438,0.028000149595023813,0.039133676294914585,0.0498956427946153,0.06101042526985154
14.145712462793556,1391249,0.0525438459217045,0.01195513296058168,0.027527627006549774,0.04047905590704818,0.047945733190151586,0.05387666086453194
14.147247314161524,1393386,0.0390177023274434,0.01170849627799792,0.02700800482773488,0.04174022585570817,0.04496246536446308,0.04137440038261347
14.148782679675325,1395527,0.0366370522142423,0.011463604330355334,0.026442909954029547,0.04282339447312706,0.04223734609620744,0.035722829857245154
14.15031783788542,1397671,0.0328611658526281,0.011221033851365882,0.025834840151517907,0.043626495391025866,0.04041369322488849,0.03524714633810097
14.151852786134755,1399818,0.0448808454963816,0.010981241018186738,0.02518640998217803,0.044049516641053665,0.03945224099505373,0.04112239900058854
14.153387521779813,1401968,0.0464768098879848,0.010744676446732515,0.02450056722030281,0.044004069116698685,0.03888097021620612,0.04689530875670849
14.154922754379673,1404122,0.0413833328116963,0.010511677167015867,0.023780231912023185,0.043423632213033185,0.038146997994995865,0.042407064886286594
14.156457766944454,1406279,0.0352932813074232,0.010282791620563664,0.023029272878454982,0.04227378333691293,0.0369538065457048,0.035892922693641936
14.157993266882167,1408440,0.0314088097236296,0.010058346595058915,0.022251149127087262,0.04055802548996001,0.03541572116206695,0.03287443136824016
14.159528539424958,1410604,0.0324936387626023,0.00983887039498224,0.021450270642117197,0.03832275760887463,0.03393308294018452,0.03082939938993992
14.161063582007342,1412771,0.0301942160829805,0.00962477444608919,0.02063091394557615,0.035653355229117674,0.03288092874375692,0.030335164059342997
14.162598392077092,1414941,0.032340530063623,0.00941645969980498,0.019797531162143563,0.03266735782724653,0.03232612477647694,0.03202337436406159
14.16413367275447,1417115,0.0383753248408392,0.009214224400671406,0.018954326844686883,0.02950158960863694,0.031905724652650534,0.03647120366052537
14.165668713690048,1419292,0.0382219878766968,0.009018544246572025,0.018106388629344824,0.026302609534423566,0.03093225725126396,0.038173455307187854
14.167203512376554,1421472,0.0289449437414331,0.00882978482697436,0.01725849264868963,0.023207855736735377,0.028760328921811344,0.029016315712664064
14.168738768736883,1423656,0.0194585477590431,0.008648217010007814,0.01641506408480667,0.020332808231524287,0.025267681420641938,0.02041913509953598
14.17027377571841,1425843,0.019624511873454,0.008474267708005863,0.015581304594114876,0.017765679861609415,0.02106173036471783,0.018200445261261872
14.171809231122037,1428034,0.0154970656964858,0.008308187012993887,0.014761615955428823,0.015557483606270388,0.01712213003257895,0.016356736121465095
14.173344430086235,1430228,0.0153179492919525,0.008150365391306445,0.013961083804581125,0.013726884315129348,0.014178864308253311,0.01550684386727473
14.174879370179465,1432425,0.0155283806461518,0.008001096084119592,0.013184298133759835,0.012261327746975574,0.012377010393383302,0.01579607487469603
14.176414746028993,1434626,0.0134108798833368,0.007860594184829824,0.012435370792035862,0.011125441940473452,0.011424972778434274,0.012337100952928226
14.177949856044831,1436830,0.0091222186327974,0.0077291899025852566,0.01171893477457052,0.010271439535429982,0.010881642640016832,0.009967469521248804
14.179484697839158,1439037,0.0105454052755802,0.007607126075477379,0.011039056162484035,0.009645591175729929,0.01033849633230079,0.00991775053061076
14.18101996288014,1441248,0.0088924706310777,0.0074945790162327984,0.010399286520877394,0.009195423571505459,0.00959885116115251,0.008946512304438443
14.182554952833875,1443462,0.0084907100357103,0.0073918131777844795,0.009803518148807826,0.008874575808592203,0.00882097614490095,0.008488606538649808
14.184089665355796,1445679,0.0091764853388508,0.007299016872162263,0.00925504320878743,0.008644005283207978,0.008337593103353268,0.009043960947433538
14.185624788769513,1447900,0.0093174302490903,0.007216324516923647,0.00875663834397147,0.008472601212814557,0.008233670668074192,0.008808372329081979
14.187160317577709,1450125,0.0083832537937442,0.007143900257754595,0.008311046927738798,0.008337046021987246,0.00825932303892411,0.008347941477020827
14.188695557767373,1452353,0.0087633137348223,0.0070819143904586246,0.007920846613135982,0.00822165766298073,0.008243655439998112,0.008644575213188843
14.190230507054563,1454584,0.0084323669912462,0.007030477811638588,0.007588033548836019,0.008119019701751787,0.008343234202918241,0.008404233878338715
14.191765163167638,1456818,0.0087595417985898,0.006989681391245646,0.007314250910786094,0.008031546991229443,0.00867506789793389,0.00910392534424165
14.193300894596488,1459057,0.0112574276768617,0.00695957375282409,0.007100620936060117,0.007973144922592587,0.008950722788257998,0.010643567597354655
14.19483563981745,1461298,0.0084460822751488,0.006940252902407955,0.006948398259657346,0.007970398605671936,0.008813402161432119,0.008717642692821579
14.196370766301852,1463543,0.0085032240486249,0.006931731648689972,0.006858016628227343,0.008061614101447907,0.008425964254513106,0.008397738146262147
14.197906268688492,1465792,0.0084594544689719,0.006934034064994019,0.0068297741525659775,0.00829389270791549,0.008367441376639938,0.008408513105983607
14.199440779280742,1468043,0.009364453187428,0.006947147258230409,0.006863563045450865,0.008716790574046125,0.008947925197389444,0.008938836960767037
14.200976339432213,1470299,0.0097355071249028,0.006971064574371581,0.006958997103330238,0.009375674141781944,0.009915202703474145,0.009930469018927066
14.202511582526729,1472558,0.0100560759209776,0.007005727414881444,0.0071152727411419175,0.010300882695998232,0.01087011616907952,0.00997560049647779
14.204046506411013,1474820,0.0118599598152789,0.007051063790441513,0.007331274461467349,0.011500644042367624,0.011746633473329979,0.012380427075746825
14.205581785952496,1477086,0.0150668476303254,0.0071070086256974545,0.007605721569932094,0.012955515202612441,0.012845052386306878,0.0156711619185745
14.207116739936357,1479355,0.0132812032051658,0.007173432091916587,0.007936833085232908,0.0146142141391185,0.014586753839947106,0.015033190990035972
14.20865136625012,1481627,0.0148309566094859,0.007250202395348043,0.008322646859314659,0.016397532056277746,0.017230539702008947,0.015201979811285073
14.21018701059002,1483904,0.0180370077985001,0.007337249193639344,0.00876136431064102,0.01820614071218269,0.020579188304240825,0.018080154804318127
14.211721646071924,1486183,0.0224363870655788,0.007434293898207889,0.0092500083294073,0.01992520004873341,0.023865659133021067,0.023230168501795136
14.213257289222442,1488467,0.0286472614952038,0.007541281134908282,0.009786614668989056,0.021445184512238893,0.026144984039914474,0.028938790437021276
14.214791919393187,1490753,0.0290716781996231,0.0076578687683100475,0.010367688825061328,0.022665647451397715,0.02691216155081248,0.02990629143825555
14.216327546951105,1493044,0.0314513643006622,0.007783989676255454,0.01099103793288051,0.023513644113220846,0.026377774693968306,0.02794954068024315
14.217862157464292,1495337,0.023645846805051,0.007919240928764993,0.011652751615701822,0.02394498014110258,0.025139890491858687,0.024576685899735558
14.21939775515887,1497635,0.01913593967472,0.00806354403112624,0.012350478665482553,0.02395173606550109,0.023677495899953008,0.020181984703609202
14.220932331800189,1499935,0.0214369929264436,0.00821643846619318,0.013079995394973782,0.023558831367748247,0.02212630565082781,0.020361462510859452
14.222467885492376,1502240,0.0225547068103886,0.0083778348406164,0.01383885933572795,0.02281905382772045,0.02040393328900695,0.022523798155468296
14.224003078830444,1504548,0.0198458466419678,0.008547293759879008,0.014622978103235157,0.02180657530546175,0.01851216356162832,0.020033058600452607
14.225537909860371,1506859,0.0192485933450047,0.008724490281852992,0.01542884611657279,0.0206064428134026,0.016706659587966948,0.017630454372173584
14.227073039253606,1509174,0.016220014631162,0.008909166513988223,0.016253300889243847,0.019304855362924853,0.015392775816584044,0.015986708882593223
14.228607800432105,1511492,0.0147763725670569,0.009100894183965777,0.01709247243429892,0.017982813182459974,0.0148903514634181,0.013470179179812983
14.230143512646796,1513815,0.0141281127053632,0.009299480844326545,0.017943588354756564,0.0167073932159869,0.015309285588670262,0.014231794574626762
14.231678189205574,1516140,0.0200797477407562,0.009504295345887549,0.01880207406901542,0.015532586390172414,0.016498631561468812,0.017747053649655554
14.233213148376446,1518469,0.0168911319149307,0.009715123280381259,0.0196652291133341,0.014492742747715406,0.017922566326534908,0.01859612841200532
14.234748385252807,1520802,0.0179444202730643,0.009931570231265098,0.020529673152093676,0.013607503853762835,0.018695814322980196,0.018518405319192428
14.236283894948418,1523139,0.0201904215237605,0.010153230770154061,0.021392086277913447,0.012883263740386525,0.018103765573149626,0.018272460006623772
14.23781901706574,1525479,0.016160858578077,0.010379591602879696,0.02224885495257765,0.0123169285779476,0.016234315994108236,0.016150226819434503
14.239353749776267,1527822,0.0155779470573532,0.010610222773204107,0.023096824163908868,0.01189923526115507,0.013936520903231114,0.01436014648197614
14.240888744784977,1530169,0.0115913647768509,0.010844787445216029,0.023933287272771844,0.01161888885907423,0.012087798176503324,0.012459037804028218
14.242423997278308,1532520,0.010147011558311,0.011082845135913372,0.024755263777835657,0.011466239095400524,0.011019427675274456,0.010756886465660337
14.243958850943748,1534874,0.0104873692268789,0.011323845497675773,0.025559535607588182,0.011435663308465889,0.01059341154428619,0.010368763535643664
14.245494605045836,1537233,0.0113205238998373,0.011567539837138475,0.02634401080244638,0.011527480153906824,0.010555490506313513,0.010475554202538732
14.247029303268,1539594,0.0107681089268741,0.011813158749220879,0.027105042054667947,0.011748921623420115,0.010705201874177613,0.011183143447394859
14.248564243906268,1541959,0.0130755058656904,0.012060445868157235,0.02784075423555534,0.01211488834980606,0.010928212838499738,0.012211245589754435
14.250099422238852,1544328,0.0104054549140091,0.012308935556091097,0.02854871158613237,0.01264734521010679,0.011254568345574235,0.010956878120382041
14.251634833563813,1546701,0.0106705849506921,0.01255815953863582,0.02922659432176453,0.013374255356163052,0.01189959913745945,0.010481794478298993
14.253169827653524,1549077,0.0137309377848183,0.012807542936899176,0.029871935911628282,0.014327305649779524,0.013244173144795151,0.013899282295398321
14.254705047372097,1551457,0.0163340474207645,0.013056720469552665,0.030482947777266154,0.015540495013464065,0.015720576010851778,0.018266548998990904
14.256239844506014,1553840,0.0218300221155772,0.013305117969883276,0.03105743550265008,0.017045296209536834,0.019454434389387744,0.018817073630870384
14.257774859969476,1556227,0.0216441078731788,0.013552371606277378,0.03159382454671227,0.018868990904425613,0.023819267374911027,0.02235631473182982
14.25931008915078,1558618,0.026980052594566,0.013798014525275022,0.03209039710824774,0.02102905111567579,0.027524113325622806,0.028170787275761156
14.260845527457766,1561013,0.0307161103427869,0.014041582606197997,0.03254555728988355,0.023529546974366045,0.029507533162967985,0.02970308331981595
14.26238053069091,1563411,0.0260672854824224,0.01428251555349315,0.03295766949410859,0.026356296647176307,0.029825706672044837,0.02887901664266089
14.26391573588668,1565813,0.0293657174094507,0.014520460179324771,0.03332558522102643,0.029477685373344185,0.02959851678799614,0.029661575977535354
14.265450500840876,1568218,0.0338637670117165,0.014754869804721654,0.033647957948562075,0.03283873998694757,0.03020311265815671,0.033066329672862216
14.266986097345818,1570628,0.0359254731128905,0.014985495678397957,0.03392396089684459,0.03636830294413343,0.03257254300770798,0.034691225145202086
14.268520610833438,1573040,0.0316959598461295,0.015211617319134452,0.03415231492224445,0.039970120762191266,0.036857510821426014,0.03331218480148993
14.270055946884126,1575457,0.0379820260861979,0.015433090663075997,0.03433250003449989,0.04354343497888192,0.042288363974905596,0.037845148363998896
14.271590830581887,1577877,0.0503910762221023,0.01564931322531191,0.0344636676397986,0.046972950368717487,0.04738136063463448,0.0484977350645341
14.273126525978878,1580302,0.0547366134295517,0.015860053797737972,0.034545363337428255,0.050149242190280524,0.05080197077133174,0.05464437258548848
14.274661130272229,1582729,0.0570261397210996,0.016064656252981875,0.034577094686426495,0.0529643430963362,0.05227591862274484,0.056179896879017754
14.276196537421962,1585161,0.0520049887797158,0.016262989322581432,0.03455865347381068,0.05533301302121107,0.05271687336000408,0.05440842872593726
14.277731480361544,1587596,0.0513632451581335,0.01645451389740544,0.03448992411458701,0.05718579999738054,0.05345631552239165,0.049626660215664094
14.279266586532758,1590035,0.0504673875076099,0.016638949586617838,0.03437093005333672,0.05848186703172763,0.055340312816756956,0.05108892139482678
14.280801851576358,1592478,0.0543151054383399,0.01681594628906988,0.03420184742611672,0.059206725329936656,0.058247406117273685,0.05830567838420697
14.282336644163015,1594924,0.0662242065079658,0.016985100355590907,0.03398311122701385,0.05937272853372448,0.06116425359055441,0.06170011223498953
14.283872214911003,1597375,0.0651934796109952,0.017146228583493277,0.03371504111643872,0.05901620076457967,0.06280042160008216,0.06404173122815296
14.28540730649847,1599829,0.0719383847631036,0.017298893314565706,0.03339852055590063,0.05819274187587784,0.06244015595436422,0.06802869612094316
14.28694191751787,1602286,0.063147690377254,0.017442814972314646,0.03303444181984317,0.05697139685988533,0.0604137211654535,0.0644838444651919
14.288477292873202,1604748,0.0567182002606285,0.017577836796253816,0.03262351444472973,0.055426533124115815,0.05775254807284419,0.05365669436402719
14.290012181051445,1607213,0.0485753721275647,0.017703592158041386,0.03216725149348325,0.053635476588740134,0.05539314801035086,0.04866939890280757
14.29154782316446,1609683,0.0507268158862383,0.017819943374909466,0.03166663798862715,0.05166833623388811,0.05356884840626683,0.05245571898823033
14.29308235127238,1612155,0.0591666077580921,0.01792653333452148,0.03112383686366624,0.04959044666279461,0.05177661014165488,0.05387597190951015
14.29461762489691,1614632,0.0493576214771598,0.018023293904047673,0.030539918103261336,0.04745090025145761,0.04925201728037551,0.051125318497585046
14.29615301861603,1617113,0.0527097402977518,0.01810999507765889,0.029916969253193905,0.04528952308778121,0.045673256625133565,0.051424573034031945
14.297687910829216,1619597,0.0455077522253214,0.018186442289347255,0.029257308506081558,0.04313368207753819,0.04154319451769031,0.045362142788606244
14.299222916723394,1622085,0.033390842451055,0.018252526110629372,0.028562900042125687,0.04099763132879837,0.03790223240958933,0.0325225213757026
14.30075803216774,1624577,0.0288986082442496,0.018308119671584116,0.027836110286424055,0.03888709620423255,0.03564616780584212,0.02982668618932611
14.302293253049593,1627073,0.0370715099261322,0.018353115926249317,0.027079456959125302,0.03680087819382879,0.034983210144189016,0.03553463618912821
14.303828575274412,1629573,0.031744068237143,0.018387427865831366,0.026295600175258192,0.03473358429100635,0.035256836036465206,0.03726278928547144
14.305363382049356,1632076,0.0381150589815125,0.018410981442732052,0.02548765904541437,0.03267917573183508,0.03513954934301497,0.03731525468109348
14.30689889568884,1634584,0.0347832814631528,0.018423749029129764,0.02465789912491241,0.03063019153617587,0.033319991042428145,0.03724868105906682
14.308433887656594,1637095,0.0333001454446261,0.018425694422267123,0.023809998202129277,0.028585551500446817,0.02947068176610815,0.03136843813512796
14.309968966642268,1639610,0.0232671035519869,0.018416819323426016,0.022946736067335737,0.026546295898598436,0.02461690695531392,0.022772178299094857
14.311504128637,1642129,0.014977462840871,0.018397138670840342,0.02207129512332698,0.02451961554340043,0.020405148224723165,0.016071385217224135
14.313038761618197,1644651,0.0148637079080105,0.01836670205404814,0.021187267610261434,0.022518821019932255,0.018026200463612318,0.015069668268373337
14.314574078608468,1647178,0.0220609368444824,0.01832554111412172,0.020297231853356225,0.020559452186864367,0.017820183484421034,0.021078205227731933
14.316109466686504,1649709,0.0246562213466549,0.018273741904437528,0.01940483801399324,0.018662706762697774,0.019426618693049107,0.02546055145955075
14.317644316676729,1652243,0.0248142447472112,0.018211427335334415,0.018513738085109914,0.01685117251759055,0.021756494349171606,0.02322475115626243
14.319179231753417,1654781,0.0217677748350596,0.018138695105705434,0.017626856442084452,0.015145486391374655,0.02306590154752651,0.021442545523956993
14.320714811392168,1657324,0.016522113425576,0.01805564640932491,0.016747084930741424,0.01356409230366289,0.021841201743756422,0.01856203696265005
14.32224984401307,1659870,0.0159158927364552,0.01796250194147082,0.015878289640530407,0.0121233180281764,0.018020225596290903,0.015109673246473335
14.323784930053575,1662420,0.0147493953083208,0.017859405553603408,0.015023212252712715,0.010832518241839768,0.013109540968781119,0.014051763335960369
14.32532006565914,1664974,0.0108660730263046,0.017746550635299847,0.014184838127922926,0.009696084228944302,0.008928082610000158,0.010989897045506807
14.32685524699258,1667532,0.0071550596764369,0.017624149080485204,0.013366028297113808,0.00871285323365557,0.0063395867068255125,0.00712009730377723
14.328389871465138,1670093,0.0052376896454806,0.017492484043729713,0.012569806175328699,0.00787698796918657,0.005136553005010407,0.005523269289586999
14.329925133730487,1672659,0.0043095538929938,0.017351700276640465,0.011798104841584665,0.007177702690633572,0.004738585615441344,0.0044593791655761755
14.331460430314376,1675229,0.0044204655704834,0.017202112286856037,0.011053617038520262,0.00660241238719728,0.004744142885434173,0.004187906301515599
14.332995161430812,1677802,0.004729938116532,0.017044064625644447,0.010338797460073625,0.006136788160388994,0.004997030271063632,0.0050965058907066286
14.334530516278424,1680380,0.0075294993971221,0.01687773205558356,0.009655065328825145,0.005765595591636566,0.005461342466561559,0.0066675325376681
14.33606589418958,1682962,0.0071654427242763,0.016703487723457332,0.009004460671676557,0.005474740365903684,0.006133030842244683,0.006653955556951258
14.3376006981681,1685547,0.0064011954073088,0.016521731621387602,0.00838874174566534,0.005251301543363753,0.006970949836485083,0.006723779200541853
14.339136111982093,1688137,0.0081436166718929,0.016332665696668427,0.007808722462650242,0.0050838718090521805,0.007797083655473113,0.007231781435540835
14.340670946297283,1690730,0.0088717596140614,0.016136792040359962,0.007265898984985494,0.0049633328240288686,0.00824851353806372,0.00807360164878225
14.34220579072208,1693327,0.0094969594984944,0.015934407978403186,0.006760843987121548,0.00488238551209637,0.007956806243663583,0.008502000375709348
14.343741231250148,1695929,0.0065430262556101,0.01572581360986304,0.006293944854222117,0.004835722759189378,0.006910646145519745,0.007125214344511257
14.345276084045068,1698534,0.0056278719769206,0.015511562334031314,0.005865877189285165,0.0048198345404464795,0.005611102268522886,0.005720706967290323
14.346811523879532,1701144,0.0047397129336863,0.015291893797273656,0.005476390670373182,0.004832669647145411,0.00468845368067188,0.0047848875779106705
14.348346370568445,1703757,0.0045273290583354,0.01506739033862665,0.005125630363303104,0.00487337987731969,0.004344361817146794,0.004363029463285933
14.34988179530528,1706375,0.004458712866556,0.014838303655769193,0.004812951201911383,0.004941961972368867,0.004306262541534024,0.00437813601749331
14.35141662154496,1708996,0.0044574513598044,0.014605240560048607,0.004538003645167753,0.005038619698111394,0.004334041785547282,0.00455510991862993
14.352952016912631,1711622,0.0051404050199227,0.01436846291056484,0.004299789693585451,0.0051633202132604795,0.00453662405044243,0.004705167489057791
14.354486808491927,1714251,0.0050701376090647,0.01412859734554173,0.004097518183796046,0.005314716374142605,0.005097019611188431,0.004903099827617411
14.35602216035057,1716885,0.0053729250780264,0.013885913909383889,0.0039298930930892605,0.00548967188355654,0.005903789114152036,0.00574268353239755
14.357556903189591,1719522,0.0088990993303857,0.013641054279832069,0.003795748478007283,0.00568200937899283,0.006640069918496073,0.006873550936633596
14.359092197530192,1722164,0.0070239874127192,0.013394294639697801,0.003693555081323326,0.005882469892160945,0.0071414560200193725,0.0075201287618846735
14.360627457453663,1724810,0.0076016140996349,0.013146192925509285,0.003621827402000727,0.006078107571115156,0.00751476559080796,0.007320300816625423
14.362162679507838,1727460,0.0071678774689873,0.012897217034316446,0.0035789275074264958,0.006253123864182335,0.007957622333948563,0.007654815855257112
14.363697860256677,1730114,0.0086667631850629,0.012647836457078827,0.003563141816112468,0.006390131344281092,0.008523286953931713,0.009309308420113346
14.365232419170072,1732771,0.0104970163636967,0.012398615041123225,0.003572692506399116,0.00647225928030766,0.008979094972625046,0.009476808261470415
14.3667680841745,1735434,0.0080431330396237,0.01214974181372223,0.003605797363385458,0.006485987642067242,0.008873180601674508,0.00833222589100062
14.368303120551571,1738100,0.0076467287957374,0.011901966650883276,0.0036606070750339822,0.006423953614778649,0.007929122844420116,0.007982121378128497
14.36983810203938,1740770,0.0063553523665828,0.011655662822492165,0.003735304301148102,0.006287866168004725,0.006493175685530157,0.006717389686675108
14.371373025281748,1743444,0.0053319104100108,0.011411294386126654,0.003828079738331061,0.006090277652635256,0.005395913934194113,0.005332986709504132
14.372908459635823,1746123,0.0052960354703869,0.011169231864587594,0.003937199249585419,0.005854960093009953,0.005163404010132313,0.005251015341855731
14.374443255503708,1748805,0.0056686447445383,0.010930111789293626,0.004060848877681151,0.005615927135346055,0.005482851743515366,0.0054859619312419994
14.375978554095688,1751492,0.0054896864770168,0.010694206390235515,0.004197445746679923,0.005413595259639616,0.005668991561278757,0.005535288616394844
14.377513779425213,1754183,0.0057690249907137,0.010462049778381352,0.004345339926364856,0.005290566733542029,0.00554776760814647,0.005594892807623335
14.37904892821885,1756878,0.0056938945576545,0.010234079080694316,0.004503003404206353,0.005285456291128676,0.005557180760041959,0.00566553707622602
14.38058399721874,1759577,0.0058044658225789,0.010010723395611872,0.004668993969081289,0.005427134750965335,0.005969179501301097,0.005878119705940488
14.382118983182524,1762280,0.0063513005751873,0.00979240298002836,0.004841960854528259,0.00572986592515322,0.006408880770556633,0.006865201321060531
14.383653882883316,1764987,0.0065946777408863,0.009579528453650461,0.005020648645219324,0.006190363439652954,0.006408742113538335,0.0065583735255626725
14.385189258816965,1767699,0.0066479705194733,0.009372424838502109,0.005203967760278689,0.006787645440591225,0.006216428484131099,0.006345790201044251
14.386723975505152,1770414,0.0069324353095751,0.009171634013329993,0.005390723088191709,0.007484452083789569,0.006671348758450444,0.006589073539222806
14.38825916031665,1773134,0.0085672322039851,0.008977385476139561,0.005580089249424506,0.00823362947872345,0.00823239625114262,0.009179756969562662
14.389794244382728,1775858,0.0119509102749509,0.008790119296653435,0.005771130103038511,0.008982803248324376,0.010379797589989338,0.011559527727061298
14.391329786801434,1778587,0.0116159917380036,0.00861012251208372,0.005963140189901014,0.009682514800654254,0.012105895168072365,0.011057340358104874
14.39286465909095,1781319,0.0106020216342213,0.00843786470488027,0.006155290457801688,0.01029117159776518,0.012844771971462447,0.012063889274119033
14.39439998176396,1784056,0.0144048717222668,0.008273542955072172,0.006347115539808118,0.01078125251786823,0.012817355458711668,0.012805608110509993
14.395934629818688,1786796,0.0121171819596983,0.008117585140568057,0.006537946349483833,0.011139708556282211,0.012624874069840943,0.012833159144329295
14.397469720353527,1789541,0.0144445476304139,0.007970169542831907,0.006727463671863769,0.011369006675522143,0.012728290105916194,0.014172010313601468
14.399005247726302,1792291,0.0143372354441715,0.007831581772295163,0.006915271097967786,0.011483600892073263,0.01323356087579144,0.0137076766496592
14.400540092138908,1795044,0.012645943874592,0.007702181626021884,0.00710089534834973,0.011506420711723996,0.013877051659491439,0.01282241782008076
14.402075365591616,1797802,0.0160277139029018,0.007582116823640796,0.007284185915042245,0.011464433734916657,0.014123654475011264,0.013807195212197497
14.403610507121089,1800564,0.0133037982899039,0.007471660025494239,0.007464834916113044,0.011384334077149259,0.013510501962677647,0.013187471675006009
14.40514551372401,1803330,0.0114057801131605,0.00737101691492924,0.007642642160902273,0.011289390036040379,0.012111709481325963,0.012050710665534531
14.406680382411755,1806100,0.0125189712642851,0.00728037453263109,0.007817442183892244,0.011197470272189907,0.010579387138862952,0.011803417140343627
14.408215663040291,1808875,0.0097998910218771,0.007199873794892507,0.007989161057268154,0.01112028239319931,0.009573569808256592,0.009962642695036016
14.409750798124564,1811654,0.0093307474024835,0.007129698152992809,0.008157626341079374,0.011063648956704347,0.009224117650015656,0.009105135871128593
14.411285784723871,1814437,0.0093083513369528,0.0070699769025845864,0.008322752901227524,0.011028130727019395,0.009279748901821833,0.009258802646846141
14.412821170201765,1817225,0.0097508431203654,0.0070208037963257345,0.008484534358057929,0.011010004009785638,0.009637539993158622,0.009646721497217077
14.414356399668694,1820017,0.0102643666294455,0.0069822917110004485,0.008642866863710026,0.011002272085075614,0.0104199742556882,0.01047637533492847
14.415891470231443,1822813,0.0127782758558588,0.006954509959093285,0.008797725737538056,0.010995684233974493,0.011535841603195382,0.012052598716447272
14.417426379011133,1825613,0.0128982196812435,0.006937507534200932,0.008949105369293052,0.010979979869762724,0.012494381181737983,0.012611503329666544
14.418961670064206,1828418,0.0125155810767017,0.006931312753762766,0.009097071758482848,0.010945381643459625,0.012831674263072187,0.013222152828659848
14.420496791941678,1831227,0.0148588202683644,0.0069359417572338366,0.009241604529410094,0.010884387868050478,0.0125607844312635,0.013446026819771289
14.422031741811525,1834040,0.0113418731864025,0.006951382214247996,0.009382759666844114,0.010793540988235248,0.012072835461207417,0.011404451340867525
14.423567061263904,1836858,0.0102735274392909,0.006977612577893451,0.009520664515192368,0.010674752681234231,0.011722809613655173,0.010940115867309924
14.42510165784412,1839679,0.0131102012587496,0.007014561104480607,0.009655324718610194,0.010535936953383266,0.011613568036084342,0.012050668214342596
14.426637159485374,1842506,0.0106817400788228,0.007062199287430419,0.009787011158117729,0.010389797748188444,0.011622508815074966,0.011630313453581733
14.428171932697191,1845336,0.0115018939952609,0.007120388636691841,0.009915738714548837,0.010252119075105703,0.011498455612192624,0.011700165715120722
14.429707059370434,1848171,0.0140252161852224,0.007189056712419047,0.010041782405600774,0.010137912145846206,0.011067187797279646,0.012990848063475306
14.431242534271634,1851011,0.0107970675107982,0.007268081107233703,0.010165351111618792,0.01005818923987072,0.010496573411269708,0.010676924519072336
14.432777273355535,1853854,0.0108195814852455,0.007357253386191177,0.010286596964793903,0.0100170162275638,0.010232207307792994,0.011101416759396122
14.434312353574926,1856702,0.0110604079823764,0.007456464271463724,0.010405870528134428,0.010010352526770638,0.01049230356722235,0.011078530325513196
14.435847769753352,1859555,0.0104893746191694,0.007565533189884926,0.010523458927736682,0.010027652327191165,0.01093777452364542,0.010454342330965344
14.437382979797468,1862412,0.010500363751452,0.007684217489866829,0.010639630481307932,0.010055820131050712,0.011043525674382128,0.010621642739544045
14.438917981044495,1865273,0.0107568649847659,0.007812289599381839,0.010754712867728717,0.010085191739722933,0.010730363124600146,0.010778299413380099
14.44045277084524,1868138,0.0107985861975014,0.007949504363997929,0.010869046105926842,0.010116002719911784,0.010412759427467654,0.010506751084585968
14.441987881035434,1871008,0.0106767178444417,0.008095651930960523,0.010983016569520925,0.010163564798216996,0.010455477130261927,0.010472950009937816
14.443523306533706,1873883,0.0106676762231537,0.008250462068843563,0.011096971196284666,0.010260370785335454,0.01080904324251863,0.0107197653344135
14.445058509447044,1876762,0.0112338934981293,0.00841358979932702,0.011211210996449235,0.010453837151616355,0.011210002257210683,0.01112111776241893
14.446593487188307,1879645,0.0127775071788549,0.008584724064639155,0.011326062101067732,0.010799511834352328,0.011543399397822413,0.01163832652886567
14.448128768383016,1882533,0.0120073358126821,0.008763602095938206,0.011441868037979424,0.011350771234510316,0.011934380734922286,0.012512202981425876
14.449663817641998,1885425,0.0134547298912685,0.008949825269447913,0.01155886127346712,0.012146031408740541,0.012643630878498638,0.012916144243316184
14.45119863242206,1888321,0.0140600907451396,0.009143039371823798,0.011677274075217209,0.013197685262258212,0.01396170714106264,0.01392293966518067
14.452733738951974,1891222,0.0174728632671675,0.009342947217970401,0.011797331981504868,0.01448463512679061,0.016044213102417458,0.017277896253021993
14.454269132281992,1894128,0.0195249678431801,0.009549175400108528,0.011919164059061469,0.015949284105576073,0.018657462282782505,0.01847241306781133
14.455804280345408,1897038,0.0145555287908799,0.009761264379087966,0.012042792628411802,0.017501557773132042,0.02110368794495565,0.01771933770531993
14.457339180659655,1899952,0.0234650325394954,0.009978811691748288,0.012168210122386072,0.01903060164877501,0.022557753594829366,0.02196517190942922
14.45887435627697,1902871,0.024699605804511,0.010201481938226708,0.012295375949081566,0.02041978228138881,0.022591674573922388,0.026018109394792363
14.460409277607084,1905794,0.0224959426806585,0.01042877924125896,0.01242408127882364,0.02156166920838595,0.02142793775321746,0.02263305096219679
14.461944466121205,1908722,0.019660241027332,0.010660352830019103,0.012554119744917725,0.022374798175982265,0.019737118965387497,0.020382447871754833
14.463479393874726,1911654,0.0201889230112553,0.010895687162109036,0.012685109612297144,0.02281277841369768,0.01822474271055602,0.01830211251667281
14.465014580762563,1914591,0.0160354505381142,0.011134418754797188,0.012816670897820891,0.022869857521903663,0.017355164878990356,0.015086391630462763
14.466550021984196,1917533,0.0163540083184243,0.01137609886273433,0.01294829314897505,0.022578108062110143,0.017334171999138236,0.016807897433664568
14.468084671352312,1920478,0.0192956059186229,0.011620106468407988,0.013079294301570291,0.02200058326527186,0.018195581397588204,0.02068646748320852
14.46962008861384,1923429,0.0210322886230254,0.011866229826531188,0.013209137502032392,0.02121847607654323,0.01980670049292648,0.01937684442118876
14.471155228414306,1926384,0.019492155761114,0.012113838924565773,0.013336993479215268,0.020320473013456786,0.0217632516722323,0.021158209284129894
14.472690088419125,1929343,0.0258394043324282,0.01236246641981927,0.013462061522794597,0.019389943361989615,0.023368595694746475,0.026033817271809485
14.474225183822416,1932307,0.0255853672325656,0.012611727552916514,0.013583531001894661,0.018496482329456183,0.02388021533216879,0.02333836791581944
14.475760509933435,1935276,0.0184411412799588,0.012861152383401669,0.013700507774904789,0.017691883447205983,0.022947714216759126,0.02116734096921795
14.477295546151757,1938249,0.021797433638041,0.01311018672073569,0.01381203475429584,0.017008888989690274,0.020883623007378175,0.021783729261309136
14.478830805338786,1941227,0.0173724698335456,0.013358444754845069,0.013917220550308805,0.01646206105086586,0.018469855089423327,0.018204457925575256
14.480365768511772,1944209,0.0157452354611975,0.0136053752541878,0.014015105603013086,0.016051850459410592,0.016461401974752196,0.016149446361960442
14.481900946981572,1947196,0.018176718150111,0.01385059554903102,0.014104818864196025,0.015767421357457068,0.01522713723811526,0.01640079961533268
14.48343582337796,1950187,0.0134152043540142,0.014093561547787119,0.014185463610616766,0.01559038211357288,0.014754171858592903,0.014410121720857516
14.484970907465986,1953183,0.014626430366547,0.014333896643813366,0.014256253365601287,0.01549688745448082,0.014808732518615843,0.014375461658017431
14.486506194682292,1956184,0.0178423977004576,0.014571146433496699,0.014316438967503814,0.015459855025614946,0.015041672472348284,0.016722001341018106
14.488041170067788,1959189,0.0146059151283255,0.014804785016957162,0.014365341320450675,0.015450661216100614,0.0150965200928324,0.015183041777022146
14.489576341079252,1962199,0.012828686591852,0.015034450046607774,0.014402417063256304,0.015441158894794624,0.014807804100235158,0.013579055960981712
14.491111703208103,1965214,0.0139739163689188,0.015259706766337545,0.014427213187448093,0.015406031191545563,0.014319979609467124,0.014330404175760654
14.492646743895223,1968233,0.0142465330059012,0.015480056429387951,0.014439398750976601,0.015325292061349003,0.013963062295766689,0.013764888547534217
14.494181968299372,1971257,0.013964065518565,0.015695157206954396,0.014438789031072862,0.015186406128100826,0.01403316509034912,0.013881975935079992
14.495716865453918,1974285,0.0162800208433697,0.015904533330587056,0.0144253370295047,0.014985746589874232,0.014687287528228508,0.017183426395123942
14.497251938990198,1977318,0.0188002698287555,0.016107860085235026,0.014399137859515677,0.01472850557165956,0.01586401852017623,0.01772170252040317
14.498787184488796,1980356,0.0151968116952276,0.01630475191290636,0.014360434360172779,0.014427577774694653,0.017124198746921327,0.014655287156540017
14.500322093364186,1983398,0.0146076203832583,0.016494773981330133,0.014309637967618694,0.014101223689579376,0.01769273454783442,0.014839512761020962
14.501857166967016,1986445,0.0177511188447123,0.016677631693805824,0.014247277831770523,0.013769686000788501,0.0169800690167014,0.018036529879694736
14.50339240093142,1989497,0.0176006710688083,0.016852977893960522,0.014174036231008443,0.013452451406454648,0.015176098712687353,0.017902568495458168
14.5049272890418,1992553,0.0130974525227675,0.017020426050103756,0.01409075897417961,0.01316576770067547,0.013171450844633828,0.01361418301254651
14.506462831477153,1995615,0.0114162193393753,0.017179767427568847,0.013998332870341738,0.012920727645815368,0.01178569240782565,0.01131229723459714
14.50799752062834,1998680,0.0110617683959254,0.017330547315094168,0.013897904993629836,0.012723387430120815,0.011194015270541964,0.011115561355853254
14.509532855497635,2001751,0.01240938781054,0.017472630673568496,0.013790530324003392,0.012574175273110784,0.011145050993931718,0.011501561381733102
14.511067831914549,2004826,0.0114358351412732,0.0176056546506645,0.013677508005945672,0.012469374482950941,0.011515289791469303,0.011675765744439362
14.512602945949002,2007906,0.0118941721682403,0.017729413685513656,0.013560095225778382,0.012401598579382323,0.012380812905861543,0.011830630348744436
14.514138193359392,2010991,0.0142471861528032,0.017843671913274566,0.013439625913601304,0.012361002294982064,0.013606455870234827,0.013201222340845802
14.515673073418125,2014080,0.0150619438837635,0.017948179157881432,0.013317496174200767,0.012336308581046883,0.014650714068508958,0.015867631475606103
14.51720857569129,2017175,0.014022556268969,0.018042803487806795,0.013194984863016342,0.012316035445593667,0.014941242143579963,0.01596038067733143
14.518743703742988,2020274,0.0147901817887012,0.01812730293161321,0.013073509595088588,0.012290037320967985,0.014374761503038815,0.014277201537510711
14.520278455683291,2023377,0.0133074264413571,0.018201525732391727,0.012954367489809165,0.012251086484283994,0.013369325469685217,0.013381327854371149
14.521813816563768,2026486,0.0120534985871496,0.018265377387493897,0.012838721676218022,0.012196271521318856,0.012464110809212085,0.012185088741619481
14.523348794559164,2029599,0.0117581170130904,0.018318694153514926,0.012727809158691537,0.012127869183146659,0.011938913276070579,0.01165930071988663
14.524883879772768,2032717,0.0117198281078322,0.01836139548837184,0.012622661090720076,0.012052930964624859,0.011762682293675908,0.01200092489980868
14.52641906810286,2035840,0.0127408473800186,0.018393398684885903,0.012524238712621441,0.0119817891890396,0.011780395878548972,0.012201744730020378
14.527954355465807,2038968,0.012012292960178,0.018414641271618758,0.01243338334237762,0.011925470651323716,0.011871055375194228,0.011955383403048296
14.529489248104152,2042100,0.0120808273137436,0.018425079536025436,0.012350831812026458,0.011892831998277264,0.011973713056237265,0.012037775792350928
14.531024233164567,2045237,0.012159680607033,0.018424700326929788,0.012277129089206234,0.011888381042571512,0.01205741909289646,0.012106248080330916
14.532559306614056,2048379,0.0121930129188775,0.018413502448408094,0.012212710929184455,0.01191193932071327,0.012113578229452662,0.012107295554334731
14.534094464437493,2051526,0.0122217713136513,0.018391505190004164,0.012157873059727313,0.011960576063962752,0.012159166956147126,0.012198797845244597
14.535629702637587,2054678,0.0125685104974887,0.018358748297317293,0.012112773844991789,0.01203275743082209,0.01222345110168239,0.012404654803161143
14.537165017234836,2057835,0.01287638856825,0.018315291903203187,0.012077440069407905,0.012133633602091203,0.012350266309509552,0.01260912121799026
14.538699919065278,2060996,0.0130814510544123,0.018261235175128582,0.012051782333234704,0.01227960830308777,0.012637707473375132,0.012922415079982725
14.540234890875633,2064162,0.0129968074630172,0.01819666644300321,0.012035580965291127,0.012500334392314811,0.013232822784481481,0.01290870024626545
14.541769928736098,2067333,0.0133038167974988,0.018121706042948455,0.01202853219492994,0.012836078970339972,0.0141888299333759,0.013631363833561002
14.543305028734451,2070509,0.0155128326556332,0.018036494009130603,0.012030251846044192,0.013330160025318229,0.015290158110689643,0.016389758693105213
14.544840186975996,2073690,0.0174852094262196,0.017941189811974588,0.012040293669015644,0.014017182204554198,0.016103862605038884,0.016465490274846572
14.546375399583509,2076876,0.0144246715608372,0.017835972058921082,0.01205816914220866,0.014909524068625285,0.016311157815281266,0.015127399012916284
14.547910662697182,2080067,0.0171904162864918,0.017721038158297835,0.012083368278447108,0.01598559973397452,0.015994321626169965,0.016370992310766913
14.549445492458272,2083262,0.0163078155450509,0.017596644311645676,0.012115369917221362,0.017183258338656214,0.01555825965208292,0.01704368159793444
14.55098084581074,2086463,0.0165791708998333,0.017462946438324415,0.012153705227510959,0.01840352937526681,0.015422342020773883,0.01584030652672096
14.55251575964809,2089668,0.0158421476217409,0.01732027931414252,0.012197903471417392,0.019519667442944363,0.01587418739455461,0.015252169841909972
14.554051188003507,2092879,0.0149860948259254,0.01716882236491127,0.012247606802644626,0.020399782253900958,0.017120326826318193,0.015450001794015554
14.555586170745702,2096094,0.0193976554085002,0.017008954836141864,0.012302478601852728,0.02092841546203256,0.019192483036575794,0.0190153458239397
14.557121182659806,2099314,0.0252116322859323,0.016840931735584846,0.01236232350245977,0.021031921727929295,0.021653866063497354,0.025912484808791453
14.55865622000322,2102539,0.0239856088818469,0.016665069389269975,0.012427040464204633,0.020694082591384357,0.02356531484436895,0.025042945724244765
14.560191279050356,2105769,0.021924734126198,0.016481698983793754,0.012496647912054319,0.019962352691052117,0.024024887732869076,0.021797289764104305
14.561726356092588,2109004,0.0228036801448329,0.016291165936672788,0.012571290918910372,0.018940865463786632,0.022838030140500173,0.021916262246741373
14.563261447438208,2112244,0.021088631347179,0.016093829239327347,0.01265124480056076,0.017771598941025396,0.020619010902805365,0.020271711870024054
14.564796549412362,2115489,0.0194129611904982,0.015890060773974236,0.012736914912576034,0.01660775340959729,0.018261018368059743,0.018629705096521496
14.566331658357008,2118739,0.0172580913039848,0.015680244605751962,0.01282883252034803,0.015585409567218296,0.016364480075155282,0.017555427175716204
14.56786677063086,2121994,0.0149864459469076,0.015464776251461337,0.012927646699865271,0.014800016346841057,0.015091153666312512,0.014918569150003093
14.569401882609348,2125254,0.0142184478558825,0.015244061926336757,0.013034112316334959,0.014293031052520772,0.014367150266765593,0.01418596551267741
14.570936990684546,2128519,0.0143233905596443,0.015018517770320197,0.013149074218506942,0.014051406988643126,0.014109774904399137,0.014343908549623271
14.57247209126514,2131789,0.014462857722489,0.014788569055336927,0.013273447876586651,0.014019302774348347,0.014276415757449975,0.014312576444229732
14.57400718077637,2135064,0.0151993641202709,0.014554649375118939,0.01340819677891522,0.01411828525698628,0.014737905565407983,0.015249654307139624
14.575542255659974,2138344,0.0153212112894753,0.014317199819149277,0.013554306985248043,0.014270270078550779,0.015171657579337198,0.01533159988765993
14.57707777930832,2141630,0.0151584926111784,0.014076594543786706,0.013712809483950004,0.014417080730951933,0.015231739291715484,0.015275504767007817
14.578612813611445,2144920,0.0148217923850184,0.013833433656310873,0.013884553951688696,0.014531517934279922,0.014936501790581638,0.014962500694541385
14.580147822711782,2148215,0.0149355351298381,0.013588102812810319,0.014070466870164368,0.014618346462261664,0.014774385921064295,0.014928951085999422
14.581682803116571,2151515,0.0150596022931036,0.013341064564885279,0.014271331151233925,0.014705133865155694,0.015211726848575772,0.015331122011515146
14.58321821542508,2154821,0.0159554668154367,0.013092709441946453,0.014487868983232625,0.014827293464788968,0.016096399500556954,0.015644362611705296
14.584753127313668,2158131,0.0159583832686507,0.01284365584059872,0.01472044463198644,0.015011910817838325,0.016749806179210118,0.016590649444572423
14.586288462779953,2161447,0.0174051650981342,0.012594223022187523,0.014969505694165709,0.015266130830698265,0.01671139259764217,0.016900353634647525
14.587823292380032,2164767,0.0162964907653619,0.012345031498398914,0.015234993738768889,0.015572397987221234,0.016201849756215244,0.016266961373729925
14.589358537300605,2168093,0.0163548702717476,0.01209640102871355,0.015516921209805462,0.015893283149375024,0.015759086171305278,0.016028679365558837
14.590893731495818,2171424,0.0160980642455644,0.01184887549008076,0.015814803153307546,0.0161818483989929,0.015620144481476344,0.01587304582722438
14.592428871588895,2174760,0.0158857980092385,0.011602921426294571,0.01612795579183519,0.016395873955929917,0.015657357929718806,0.015713533187088104
14.593963954218957,2178101,0.0158351382098519,0.011359002323777411,0.016455407131428006,0.016509901953621557,0.0157778046250433,0.01579861981491193
14.59549897604095,2181447,0.0159238125118306,0.011117577730667865,0.016795890139184196,0.016521773193961968,0.016080804261170874,0.016180906544738728
14.597033933725614,2184798,0.018462414750327,0.010879102383812551,0.017147841295194755,0.016451701574239995,0.016585733530083555,0.01753488992294374
14.598569280965547,2188155,0.0173631076057467,0.010643955900911281,0.017509513645879684,0.01633453929795262,0.01704547461741867,0.017273121480601877
14.600104099749782,2191516,0.0165178594923788,0.010412721016389301,0.017878552919655188,0.016208448872672226,0.017173118806898792,0.016642605611498662
14.60163930010948,2194883,0.0177057097169252,0.010185695569488026,0.01825277218730078,0.016103646949232022,0.01695230874504419,0.016723186116241816
14.603174421775226,2198255,0.0171532119078685,0.009963376346191103,0.018629409940955646,0.016036238359411044,0.016613241977206334,0.01705497050462144
14.604709461499253,2201632,0.0168982624705291,0.009746181675308841,0.019005594971724778,0.01600880273808336,0.01636937480226924,0.016932903028399802
14.606244416049275,2205014,0.01650418097167,0.009534520080901793,0.0193782696231751,0.01601843046139947,0.01627236733248008,0.01630425308043066
14.607779735024652,2208402,0.0163881257730056,0.00932872972655046,0.019744333338609768,0.016069471795482577,0.016278827897812972,0.01620229682989453
14.609314961018615,2211795,0.0169244446758534,0.009129261022631594,0.020100356608513694,0.01618654512207985,0.016350614652301466,0.016400250301608514
14.61085009084834,2215193,0.0163139961877014,0.0089364888337826,0.020442957126047726,0.01642288976895511,0.016481012654385327,0.01652002433151656
14.61238512134628,2218596,0.0168720181514137,0.008750775241376765,0.020768736528164772,0.016859994106450865,0.016699842471257165,0.016680634989996848
14.613920049360113,2222004,0.0180882914097604,0.008572468861118135,0.02107433019996102,0.01759683289525763,0.017110798555672095,0.018371182928868093
14.615455321106566,2225418,0.0184708158143436,0.00840185541369796,0.02135653720658801,0.018730441158390506,0.0179496403606419,0.01894008008363357
14.616990482731335,2228837,0.0195050249702079,0.008239308363077985,0.021612118516560676,0.020330257597814462,0.019608824594668513,0.01800922333501899
14.618525531130787,2232261,0.0198406461366668,0.008085132340097641,0.02183811544579687,0.02241500564239981,0.022511237589456484,0.02109723412390146
14.620060463216316,2235690,0.0281466440422271,0.007939616034511454,0.0220318063707493,0.02493596499588568,0.026744667949864895,0.027614279529170276
14.621595722517403,2239125,0.0286727826715026,0.0078029932349604385,0.022190794935634237,0.02777324802814104,0.031671314071373344,0.03162220035285
14.623130858002265,2242565,0.0401405859722419,0.007675563103431196,0.022312909010460832,0.03074272185897706,0.0359879319952881,0.038214311582085755
14.624665866630364,2246010,0.0462095173871848,0.0075575635705870505,0.022396406471892043,0.03362066019655452,0.038440040518745444,0.04162597324699085
14.626201189927032,2249461,0.0353034357307865,0.007449184674753859,0.022439955670924366,0.03617473252755223,0.03865152050209065,0.03742440244071806
14.627735935097492,2252916,0.0404698499040042,0.0073506909341545055,0.022442626166105366,0.03819461067183586,0.03732151109221291,0.0358598828003529
14.629271430756107,2256378,0.0304167188794304,0.007262184304766117,0.022403953900927687,0.03952640444220604,0.03566332186733202,0.03407372697584313
14.630806342317356,2259844,0.0331576272665547,0.007183909939764259,0.022323979913504266,0.04008666199331395,0.03467727821840078,0.03262495446994874
14.632341552516383,2263316,0.0349525834022148,0.007115967401174979,0.022203167493085034,0.03987407465333747,0.0347701102934616,0.03769097430651209
14.63387661521919,2266793,0.0398102605444982,0.0070585058809787965,0.022042529730741056,0.03896102153608581,0.035724601740992734,0.03915490886169321
14.635411527494526,2270275,0.0368495716800373,0.007011630616911106,0.021843543822541937,0.03747756923345165,0.036820325340567596,0.035131197607143685
14.636946726225284,2273763,0.0353728017289966,0.006975417948485489,0.021608083061889535,0.03558724547239892,0.03714188785060645,0.037389258458420324
14.63848176736042,2277256,0.0402778374779358,0.006949947871764107,0.021338595658008858,0.03346382632537744,0.036084473232809264,0.037504536920106815
14.640017086466637,2280755,0.0311241445978598,0.006935262395367377,0.02103780980214364,0.03126736872299094,0.033737028666500204,0.03070562423859923
14.641552240877184,2284259,0.0268731338881457,0.006931394599976399,0.02070900696498325,0.029130709579669574,0.030782603164524004,0.028781198090280135
14.643087227739242,2287768,0.0290851947879313,0.006938348264979041,0.020355744313633278,0.02714918433653681,0.028006851605078403,0.029904178868599342
14.644622480650993,2291283,0.0254122768338359,0.006956113299785326,0.019981772564635413,0.025379449137284328,0.025867573474840314,0.02839245120530375
14.646157559012469,2294803,0.0258891195632294,0.0069846521236159274,0.019591304144853754,0.023845139517907243,0.024398840355099496,0.025685065813685168
14.64769246001662,2298328,0.022382107487782,0.007023907253764525,0.019188651481988707,0.022542466868683934,0.023353758694328763,0.0220841487391246
14.649227615302028,2301859,0.0197571870439827,0.007073816613249827,0.018778149809031537,0.021448878218258235,0.0224134775976084,0.020491369040523906
14.650762586325667,2305395,0.0228643735520917,0.007134272714883833,0.018364447549891152,0.020531820019384597,0.021373290736509808,0.021995365873316654
14.65229780342564,2308937,0.021249236773493,0.007205179290169462,0.01795198315439877,0.019753935961288414,0.02023747781458116,0.02141269757213221
14.653832829425864,2312484,0.0189874033371414,0.007286383211395528,0.017545388666449106,0.0190790505254361,0.01916447203856983,0.01884584912846081
14.655368093367793,2316037,0.0184383085052359,0.007377754708388361,0.017148966201344304,0.01847486273648087,0.018310898456039594,0.018315207571655022
14.65690315943804,2319595,0.0189873099386469,0.007479096205463489,0.016767084646936437,0.017916309543445266,0.017720838601434922,0.01824800220718205
14.65843845538526,2323159,0.0174705115871217,0.007590245380062123,0.01640367990336704,0.017386624535602205,0.017319240014899324,0.017513206594508002
14.659973546754518,2326728,0.0171363667943613,0.00771096174065131,0.01606262900487456,0.016878891735258646,0.016969091895776937,0.016933151138822426
14.661508430876657,2330302,0.0175303069306498,0.007841013968144454,0.015747380814095924,0.016395494373226148,0.016551215240556902,0.01625735049233887
14.663043533566873,2333882,0.0170755893395844,0.007980193357172127,0.01546094766457369,0.015946915249411768,0.01604839550757383,0.015933375711335816
14.6645788502117,2337468,0.0152839518649597,0.008128241214185702,0.015206048081016096,0.015549653075961185,0.015565543538634504,0.015926604055347827
14.666113949060202,2341059,0.0159542654110161,0.008284837112349536,0.014985033427270714,0.015222935145181457,0.01523516692032648,0.015415782815151833
14.667648827503902,2344655,0.0152473930319789,0.008449682318955657,0.014799719883121117,0.014984903127876809,0.015094486801002428,0.015157542660779106
14.669183908795574,2348257,0.0152021345662402,0.008622511752720788,0.014651421109619447,0.014849452937909754,0.015073679436682069,0.015161343257959264
14.670719188394145,2351865,0.0152127915497646,0.00880300253796519,0.014541043733033079,0.01482401812558704,0.015088707635026385,0.015174733455117002
14.672254237235697,2355478,0.0153793817329357,0.008990764163662263,0.014469033396942162,0.014908371211396603,0.015107199000010054,0.015370553578270359
14.673789476662714,2359097,0.0152534998557429,0.009185494259221832,0.014435315050131547,0.01509503808820036,0.015133937969972512,0.015207979383646526
14.675324478948522,2362721,0.0153393715553577,0.009386771640314442,0.01443938575994999,0.015370769392059462,0.015191470778140325,0.015340874444533413
14.676859664165804,2366351,0.015385580601431,0.009594271990412642,0.014480296777694345,0.015719040634103825,0.015342827780790167,0.015392142500801021
14.67839460592087,2369986,0.0162464299911542,0.0098075466822635,0.014556675772375505,0.016122246908375423,0.015696493733408035,0.016860369333498524
14.679929723020445,2373627,0.017886101767967,0.010026251911959518,0.014666802730229266,0.016564234486617094,0.016344728339935555,0.016718511571915312
14.68146501104954,2377274,0.0165019986336426,0.010249976989608228,0.014808606892386942,0.017031460978500404,0.017286155665686777,0.016512561280065848
14.683000045607614,2380926,0.0177519017298767,0.01047823844376682,0.014979663156323571,0.017513552918790733,0.018409236559986636,0.01786831199713479
14.68453524361095,2384584,0.0189383679533103,0.010710667991258381,0.01517737447356887,0.018003466942753604,0.01953929532773365,0.01962199338148443
14.686070181981565,2388247,0.0213583547010214,0.010946763629596857,0.01539883355057444,0.018496052071469468,0.020491929393892848,0.021389385268777077
14.687605276379186,2391916,0.0224596076603321,0.011186144346465168,0.015641086258357133,0.018987243747828147,0.021109329014947907,0.0221699587168011
14.68914052247776,2395591,0.0207838165651194,0.011428359641417718,0.015901014493143302,0.019472180631384436,0.021293739509252348,0.020394911844542427
14.690675499176798,2399271,0.0202947770270499,0.01167288674889137,0.016175360431423938,0.019943877493786635,0.021056312614449395,0.020615127662887568
14.692210620259708,2402957,0.0215524654564815,0.011919330832609182,0.016460999089860498,0.020392696429553634,0.020547300502804428,0.022588196108549077
14.693745881453737,2406649,0.0194358957262307,0.01216722761407734,0.01675476988184368,0.020805676395072914,0.02001965411395464,0.019945267598043652
14.695280863626602,2410346,0.0177786903669612,0.012416042515716742,0.017053509024322594,0.021167113646098298,0.019736660665013724,0.017737885892546216
14.696815978693756,2414049,0.0199299614600749,0.012665373631935211,0.017354334873258957,0.02146026217178241,0.01989869954770953,0.019685009806818914
14.69835122243528,2417758,0.0234458921346913,0.012914750856698796,0.017654445127645888,0.021669119801052288,0.020621328215595265,0.023160737800194953
14.699886177677833,2421472,0.0240127814375195,0.013163636943432682,0.017951150385496904,0.021781078379559907,0.021882716336813168,0.02398105589685812
14.701421254477255,2425192,0.0235305429158082,0.01341162980301457,0.018242144958539153,0.02178953895998148,0.02339354819350813,0.02305050351544282
14.702956448666011,2428918,0.0218860451893749,0.013658261550701422,0.01852528764796948,0.021695677668395797,0.02454215752076766,0.02193550626147059
14.704491345020417,2432649,0.0239380674480451,0.013903001446829976,0.018798630528049764,0.02150944517459534,0.024647564515064453,0.023369517961425078
14.706026762188976,2436387,0.0239475690548459,0.014145518595173486,0.019060723413881805,0.02124886673942611,0.023449525149687237,0.02493224751031073
14.70756187453865,2440130,0.0236499374642072,0.014385225482008997,0.01931011780005213,0.020938635405331443,0.021388982747606314,0.021812422446822816
14.70909667986073,2443878,0.0190985656379005,0.014621672184165845,0.019545808197996152,0.020606976150448292,0.01932459615182818,0.0197163860547504
14.710631993074829,2447633,0.0190760536632423,0.014854538267565987,0.01976719490587094,0.02028237089330568,0.017918517749323442,0.019143841963849592
14.712166992373987,2451393,0.0170020111330061,0.015083260007418673,0.019973719847243752,0.019991211590892538,0.01731597490941881,0.017071058134317484
14.71370208289766,2455159,0.0166348310440896,0.015307467970021157,0.02016527938075101,0.019755137780799455,0.017386885767211334,0.016518481297508724
14.715237260617569,2458931,0.0180350167867461,0.015526738574081,0.020341971235609622,0.01959044974598536,0.018130868033205294,0.018240692236030424
14.716772521523312,2462709,0.0207899331739331,0.015740657471298186,0.02050413923810035,0.01950808404759515,0.019664585335918385,0.021206317781406702
14.718307456188274,2466492,0.0210504433939088,0.01594876616667612,0.0206523172161159,0.01951423405851954,0.02180647849959421,0.02231425936551824
14.719842467315578,2470281,0.0218962426752244,0.01615072882753385,0.020787327250090807,0.019610940239674565,0.02385815994817405,0.023227399016711777
14.721377550945355,2474076,0.025055643271491,0.016346163767800643,0.020910131109121294,0.01979616961473138,0.024976755254518902,0.024318138991551056
14.722912703135403,2477877,0.0249771883755792,0.01653470157310395,0.021021852455358835,0.02006298926238457,0.024806345120625642,0.0256031847953369
14.724447919961136,2481684,0.0256710632431215,0.016715985808514786,0.02112375404882763,0.020398151732877543,0.02370279963556238,0.025068341129120084
14.725983197515532,2485497,0.0209518720874397,0.01688967370154132,0.021217215355462164,0.020780671557303995,0.022369730411027064,0.02165517738386386
14.727518130192228,2489315,0.0209664103029092,0.017055394492378105,0.02130368919713476,0.021181141731487052,0.02134942469405726,0.019953675596806525
14.729053117068508,2493139,0.0223785679926564,0.017212881498850707,0.021384749626213007,0.021563131857842137,0.02081228905502181,0.021177261360979215
14.730588554772435,2496970,0.0213507889227449,0.01736187469539585,0.021462021431626396,0.021886082621730852,0.02063323094957276,0.022312229101497574
14.732123637878717,2500806,0.0216237530160119,0.017502014599322106,0.021537109643688202,0.0221101257296932,0.020530751018325046,0.020821252274694228
14.733658763665312,2504648,0.0190092432853982,0.01763307626058873,0.021611705571075897,0.022202745952734575,0.02022842838778398,0.019535859023412306
14.735193529681416,2508495,0.0207683091670155,0.01775478144955662,0.02168747354248002,0.022144372567862197,0.0196550350433899,0.019855691997555252
14.736728730040934,2512349,0.0191559702920987,0.017866963256588295,0.021766140720260913,0.02193260692024195,0.019015031971043563,0.01938042272104419
14.738263961714964,2516209,0.0185402616804881,0.01796937663476075,0.02184937200347404,0.02158366646352815,0.01861825316430179,0.01809688615210056
14.739799220949491,2520075,0.0184648404538398,0.018061827893887484,0.021938842482023463,0.02113028772706328,0.018696390755868833,0.018650970793038953
14.741334107802643,2523946,0.0211821253938858,0.01814412226634433,0.022036187935538708,0.02061665411265133,0.01943592638546965,0.020512500250128636
14.742869411572116,2527824,0.0216110334584282,0.018216146626846758,0.022143105128204405,0.020090658118771795,0.020979547950708742,0.02097915778143016
14.7444043367509,2531707,0.0223142222722023,0.018277727690178526,0.02226116848796556,0.019597345572922066,0.023079615965110763,0.02261775684884039
14.745939275855015,2535596,0.0252309215126874,0.018328768978646284,0.022392016785249796,0.019171968053618274,0.024807037961672405,0.025404506308962994
14.747474618992053,2539492,0.0244087799217892,0.018369183025936913,0.02253728484187528,0.01883729640557267,0.025031015416565137,0.02478776929201417
14.74900957434356,2543393,0.0239907467018736,0.018398872740558767,0.022698476710459558,0.01860405575802535,0.02345783468294161,0.023578895194422918
14.750544925228017,2547301,0.0212641329382941,0.018417797267700417,0.022877235778018815,0.018473685071149836,0.021012580131604945,0.021349804005318388
14.7520798822766,2551214,0.0189223920532966,0.01842591123399439,0.02307501011111153,0.018443951923660412,0.018990565980553577,0.018432711018789676
14.75361483505966,2555133,0.0180687770382313,0.018423205624435255,0.023293357811611286,0.018513947040505276,0.01796298309771173,0.018123696365109465
14.755150170757346,2559059,0.018698416539378,0.01840968084985288,0.023533827094388206,0.01868809199118982,0.017676011165172846,0.018346811914252897
14.756685103660876,2562990,0.0176400105141612,0.018385369501592388,0.02379774091927618,0.018977031688627282,0.01775533842286932,0.0176570550363133
14.758220411154502,2566928,0.017698204091135,0.018350305355900928,0.024086629515042902,0.019396198689587144,0.018124024265481303,0.017913495681918943
14.759755309960044,2570871,0.0205762306149692,0.018304572664041945,0.024401677820544528,0.019961010481454995,0.018778437559555453,0.019699189226629405
14.761290575100617,2574821,0.0185650167059851,0.018248234911184363,0.02474429694767123,0.020682463386358586,0.019551573522909125,0.019431905970414887
14.762825813501832,2578777,0.0210335807899087,0.018181409099836805,0.02511556120050742,0.02156147346350264,0.020275668885365937,0.019406980280172376
14.764360634490464,2582738,0.0221857652153128,0.01810424257584692,0.025516393033408795,0.022586364995976257,0.021037110884670487,0.02152595624540693
14.765895809561243,2586706,0.0226084319123438,0.018016842514457204,0.025947873088138423,0.023733908955306943,0.02219354743038268,0.02273921452055558
14.767430947478504,2590680,0.02377731008148,0.017919392593291984,0.026410605438152213,0.024970796745453345,0.024221120522079444,0.02469392955296668
14.768966044803497,2594660,0.0278572193706884,0.0178120772894571,0.026905084876967182,0.026259949705098505,0.027461275882035823,0.028314008942067204
14.770501098113549,2598646,0.0334241709919988,0.01769509971810114,0.02743156808527089,0.027566640926879056,0.0317119064721653,0.0305637385158024
14.772036104002035,2602638,0.0322443289469101,0.0175686812418497,0.027990041415626908,0.028864526923032867,0.03594626118004908,0.03572863709549908
14.77357144271445,2606637,0.0390605801428973,0.017433026019618797,0.028580339908044962,0.03014046764597369,0.03868677557608964,0.03945985981465301
14.77510634301537,2610641,0.0373049587102779,0.017288458503679324,0.029201517219972415,0.03139549540443185,0.038971258124369974,0.03610789374123535
14.776641568231565,2614652,0.0348057188125579,0.017135180065994453,0.029852867012561964,0.03264681953773165,0.03706361673323461,0.037212192692032804
14.778176731386628,2618669,0.0420367931639774,0.016973515735727987,0.030532827447170244,0.033923218967762195,0.03421918374242856,0.03855299402666641
14.779711829156092,2622692,0.0322707585898556,0.016803771319687216,0.031239569282110843,0.035262260773004074,0.03183658407938476,0.032074276797073885
14.781246858231205,2626721,0.0304100271875054,0.01662626784136324,0.03197082320647365,0.03670491348601525,0.030844393608345656,0.030150611165730472
14.782782195437685,2630757,0.0314343587302929,0.016441294237818455,0.03272405228583436,0.038290345342977566,0.031676602530291996,0.03171475994518275
14.784317076677487,2634798,0.0310238506768099,0.016249291830709736,0.03349568918428446,0.04004849486513535,0.03446952361167858,0.030642988569073437
14.78585225834505,2638846,0.0366433176521725,0.01605052867141268,0.034282448212254096,0.041997151169863044,0.039053781822149955,0.03788801408696424
14.787387357077977,2642900,0.0546992947190329,0.015845427206739725,0.03508000183064903,0.04413361876225884,0.04475733081819395,0.05296068357735899
14.788922369648136,2646960,0.0506253331556514,0.015634375080085874,0.0358837508871834,0.04643194560698308,0.05038147263465656,0.05325733212469706
14.790457670055208,2651027,0.0513129145476781,0.015417717195159117,0.036688850856592736,0.04884034815512226,0.05456914394330619,0.04988518864491495
14.791992876732303,2655100,0.0513657173963774,0.015195914334844766,0.03748964103770709,0.051279249979973296,0.056424976680631844,0.05449736779663836
14.79352798650017,2659179,0.0570202795421212,0.014969385581935725,0.03828027506698741,0.05364627095881613,0.05600039554712976,0.05509646403461671
14.79506299619482,2663264,0.0557561759145571,0.014738558822189884,0.039054565919907885,0.05582273804561833,0.0542878930735753,0.05476809816676461
14.796597902667472,2667355,0.0567460090434504,0.014503869926704558,0.039806036615164214,0.05768426102354575,0.05274138705640374,0.05675127827333251
14.798133077112718,2671453,0.0547712426825186,0.014265703463768523,0.04052815065666687,0.059114036038794775,0.05266415481041141,0.05245147225784483
14.79966814093564,2675557,0.0513310659648096,0.014024566055134552,0.04121384215203705,0.06001538567324834,0.05476921681150282,0.051607616782518774
14.80120346421619,2679668,0.0632241014714177,0.013780853312922456,0.041856289210679784,0.060325317246366646,0.05889297500168872,0.05998580837807414
14.802738296935122,2683784,0.0687587466454539,0.013535143603985554,0.042448190854370293,0.060022435918738015,0.06378317233737418,0.06465569493965381
14.80427338181236,2687907,0.0712733337061123,0.013287781198178042,0.04298291250400838,0.059130493530513466,0.06728267539600444,0.06685226977096229
14.805808714080236,2692037,0.0703506174577394,0.013039231952065125,0.04345364139638043,0.057715688703275786,0.06728781703391884,0.07036716787992314
14.80734391809505,2696173,0.0650751454233749,0.012790024595551504,0.04385371300769517,0.055879680008237266,0.06313360567385283,0.062438784711507586
14.808878990836195,2700315,0.0473122776207116,0.012540629040358455,0.044176936096782936,0.05374700484067132,0.056194255022641484,0.051631921172687105
14.810413929297834,2704463,0.0529261445180799,0.012291515351175524,0.04441754638172301,0.05145148100544392,0.04901590854006855,0.049523013335991545
14.811949099680849,2708618,0.045011361181032,0.01204309323474487,0.04457032139411221,0.04912223130564554,0.04379065682191703,0.046604869381252044
14.813484128684276,2712779,0.043328875897246,0.011795890871322143,0.04463054354020119,0.04687419979959198,0.04149640975474396,0.04246800042609679
14.815019381409243,2716947,0.0412588467679625,0.011550315127481402,0.04459422697638869,0.04479811738352145,0.04192931648606762,0.043547788181008074
14.816554485721912,2721121,0.0399619199634477,0.01130688804688074,0.044458138139237054,0.04295846252784366,0.043951540591916874,0.04240463050401869
14.818089438694964,2725301,0.0392140816602616,0.011066067768290734,0.04421989764312488,0.04139097691414703,0.045736783850261184,0.04079809167963786
14.819624603784684,2729488,0.051807879505929,0.010828250918681559,0.043877919840987524,0.04010449247992371,0.04549973022098927,0.04702863232156006
14.821159610599707,2733681,0.0468538161837638,0.010593942767263623,0.04343169507045589,0.03908479616735896,0.04260346228491077,0.047363845814076204
14.822694821504715,2737881,0.0389575785146936,0.010363529418330034,0.04288150248817938,0.03829688723991749,0.038013677408072676,0.036839154169284884
14.82422986726626,2742087,0.0350287586660065,0.010137500253760373,0.04222886316545471,0.03768970746976334,0.033540634665437816,0.032749412476723035
14.825765109160644,2746300,0.0328407554434501,0.009916227896670165,0.041476032255030326,0.03719940039224404,0.030666408955258097,0.032242463213726
14.827300179108732,2750519,0.0291859553515828,0.009700182130454104,0.040626620148974696,0.03675456234378239,0.030045243703189874,0.028557978443299645
14.828835437301638,2754745,0.0308798155968581,0.009489719239771145,0.03968486822669065,0.03628125093164291,0.03166149175043605,0.030225416608600075
14.830370516810923,2758977,0.0382969873901846,0.00928528585091036,0.0386564262727922,0.035709825258283256,0.03495657307050598,0.038006643797652374
14.831905414848526,2763215,0.0415495358793415,0.009087265082750472,0.03754769565234736,0.03498145372511807,0.038758153673726814,0.04061678726205463
14.833440489982609,2767460,0.0404255905562154,0.008895983507890143,0.03636567993382286,0.03405432346175637,0.041490301241705,0.0385756495633134
14.83497573779046,2771712,0.0379437720816297,0.008711804211270716,0.03511844975831339,0.03290879076566912,0.04185048994500376,0.038680110493618566
14.836510793634012,2775970,0.0429417980857063,0.008535117578840516,0.033815145023901684,0.03154994135381929,0.03947987423985845,0.04145005513640113
14.838046014468262,2780235,0.0422240528464748,0.00836621508109717,0.03246497066419378,0.03000581577938443,0.035067352743096074,0.04067135898442954
14.839581036794955,2784506,0.0271621301247043,0.008205454453141825,0.031078317182724427,0.028324623289506978,0.029877099169922712,0.0297006005092117
14.841116216496784,2788784,0.0214817600820867,0.008053100841942554,0.029665392681008155,0.026566701732305083,0.025108136919032704,0.021188044314336747
14.842651191211678,2793068,0.0207561258290388,0.007909476641879597,0.02823740117906428,0.0247980260859164,0.02148968223934113,0.02153386155261092
14.844186315753214,2797359,0.0199076016031912,0.007774818638696566,0.026805107209451947,0.023080562095872288,0.019216116333127094,0.02134494958006312
14.845721585823604,2801657,0.0169598984551172,0.007649383399224928,0.025379709140024083,0.021466811667573478,0.018126565173694674,0.017364843281996722
14.847256640759644,2805961,0.0180282264172284,0.007533435935738079,0.0239727084322993,0.019995273933639965,0.017906291086079648,0.017468648019267636
14.848791833778412,2810272,0.0195508582507237,0.007427167213067771,0.02259479437445887,0.018687588575997657,0.01815766013111124,0.02013953586065505
14.850326805343974,2814589,0.0205355698535469,0.007330801394461727,0.02125702026183075,0.017550560934128663,0.018385474443778582,0.019234820541343196
14.851861907612204,2818913,0.0170325933916477,0.007244496954093192,0.019969408353609313,0.016577447298229422,0.018103231828932063,0.017154773529878695
14.853397136373353,2823244,0.0164037452630677,0.007168419186358273,0.01874179110692957,0.015752329835280094,0.017115661285285962,0.01592303504623489
14.854932133776945,2827581,0.0148880827662342,0.007102728007777503,0.01758363443728351,0.015053656539685729,0.015693995114464638,0.01518062301332343
14.856467250394218,2831925,0.0145398193020487,0.007047530979628199,0.016503121679605805,0.01445718593614451,0.014362774557081286,0.01510017924621599
14.858002482068107,2836276,0.0142246390939954,0.007002934601466991,0.0155079066903957,0.013939475146628747,0.013490821955713227,0.014421192462658394
14.859537472625645,2840633,0.0131127111626078,0.006969031875032696,0.014604936553250764,0.013480275767822302,0.013129052944762076,0.013588274552686078
14.861072571060468,2844997,0.0131426641375835,0.006945877541030152,0.013799746531616214,0.013064430822584412,0.013154251899859349,0.013328518853870788
14.86260777326773,2849368,0.0131073622981972,0.006933517486983878,0.013097081556638503,0.012684207902592719,0.013373829491855966,0.012743520155368747
14.864142724744012,2853745,0.0124515313968362,0.006931976286455505,0.012500737686205316,0.012340882133124016,0.01349077549859138,0.012635279989339759
14.865677772912392,2858129,0.0139110076815051,0.006941254864798662,0.0120131113139482,0.012045400535977815,0.013219610531183274,0.013615181134669117
14.867212913719786,2862520,0.0130293238387535,0.006961337727184031,0.011635656556248045,0.011818319345515808,0.01258957906407731,0.013572141941199808
14.868748143131054,2866918,0.0120999921072554,0.006992188913180669,0.0113687127452518,0.011687717887171996,0.01201116979351569,0.012331020519806103
14.870283108857372,2871322,0.0120173822867778,0.007033741420393197,0.011211542522018867,0.011685329966491683,0.011911805516032065,0.011985074344017375
14.871818156239437,2875733,0.0134973188314258,0.007085924453591806,0.011162242317379969,0.011841061393366485,0.012365152792457857,0.013196993514190687
14.87335328129325,2880151,0.013138320286208,0.007148641272654551,0.011217953930299004,0.012176769133966595,0.013136937287531226,0.014257246148497757
14.874888480052562,2884576,0.0133425084010317,0.007221775167595578,0.011374846116462136,0.012700174314586032,0.013990392897773464,0.01318578828548582
14.876423748568802,2889008,0.0132540219430844,0.007305189674853795,0.011628181103906534,0.013400361835866594,0.014850529938308831,0.01373296782512876
14.877958737302444,2893446,0.0167231936833087,0.007398706649662044,0.011972304301237614,0.014245751178502887,0.01571688087365015,0.016577020392513398
14.879493789009102,2897891,0.0195961904173437,0.007502168744351441,0.012400955890848862,0.015186205423023947,0.01649574594332326,0.0171845884760816
14.881028899790593,2902343,0.016923668105403,0.007615382068167122,0.012907180300259127,0.01615742825229602,0.01695180804119131,0.016903138248858494
14.882564065766214,2906802,0.0172330543174017,0.00773813423303364,0.013483472453360842,0.01708868420927051,0.016881146497634614,0.01764183415688378
14.884099283072697,2911268,0.0168907911466491,0.007870194754125455,0.014121882019192258,0.017911789532849776,0.01636662876655163,0.016101617371900932
14.885634204898096,2915740,0.0150699202661453,0.008011282968225952,0.014813960511896537,0.018569794090073116,0.01580669126880195,0.014638247175432115
14.887169513872117,2920220,0.015585798623693,0.008161196691691274,0.015551500807879589,0.01902459168522721,0.01567725802970566,0.01602446606421662
14.888704520775828,2924706,0.0170367315660842,0.008319587124734445,0.01632553776118076,0.019260118717211835,0.01634812747343678,0.018168435428075034
14.890239564778852,2929199,0.0168286060395611,0.00848618882433878,0.01712758116308978,0.019283781213786814,0.018017902109498586,0.018452950300327346
14.891774642101936,2933699,0.0213235744922272,0.00866068825437801,0.017949067175238528,0.019123251487043608,0.020445039014381473,0.019557269916170884
14.893309748982952,2938206,0.0184154226631268,0.00884275689800556,0.018781615821039654,0.018821284671140994,0.02262776949535063,0.021990830633332768
14.894844881676844,2942720,0.0221631676463389,0.009032051881788862,0.019617122305389263,0.018429068529107154,0.023219541309585076,0.022372437286068594
14.896380036455588,2947241,0.0205919303025249,0.009228216627494085,0.020447841047812346,0.017999584965065235,0.021696427003624456,0.021372760068608276
14.897915209608128,2951769,0.0206392371374993,0.009430881530248403,0.02126646145426515,0.01758215814318215,0.018949359661527384,0.020455004106192706
14.899450397440328,2956304,0.0183318963460544,0.009639664661763818,0.022066174624187085,0.017218944130550664,0.016455113167405753,0.017738818644359437
14.90098525853356,2960845,0.0156586615085381,0.009854124705883625,0.022840563161372757,0.016943622923818343,0.015089626612062373,0.01507319990604849
14.902520465228209,2965394,0.0144301524174761,0.010073951823277135,0.023584324499718305,0.01678165646877521,0.014962004033821084,0.014496247486676503
14.904055675620336,2969950,0.0144068625335772,0.010298684918437405,0.0242922823856023,0.0167522744012721,0.015921130796432797,0.01492549932063263
14.905590549893438,2974512,0.0173020356305651,0.010527849601403492,0.024959960860633425,0.016870031976006797,0.017602612418558802,0.01689403300372021
14.907125757332029,2979082,0.021789518408007,0.010761114203846029,0.025584002797928957,0.01714633359774813,0.0191954206509588,0.02139044491186943
14.908660957636362,2983659,0.0221062663845874,0.010997989056646512,0.02616129633837798,0.017589500751150778,0.019839443959491766,0.022036503612831642
14.910196147229328,2988243,0.0197640542171354,0.011238027466998956,0.026689566517049935,0.018203803542217074,0.01940825286979396,0.01825369220341202
14.911730988418794,2992833,0.0176793479717873,0.011480723676735968,0.02716711304386752,0.018987215602061527,0.018598991231622994,0.017507532673676083
14.913266146436207,2997431,0.0190588221123007,0.011725725752253533,0.02759319410408682,0.019929643160520868,0.018282755697752485,0.018860583908064207
14.91480128310897,3002036,0.0176892706884726,0.011972519055098088,0.02796737330934531,0.02100969881933278,0.019004938866626218,0.019471872114552896
14.916336394925704,3006648,0.0201736264110062,0.012220638228564732,0.02828991229300168,0.022194170569956737,0.02088420987355835,0.020956117411625615
14.91787147839134,3011267,0.0220395153491285,0.012469615447525501,0.028561620405623905,0.02343825818124991,0.023509749069833646,0.02308204208473285
14.919406530027064,3015893,0.0263979411995242,0.01271898130919513,0.02878380956614912,0.02468777259514571,0.025953928753281178,0.02536347259773502
14.92094187743838,3020527,0.0281059093919826,0.012968319449763406,0.028958278246538974,0.025883279537372645,0.02733109851073153,0.028381100649631723
14.92247685453482,3025167,0.0287240930889108,0.0132170522966073,0.029087120296765547,0.026964222380863392,0.027523766447279694,0.02842396674737987
14.92401211951594,3029815,0.0253496260068523,0.013464818074073827,0.029172911583660466,0.027876362481542825,0.02724944530030749,0.027451434285660676
14.92554700835482,3034469,0.0294539006857312,0.013711043313484092,0.029218432164823636,0.02857541289550328,0.027441575964044593,0.028659853681506916
14.927082177254842,3039131,0.0240964871865794,0.013955369724789684,0.02922676433433427,0.02903297522989562,0.028623064961497698,0.02687116000795138
14.928617292782835,3043800,0.02712881702711,0.014197283771170261,0.02920115101727979,0.02923814967172243,0.03060171218254166,0.026408331278785724
14.930152351574726,3048476,0.0318501797240806,0.014436329684168114,0.02914499349519746,0.029198975141959512,0.03246124666481552,0.03495600608246062
14.931687350282292,3053159,0.0388117581088656,0.014672057206897337,0.029061790727817147,0.028941028890552698,0.033006142214419644,0.039748879620301235
14.933222612600316,3057850,0.0333592358955259,0.01490407143951953,0.028955070872646756,0.028504363416068507,0.03161579501092995,0.031194770054073596
14.93475780718168,3062548,0.0262321136501365,0.015131884685174964,0.028828418660272748,0.027939631467095417,0.028781912760200343,0.025809433709570145
14.936292930727774,3067253,0.0227122370315469,0.015355068037566758,0.028685381958228576,0.027303185810380232,0.025721590809261126,0.02480874294279979
14.93782797995563,3071965,0.0229012676489253,0.015573201448993216,0.028529454717733663,0.026652557565298357,0.02350871380448514,0.022792043194944555
14.939362951597872,3076684,0.024150675271185,0.015785874526100085,0.028364048989007802,0.026042629573094136,0.022596338167963956,0.02355373421298328
14.940898166929372,3081411,0.0261159014367688,0.015992730387685214,0.02819243425910818,0.025522819537194315,0.022891311945475754,0.026253241912753928
14.942433297191569,3086145,0.0238533682952729,0.016193334331510566,0.028017826973052273,0.02513594260127361,0.023967632767357284,0.024415793196061082
14.943968339165924,3090886,0.0225428915863987,0.01638730928347724,0.02784326683523573,0.024917397652355906,0.025254203247575564,0.02208537830918976
14.945503612684856,3095635,0.0235317980387171,0.016574329406512513,0.027671602199972292,0.024895625605112295,0.026298939505749044,0.024330742711978305
14.94703846799402,3100390,0.0291299344475636,0.016753964787203784,0.027505623794037582,0.025092623122180042,0.026998092969899336,0.02908034014655828
14.948573547498045,3105153,0.0299281816047877,0.01692595374222489,0.027347807111211937,0.025524304868121378,0.027561758566208388,0.031336605948405594
14.950108846557786,3109924,0.0308375991707862,0.017089968517744875,0.027200524249074785,0.02620014964990869,0.02824263898496542,0.028652302245711015
14.951644039495774,3114702,0.0248422882485206,0.01724566457706133,0.027065992781135667,0.027121804503555398,0.029084724985757357,0.02574470696085368
14.953179123189786,3119487,0.0305706662764733,0.01739275017836322,0.02694620893141913,0.02828160959220101,0.029881869989324072,0.028177482925062322
14.954714094532685,3124279,0.0315685797395518,0.017530949966227487,0.02684297914176493,0.029660538676206872,0.03037725239668146,0.032506770180425436
14.956249270015268,3129079,0.0301483950805354,0.01766003138964599,0.02675790200967306,0.031226885957535876,0.030564042584072734,0.03177677059901186
14.957784325997196,3133886,0.0319414088771638,0.017779723447819838,0.026692421378198543,0.032934609166797475,0.0308263850304673,0.030706993860106575
14.95931957802184,3138701,0.0304871199114154,0.01788982462268707,0.026647752869885855,0.03472545281193367,0.03178173552027984,0.033221073402577475
14.96085470346371,3143523,0.0350939922183394,0.01799010380888721,0.026624933836888222,0.036530237872072296,0.033942569953923044,0.034368742466795985
14.962389699295056,3148352,0.0351464468143791,0.018080374460833076,0.02662477947114681,0.03827446216436813,0.03737010296875148,0.03466155611872859
14.963924879642208,3153189,0.0372718022592721,0.018160484520673408,0.02664790007000866,0.03988417759911108,0.04143212214471687,0.039230768306256616
14.965459923394803,3158033,0.0461253803148382,0.018230265927086972,0.026694682540476477,0.04129153230129136,0.04489300285819238,0.04559309259937065
14.96699514373874,3162885,0.0483440023609689,0.01828960109665815,0.02676530188025779,0.04244241651787913,0.04655029446185378,0.04963951002436505
14.968530220570496,3167744,0.0529192690204912,0.01833836560030832,0.026859673977595207,0.04330048750850299,0.046061734215811403,0.04983394938988485
14.97006515094043,3172610,0.0428173371104334,0.018376470531467546,0.02697747818113916,0.043851212879501424,0.04420633268555031,0.043872228995566497
14.971600246627876,3177484,0.0411032330428172,0.018403851683382186,0.027118172308909522,0.0441023107134805,0.04230746605908066,0.038456290206599096
14.973135503264087,3182366,0.0325322535297343,0.01842045399365437,0.027280934786721656,0.044081771563924385,0.041388474643299825,0.03994854086960577
14.974670602749628,3187255,0.0414125262466293,0.018426242721530192,0.027464633512828827,0.04383420442942801,0.041678850300949054,0.042284080011901176
14.976205542197365,3192151,0.0400026839976717,0.018421210307694502,0.027667886341459197,0.04341527679708921,0.04259584982326399,0.0427048265810195
14.9777406315224,3197055,0.0458607574757617,0.018405365319326454,0.027889076124475828,0.04288521632841026,0.04312844881138157,0.0464356570537463
14.979275866426976,3201967,0.0451017176811098,0.018378734519332317,0.028126263086173157,0.042302749405375484,0.04253017141747122,0.04604797864510541
14.980810930803065,3206886,0.0362080838979024,0.018341373795453635,0.028377167289723424,0.041719574199763604,0.04091702044899679,0.0373233847581132
14.982346133175906,3211813,0.0329067802030947,0.018293346339308313,0.028639323749582814,0.0411754815843553,0.03923066299578189,0.03509276609363975
14.983881158428476,3216747,0.0411492608196849,0.01823475284029721,0.028909885908163964,0.04069563923512512,0.03860381698928872,0.042030483994897255
14.985416314162126,3221689,0.0397614176962061,0.018165692378218183,0.02918584747899464,0.040288364046716194,0.039685583685200185,0.04302301464804299
14.986951286247663,3226638,0.0334760196519327,0.0180863096427622,0.029463839293008387,0.03994504714982655,0.04226003260061284,0.037981134381142465
14.988486381365304,3231595,0.043511334916689,0.017996738862495643,0.029740370467356676,0.03964066024045085,0.0451637434296894,0.04254888506630447
14.99002159534059,3236560,0.0525508215894164,0.017897146551208307,0.030011683383808534,0.03933612494814534,0.046687637823805576,0.053350547466499226
14.991556615521311,3241532,0.0488666814962271,0.01778774123169075,0.030273786522519046,0.03898176892054778,0.045575961687907424,0.049713826106651135
14.99309174721216,3246512,0.0370451209841481,0.017668707953758907,0.03052264895532812,0.03852192274451058,0.0419507150460343,0.03748395640972409
14.994626986291344,3251500,0.0329071619180226,0.017540269146829265,0.03075407422859572,0.03790101187256103,0.037221247831025095,0.03380243115151035
14.996162021576655,3256495,0.0341714147538143,0.017402693553192846,0.03096375905406399,0.037070335108766506,0.033050768427196967,0.03396377490853711
14.99769715700332,3261498,0.0314337916528606,0.017256213929150697,0.031147470015862627,0.035994282970714504,0.030401638236496574,0.031118624208338455
14.999232388501762,3266509,0.0339814517922427,0.017101104811006275,0.03130095529152261,0.03465651924757958,0.029314675338230275,0.030887317570005242
15.000767406352784,3271527,0.0325519328001635,0.016937690513470133,0.031420026278268585,0.03306417228042882,0.029170468696262677,0.03219951035043614
15.002302513128209,3276553,0.0276392829931378,0.016766247555771857,0.03150068930615183,0.031248155317553233,0.02909266221535134,0.028062835345637582
15.003837704810202,3281587,0.0249562843944003,0.016587097873609062,0.031539112492360695,0.02926208326221069,0.02843548939730251,0.024367340762093313
15.00537267313562,3286628,0.0273020292518563,0.01640061575560712,0.031531723294859426,0.027177419654452015,0.027159311746888074,0.02630893820488942
15.00690771931893,3291677,0.0292512052098556,0.016207116780240758,0.0314752670057025,0.02507470056109594,0.025750547317516234,0.029147342248207364
15.00844283939359,3296734,0.0289702248183146,0.016006964759001308,0.03136684278779676,0.023035919929423096,0.024744362967739335,0.02764068269237904
15.009978029410757,3301799,0.022409401706622,0.01580053618579206,0.031203969147456642,0.02113544001276943,0.02427717045916945,0.023318986846071144
15.011512983038592,3306871,0.022536857026066,0.015588261895946153,0.03098468303332543,0.01943317284434848,0.023931798976954858,0.02077115698790457
15.013048301628643,3311952,0.0200467457119414,0.015370457809511722,0.030707401772835617,0.01796886587586903,0.022924243769834558,0.022242452626669153
15.014583376946018,3317040,0.024858845323142,0.015147619641378219,0.030371294687481436,0.01676321824679402,0.020671054344656083,0.023557150825366236
15.016118507510647,3322136,0.0174776584969771,0.014920124618620051,0.029975963861566368,0.015817810933462663,0.017431469182261523,0.018984596679722448
15.017653689459276,3327240,0.013254019809044,0.014688401230579469,0.029521678674286414,0.015120786454155112,0.014282404039828502,0.013581653724286546
15.019188618857632,3332351,0.0118804542621571,0.014452932417830511,0.029009452925549677,0.014652285884484494,0.012221624493354425,0.011707263985298524
15.020723892514315,3337471,0.0111323770008557,0.014214069772002881,0.028440644713631946,0.0143896533977524,0.011401469347325738,0.011461546761074335
15.02225890690016,3342598,0.0121318258951224,0.013972356611175366,0.027817688259027543,0.014312162728717732,0.01147061747625911,0.011548838030926625
15.023793958307431,3347733,0.0122050620166458,0.013728202036867934,0.02714333784922234,0.014402653242970038,0.012420801776886065,0.012583504968102573
15.025329042957186,3352876,0.0157216104278172,0.013482066200454553,0.02642108718123153,0.014647623206365252,0.014568371159562702,0.01581729971482563
15.026864157087596,3358027,0.018814791456004,0.013234413050410341,0.02565503984440526,0.015035180822940813,0.01763691267653959,0.01836982472521828
15.028399296953916,3363186,0.0173669729423584,0.012985709448908032,0.024849876476234337,0.015552070155195195,0.02037831891821941,0.018425439396914156
15.02993445882842,3368353,0.0207900984069249,0.01273642428273674,0.024010813148986395,0.016180712155323268,0.021481509044428138,0.020170505791534704
15.031469639000353,3373528,0.0220634504501399,0.012487027570270415,0.023143551424639218,0.01689717733593824,0.020718117250779464,0.02165421234360978
15.033004537804974,3378710,0.0214218601693215,0.012238037513423726,0.0222543938346442,0.017670537575828916,0.018999862793412182,0.01951096495474362
15.034539743961156,3383901,0.0168429231386015,0.011989827534739731,0.021349488588165128,0.018464673069921958,0.01748161640313667,0.018221130575493613
15.03607495738313,3389100,0.0165708011616153,0.01174291381239096,0.020435790131913885,0.01923998182981403,0.01684579366302841,0.017792824906781208
15.037609879816523,3394306,0.0161969241434393,0.011497808789959412,0.019520474740321172,0.019957276956837484,0.017275917234311114,0.016613433730023226
15.039145097308598,3399521,0.0172635306491333,0.011254880497859035,0.018610326582501356,0.020581684440537696,0.01866383210255164,0.017550776773093996
15.040680311185728,3404744,0.0197225576293001,0.011014634292135152,0.01771271162224885,0.02108467643446024,0.02060382573402621,0.020136231734811615
15.0422152245972,3409974,0.0226586135200341,0.010777568108614417,0.01683495339270935,0.02144632849392265,0.022370332950227126,0.022622875153805056
15.043750420930708,3415213,0.0271652111185645,0.010544038246187565,0.01598375623668685,0.021655829869305383,0.023216334263589506,0.026309206978329284
15.045285602918057,3420460,0.024289271086846,0.010314530610491566,0.015166129848154465,0.021710232174267097,0.022841513693713143,0.0241944030771278
15.046820475105488,3425714,0.0177927688013708,0.010089520138906164,0.014388773593341809,0.021613051505250256,0.021579062818086886,0.01813176200983553
15.048355618233156,3430977,0.0182633187328409,0.009869345251036808,0.013657583445161258,0.0213719171802043,0.020122794930128717,0.019164803929564288
15.049890736431594,3436248,0.0225258949703126,0.009654464118893542,0.012978466935280035,0.020996602801101914,0.019095966977983166,0.022685752009261005
15.051425826206025,3441527,0.0195982511107359,0.009445281565487882,0.012356673180315947,0.020497425816739585,0.0188156248632129,0.018979723945544903
15.052961174200878,3446815,0.0181776488209823,0.009242153808854426,0.01179678309998165,0.019884416868284845,0.0192892229998935,0.017428264655109486
15.054496196262926,3452110,0.0225396850996775,0.009045540163860482,0.011303066475279754,0.019168088291589096,0.020238838900917166,0.020825163341231363
15.05603117951466,3457413,0.0241470063574741,0.008855771734871154,0.010878799365639628,0.018359971624252507,0.02109429432672729,0.022086847665550007
15.057566409315957,3462725,0.020913222782991,0.008673172010621451,0.010526604005082294,0.017474852604407728,0.02114157114650199,0.021069945857539577
15.059101592576932,3468045,0.0200916695497728,0.008498121105226374,0.010248515551909764,0.016533460354372597,0.019931327446006362,0.019618606512979822
15.06063643799704,3473372,0.018287033089897,0.008330978921688794,0.010045761132222254,0.01556427313942563,0.017667070624547046,0.017218829007826852
15.062171805910168,3478709,0.0156228246947453,0.008171968027239188,0.009918684346764867,0.014604039117237188,0.01513766238503601,0.01582306117680495
15.063706829238363,3484053,0.0134249293149474,0.008021479001482989,0.009867057187114645,0.013699505348646137,0.013178786022606987,0.013655577039379568
15.065241792538014,3489405,0.0118999741665372,0.007879763929957682,0.009889783295818307,0.01290369498702635,0.012137776281446182,0.011956443097288393
15.066776978618908,3494766,0.012057366591463,0.007747064966500052,0.00998509929124168,0.012272863778858153,0.011821758411489618,0.011879761870660095
15.068312097144355,3500135,0.0119882437431057,0.007623658439427007,0.010150527663519135,0.011861121834777812,0.011845875208097843,0.011897368824768734
15.069847144815428,3505512,0.0122150813468072,0.007509775716687336,0.01038293708656559,0.011713306173287436,0.011956929613717734,0.012105891008154086
15.0713824031763,3510898,0.0124389804519867,0.007405611689851968,0.010678653646946016,0.011858429952693296,0.012098666183649041,0.01231047908657415
15.072917298867532,3516291,0.0123535678698502,0.007311399897951503,0.011033284508979826,0.012303861395047862,0.012328946280751457,0.012204285775304913
15.074452681810635,3521694,0.012710024201014,0.007227266847785132,0.011442270537712762,0.013032427214981091,0.012743293686424927,0.012740865731955663
15.075987695599451,3527104,0.0137943421542181,0.007153419023534158,0.01190020674600064,0.014001162736644718,0.01341029985830448,0.013696888643672047
15.07752262140536,3532522,0.0147049421983614,0.007089977347633993,0.012401621563521575,0.015145740458397151,0.014311401926571224,0.014707955617445818
15.079057738674289,3537949,0.0156582619575674,0.007037050781905047,0.012940798077243907,0.016386745559919008,0.015347144789026573,0.015594371416501083
15.080593042917185,3543385,0.0156638569714044,0.006994743050019186,0.013511730474973982,0.01763823923950581,0.01642786201788438,0.015591851456214938
15.082127966098042,3548828,0.0173914318834354,0.006963147436309399,0.014108056878564337,0.018817402168148242,0.017553993286628836,0.017196362067180393
15.083663069061606,3554280,0.021088034581888,0.006942309788839169,0.014723791760855545,0.01985516932850754,0.01879813964396119,0.020358692259662834
15.085198347372613,3559741,0.0184980267108421,0.006932273144440219,0.015352760092986448,0.02070197173025778,0.020199489324043314,0.020434867394269914
15.086733516126497,3565210,0.0217518540345384,0.006933058959582937,0.01598875651096087,0.02133214822259412,0.021656912151673827,0.020852188690008332
15.088268572216991,3570687,0.0233010259393491,0.006944663404155005,0.016625847187918482,0.02174475259526163,0.022912340903006395,0.023680545591553206
15.089803512552852,3576172,0.0225197552914528,0.006967062193976737,0.017258320979358314,0.021960540761294077,0.023676088459524854,0.023216010503733432
15.091338613257536,3581666,0.0246366995509637,0.007000217652655154,0.01788085869336415,0.022016746859496707,0.02382898938545063,0.0221299090464566
15.092873869984992,3587169,0.0239732762395448,0.007044070570481698,0.018488350319076956,0.0219605777233261,0.023526158361418116,0.02510088485505276
15.094409000064267,3592680,0.0277128981615411,0.00709853060545423,0.01907595255060847,0.021842842300947466,0.023097559601983966,0.026310708261112013
15.09594400046788,3598199,0.019246721303075,0.007163492456821791,0.019639351136184983,0.021712320367383835,0.02283124340214522,0.022195288201388434
15.09747914567366,3603727,0.0204002207940164,0.0072388455668954115,0.020174771193643058,0.021611618017658533,0.022805137668832885,0.019811717017602672
15.099014154341916,3609263,0.0228740597629595,0.007324434342592276,0.020678706313481135,0.021574685035522945,0.022851876317078954,0.021960346309179833
15.100549300131313,3614808,0.0243706161576503,0.007420112876574466,0.021148321078709977,0.02162547682530501,0.022671509760533375,0.02485202616270564
15.102084578802287,3620362,0.0239057857645887,0.007525703371437862,0.02158117181609464,0.02177755630126449,0.02206277308384993,0.023939802209341984
15.103619710342029,3625924,0.021873507151115,0.007640987603410156,0.02197524160031193,0.022033966038512865,0.02112911901955072,0.021542512940432343
15.105154691817164,3631494,0.0200245806326445,0.00776574548331099,0.02232909284943549,0.02238743041865003,0.020270329400221936,0.01988801416105652
15.106689795255186,3637073,0.0186570112128277,0.007899763941130433,0.02264182038596658,0.022820830004497018,0.01997281633973595,0.018730925960413678
15.108225016486491,3642661,0.0186805744514753,0.00804279239879524,0.022912907134033222,0.02330793612776556,0.020608902461160112,0.019361984123830365
15.109760077256308,3648257,0.0219373409087772,0.008194535257538167,0.02314223982413428,0.023815046148947028,0.022319369127794548,0.022408980158938947
15.111295248376036,3653862,0.0267733237067755,0.008354733102156654,0.023330209328893663,0.024304009544760277,0.024856222018623687,0.027025521707162593
15.112830252465722,3659475,0.0350718171739958,0.008523054914198953,0.02347751608064116,0.02473565080932997,0.027443229309007264,0.031083579643353336
15.114365359528373,3665097,0.0310328003509838,0.008699212838299539,0.02358527088381881,0.02507454554368004,0.02900743849143639,0.029008015955853013
15.11590056548161,3670728,0.02588544718789,0.008882876216760571,0.023654862284642975,0.025293240756225684,0.028843098770980884,0.0243776941390648
15.117435594253465,3676367,0.0259948057048623,0.009073665651825616,0.02368795330190705,0.025376115676134257,0.02715060828422668,0.025457291351060923
15.118970714639758,3682015,0.0256624582227409,0.00927125468713707,0.023686462601148636,0.0253217857618183,0.024876160034135338,0.02712929105199348
15.12050565143638,3687671,0.0232866897807158,0.009475235318497161,0.02365250060744954,0.025143508814660286,0.02304341640909842,0.023715039489874405
15.122040943394593,3693337,0.0235662899453482,0.009685296034038643,0.02358831613604996,0.024867623819353885,0.02224167089082413,0.023442667642206372
15.123576044586866,3699011,0.0244463347352844,0.009900967594747956,0.02349631303820659,0.02453074183811923,0.02255080314220023,0.025166754363822624
15.125111222208377,3704694,0.0241520716362805,0.010121880755870543,0.023378947085012744,0.024175408023756804,0.023643303381128862,0.02154535353954257
15.126646202784418,3710385,0.0183909957850975,0.010347579641141812,0.02323875740554443,0.0238460813904214,0.024901277535637197,0.020247715700937162
15.128181252712386,3716085,0.0247724155754895,0.010577677852216277,0.023078251523317123,0.023585092920583438,0.025677367564392546,0.026197437306056615
15.129716368064798,3721794,0.030379848458055,0.010811742114646819,0.022899939259191548,0.023429894645810054,0.02567864213627359,0.03131208614227353
15.131251544931745,3727512,0.0259625515641446,0.01104933155547794,0.022706285952799755,0.023410977368875055,0.025143715851702827,0.027881154302222523
15.132786779420831,3733239,0.0210195093444618,0.01128999854165527,0.02249968705109577,0.023550560791913595,0.024624652221559518,0.022028788824268394
15.134321800204129,3738974,0.0213308779381151,0.01153324694820489,0.022282484304971956,0.023861540062290035,0.024598014488153616,0.02109783983302329
15.135856871697705,3744718,0.0240118308818866,0.011778660232186435,0.022056832860824858,0.02434661635100909,0.02520201737823527,0.02592427505117238
15.137391990059577,3750471,0.0300575136445607,0.012025775879220359,0.021824794784538526,0.024997002853884252,0.026170209483420106,0.029025081962401025
15.138927151465063,3756233,0.0304794186584168,0.012274128084566821,0.021588290501536808,0.025791170051463776,0.026953419996063935,0.027548132730605905
15.14046208629096,3762003,0.0246592939236092,0.01252320546671997,0.02134912962526526,0.02669380095025088,0.02705303976985825,0.02720416960241757
15.141997322786464,3767783,0.0257731079768519,0.012772624709187778,0.02110883663721054,0.027656550379734038,0.026407924519417692,0.025441704198473233
15.1435323259534,3773571,0.0212027476791997,0.013021829346998557,0.020868935658840997,0.028618623995629672,0.025499765193711645,0.02361409928221145
15.145067622444271,3779369,0.026369406491381,0.013270435500718585,0.020630615608591335,0.02951168089068678,0.025074774398689378,0.026921149199112454
15.14660267892358,3785175,0.027043689505363,0.01351788870520433,0.020395059346315525,0.030264042939137925,0.02576223945390069,0.027959906398348375
15.148137756668564,3790990,0.0279299876141623,0.013763765363837081,0.02016315556592563,0.030808618830280726,0.027821779953876326,0.025044252407359267
15.149672851972472,3796814,0.0281413632577475,0.014007601854176956,0.019935665692793463,0.031089481112539938,0.03095873663805154,0.030095930960602278
15.151207961145474,3802647,0.0384002929757114,0.014248938391256004,0.019713185797378074,0.03106849701458666,0.034214389534987025,0.03840889078366907
15.152743080514584,3808489,0.0342590035414312,0.014487319903417608,0.019496150943252095,0.03072992609630229,0.03624034071942557,0.035930027247052895
15.154278206423626,3814340,0.036990669521605,0.014722296899108731,0.019284840479414474,0.03008231611778908,0.03605248520861424,0.03338621958749942
15.155813335233171,3820200,0.0316399231141361,0.014953426322933384,0.01907938412193762,0.029157347453035706,0.03370616031723109,0.03462448228692115
15.1573484633205,3826069,0.030284418368071,0.01518027239930741,0.018879768697892242,0.028005835428586996,0.030225708676516007,0.030456076570069338
15.158883587079536,3831947,0.0262047600276173,0.01540240746207865,0.01868584545379024,0.026691605234315182,0.026866276931217375,0.026250810596881582
15.16041870292081,3837834,0.0262217039867279,0.015619412768506622,0.018497337860152074,0.02528429148057003,0.024415487476520056,0.025802006716802176
15.161953807271397,3843730,0.0223810844240002,0.015830879296022858,0.018313849871939444,0.023852216847534042,0.02299634662029551,0.023234517770453593
15.163488896574863,3849635,0.0223978780868407,0.016036408520227696,0.018134874630410715,0.02245636608040942,0.02224143568625113,0.021195929761571166
15.16502396729124,3855549,0.0237072399401065,0.016235613172626475,0.017959803614245706,0.021146146246574887,0.02157707411027472,0.02269378739251435
15.166559015896928,3861472,0.0219928920074955,0.016428117976626605,0.01778793626573856,0.019957205507958986,0.020544881346435652,0.02105622717542211
15.168094038884696,3867404,0.0175307123353015,0.016613560360392497,0.017618490130610023,0.01891117693593785,0.019068289696099625,0.01703770349506072
15.169629290938335,3873346,0.0150163935717828,0.016791620446549867,0.017450583402182623,0.018016773380826433,0.017459995911549744,0.017149392478467463
15.17116425183766,3879296,0.0178058486401959,0.016961903136503878,0.017283358918560286,0.017272499404046023,0.016154043240077437,0.018272116229327996
15.172699434078837,3885256,0.014449226060678,0.017124145131206588,0.017115798628092507,0.016668127073676823,0.015420822905371341,0.01627661526455494
15.17423457604658,3891225,0.0153093567821355,0.017278011858309846,0.016946933382286675,0.016187997712201568,0.01527224939985316,0.015067437870705453
15.17576967431646,3897203,0.0154892642592314,0.01742321393383297,0.016775743877895405,0.015812516718734484,0.01549661608956648,0.014801540320004485
15.177304725480072,3903190,0.0151928869696156,0.017559478407980555,0.016601202822555103,0.015519915599073593,0.01574573462458918,0.014100103419274524
15.178839981952695,3909187,0.0158543642707688,0.01768656967766481,0.016422259352355698,0.015287530717279391,0.01570629974206702,0.015969805337879398
15.180374928350108,3915192,0.0196259116900008,0.01780420676232434,0.01623797427885374,0.01509308580042535,0.015307579112569435,0.018339044547996557
15.18191007253592,3921207,0.0148432948247208,0.01791220809027265,0.016047324760279494,0.014915507117533956,0.014772646738196261,0.015121852918978811
15.183445155359523,3927231,0.0115411869908705,0.018010350793801956,0.015849433116626357,0.01473620549548017,0.01445210684546802,0.01266197166417896
15.184980427735518,3933265,0.0156702411048548,0.018098464842227668,0.015643426509350238,0.014539861437083646,0.014615159467885878,0.01440626911629982
15.186515377479076,3939307,0.015493693538567,0.018176356263435944,0.015428621206568157,0.014315345330626098,0.015332080889404926,0.016513119069114686
15.188050509389177,3945359,0.0172957112613821,0.0182439053943368,0.01520429597686052,0.014055906253777088,0.01639574108365686,0.01684613060549898
15.189585565945825,3951420,0.0169822990123004,0.018300972642675988,0.014969952872937103,0.013759434690294262,0.01728793962671432,0.017228607622161395
15.191120796571736,3957491,0.0165453884467553,0.018347458797434064,0.014725149952424247,0.013427840906494473,0.017367094519255534,0.01668637510251829
15.192655944559228,3963571,0.0134825285888509,0.018383267605808398,0.014469669612603181,0.013066458215977359,0.016287048272306905,0.015559994366605745
15.19419100667848,3969660,0.014070899047809,0.0184083333245761,0.01420341389335044,0.012682854901765654,0.014297502582634175,0.014711916121033095
15.195725979715094,3975758,0.0133856186504525,0.01842261054571331,0.013926452546525126,0.012285763569543395,0.012089637744491072,0.01319450573940889
15.197261111608617,3981866,0.0116212986080665,0.01842607395554311,0.013638983315616847,0.011883983992174031,0.01031707195821523,0.011025443949701097
15.198796398019708,3987984,0.0091128758432794,0.018418713710781534,0.013341428872631933,0.011485700678765318,0.009243261524002086,0.008970759371599333
15.200331333890611,3994110,0.0085617617148179,0.01840054816102124,0.013034498978361753,0.01109801481207214,0.008769249673693707,0.00826861435519619
15.201866417193116,4000246,0.0087744805837501,0.018371607763470615,0.012718891322024826,0.010726332992794279,0.008701795913003588,0.008688753886724592
15.203401643640756,4006392,0.0105498696415927,0.018331944040734197,0.012395582685039395,0.010374803178783216,0.008969810984797218,0.010002803586913233
15.204936759747444,4012547,0.0109100008639929,0.01828163788345341,0.012065781521250651,0.010046472095024942,0.009628006776283395,0.010153631986113262
15.206471762410867,4018711,0.0107374944957711,0.01822078643587947,0.011730812891512994,0.009743507647764818,0.010682493096033986,0.010298336708737034
15.20800689699806,4024885,0.0121279490035248,0.018149494367458368,0.011392101661053419,0.009467558353526622,0.011888820130060143,0.011628229397501138
15.209542159293411,4031069,0.0123631472292574,0.0180678934897526,0.01105126640822259,0.009220103881827577,0.012721101353976442,0.012659136850704435
15.211077049714511,4037261,0.0124642496788219,0.017976166423785807,0.01071015750362164,0.009002566641754261,0.012644678871838027,0.012563842311378913
15.21261230830044,4043464,0.0121109922910593,0.017874441741277926,0.010370449115755782,0.008816002183124717,0.011560671857182517,0.011568799499526211
15.214147435882552,4049676,0.0096924266707662,0.017762941743122308,0.010034165367364114,0.00866125553426623,0.010003229102982805,0.010039369664973746
15.215682429453391,4055897,0.009542920372395,0.017641879109815,0.00970326705197311,0.008538487622991607,0.008771960461097818,0.008937072007343552
15.217217532196642,4062128,0.0084308107969565,0.01751146285432325,0.009379681954564583,0.008447132286470257,0.008273218463768502,0.00840497378381399
15.21875274000147,4068369,0.0084801109174561,0.017371936963978613,0.009065382208343678,0.008386113901333325,0.008269517739996925,0.008326903707600959
15.220287803353472,4074619,0.0084491976160152,0.01722358717234956,0.008762346047214853,0.008354419467660473,0.008310873825649238,0.008432075104754732
15.221822964352697,4080879,0.0086057328266973,0.017066669850698934,0.008472379242665964,0.008352135574831275,0.008282252852815065,0.008389373213394469
15.22335797427148,4087148,0.0084317034309704,0.016901506301672236,0.00819727706805927,0.008381867674381182,0.008396335812496186,0.0084289654490792
15.224893074489511,4093427,0.0094017569594947,0.016728382046670237,0.007938609213041323,0.008450193270514645,0.008767127903685674,0.008981910862674043
15.226428260982694,4099716,0.0088261425867091,0.016547622180511905,0.00769782904210653,0.008568722819195067,0.009224370263807012,0.009531993642358648
15.227963286199628,4106014,0.0104420010541086,0.01635959673877921,0.0074762327866003415,0.008754196854879463,0.0095604271861343,0.009829227408857097
15.22949839044427,4112322,0.0093800983325481,0.016164630926642408,0.007274827953704469,0.009027283824813447,0.009782396847530638,0.009767327445614525
15.231033569744294,4118640,0.0100828967784325,0.015963091345881305,0.007094426176729523,0.00940954819085526,0.0100791029086607,0.009678516641379144
15.23256857771892,4124967,0.0115700079790664,0.015755390404131746,0.006935609789146977,0.009918769752272873,0.01066106399035294,0.010619684030199063
15.234103653601094,4131304,0.010915190493987,0.015541887446558163,0.006798642092399721,0.010563454636489899,0.011622041248670776,0.01238569550130805
15.235638793469787,4137651,0.0139854158650223,0.015322984300735542,0.00668354356821019,0.01133677740332935,0.012792025543592133,0.013218841814642614
15.237173993421523,4144008,0.0133520243625623,0.015099093099883724,0.006590058770241655,0.012211884907739433,0.013713948871707595,0.013318183160502036
15.238709008628202,4150374,0.0128467944770523,0.014870671689087362,0.00651766851041697,0.013139502302478921,0.013951967583003108,0.01306460502527123
15.24024431747516,4156751,0.014748906668928,0.014638078624109032,0.006465555606606067,0.014049937527945875,0.01350569707329624,0.013079831221724195
15.241779194392,4163136,0.0141119568717631,0.014401862211045755,0.006432693582229013,0.014857649599888327,0.012834411945116845,0.014246680412197666
15.243314357260877,4169532,0.0134629457143855,0.01416235734365269,0.006417782546959623,0.015472533019697515,0.012484298039541843,0.014555600235673764
15.244849561691105,4175938,0.0137594284693901,0.013920052120158188,0.006419339121532031,0.015811356408105836,0.012804779021642614,0.01280002051897259
15.24638456478195,4182353,0.0114546980256511,0.013675441512279677,0.006435688080605939,0.015812406094215317,0.013905610123976887,0.011620080290652944
15.247919841316168,4188779,0.0123744638208749,0.013428910399449809,0.006465014210398828,0.015447897957215902,0.015551018942819917,0.013007510083820565
15.249454909693164,4195214,0.0187786230299782,0.013181000167049735,0.006505375947214042,0.01473283333209186,0.017005374377682014,0.018552994556137306
15.250990005261636,4201659,0.0215228611282405,0.01293213987728446,0.006554771636013,0.013727455421382805,0.017317021696569734,0.02265239959654035
15.252525124287477,4208114,0.0167899619940105,0.012682798689064986,0.006611164662436915,0.012532934762637834,0.01605213461840531,0.01750556171953092
15.254060263053578,4214579,0.0127136456793337,0.012433446704525874,0.00667253025690993,0.011279710553345222,0.013713973551693251,0.012482671639561987
15.255595180952094,4221053,0.0092464122847339,0.01218459242341127,0.0067368892215465635,0.010110314814055846,0.011320153762785785,0.010510981365878476
15.25713034847852,4227538,0.009623337499188,0.011936628210242849,0.00680239164392062,0.009158248111976783,0.009621254480005816,0.008993432157490136
15.258665524694756,4234033,0.0087292629483942,0.01169006014278821,0.006867299001285077,0.008529017803796307,0.008770909348597684,0.008712843982650419
15.260200705951146,4240538,0.0089724565420077,0.011445353150526501,0.00693006379181185,0.00828317458371393,0.008568332726328415,0.00890091227043275
15.261735653157348,4247052,0.0087214058087671,0.01120300561957909,0.006989347807761045,0.00842711196473438,0.008827492129407115,0.008679405468641519
15.263270833973143,4253577,0.0096426435290991,0.010963400100883012,0.007044090750596858,0.008912553587421157,0.00952639558082091,0.009683155312209986
15.26480600897976,4260112,0.0104310415913392,0.010727025768262864,0.00709348325304154,0.009644661527390644,0.01070581357536645,0.010847537004877696
15.26634094021861,4266656,0.0142257350329264,0.010494363470001692,0.007137020103018414,0.010497705581027139,0.012232893436523878,0.013467607721590846
15.267876093233838,4273211,0.0175729131317814,0.010265780696265752,0.007174532466711259,0.01133609539794955,0.013657191282042506,0.015554748411915578
15.26941122973978,4279776,0.0138460265485498,0.010041744163827686,0.0072061570524848155,0.012035092399765555,0.01439188214992722,0.01414292221714781
15.270946346202848,4286351,0.0141269028874166,0.009822676088303242,0.007232365572664612,0.012500100836116555,0.014139249072418814,0.013456087776466117
15.27248143910582,4292936,0.0135531966663206,0.009608989254463208,0.007253952008074985,0.012679335823478305,0.013126863490368419,0.012069444710388786
15.274016504947808,4299531,0.0107635616673845,0.009401086231713837,0.007272019371954734,0.012568654751844403,0.011897545776803582,0.010538856079554855
15.275551772470925,4306137,0.0115258794193643,0.009199328577317825,0.00728796124008687,0.012207940416176104,0.01090084086780424,0.011690934332120815
15.277086773397116,4312752,0.0136851836562484,0.009004157284710686,0.007303424338830942,0.01167061732025894,0.010289214650985208,0.012313608867499694
15.278621968372484,4319378,0.00964207290564,0.00881588087739856,0.007320290274908942,0.011047742929469825,0.009993423604689801,0.010170929489748253
15.280156890576157,4326013,0.0099855710791619,0.00863491050371355,0.007340613952589805,0.01043160942270607,0.009876647803135973,0.009684067954993238
15.281691999263757,4332659,0.0097439307765451,0.008461532179627546,0.007366598080425502,0.009899819012134792,0.009820512180563406,0.009763443687331471
15.283227289969185,4339316,0.0093944889676898,0.008296075675456049,0.007400526560587369,0.009505044686032159,0.009756908062418102,0.009411421526231256
15.284762298050405,4345982,0.0101095907418176,0.008138901791803006,0.007444698210677522,0.0092699713357919,0.009676441994509991,0.009520484554734138
15.286297480686716,4352659,0.0100932835814895,0.007990258841317962,0.0075014046568142485,0.009188314115594702,0.00960881531283915,0.009971995399391522
15.287832604074092,4359346,0.0099222301235938,0.007850450312434617,0.007572827023706071,0.009231528537968447,0.009586116123356305,0.01003647361698672
15.28936766487541,4366043,0.0097616992743588,0.007719738703280123,0.007660999493929012,0.009358206106276596,0.009620928865643905,0.00975713249796323
15.29090265976931,4372750,0.0102692375293135,0.007598369251043282,0.007767743413166074,0.009524440013960819,0.009709077163221617,0.009915203153594074
15.292437813788409,4379468,0.0101560466712568,0.007486553561627546,0.007894629893305952,0.009692671450992334,0.009838888149694735,0.010090487075721393
15.293972894604009,4386196,0.01008306741942,0.007384519893025836,0.008042870687468368,0.009837306190602246,0.009992004810971657,0.00999563572433407
15.295508126581662,4392935,0.0105784238351598,0.0072924462343901,0.008213344485664853,0.00994667696249088,0.010140803786302796,0.010149183223024778
15.297043278127624,4399684,0.0104828162274129,0.00721052054206519,0.00840646492934538,0.010021261285007554,0.010256500073653727,0.010730678050609632
15.298578346001902,4406443,0.0103963019399121,0.007138895623125595,0.008622212023814324,0.010069542240061726,0.010328560974234275,0.010320787940155266
15.300113326979972,4413212,0.0105338556847369,0.00707770476181609,0.008860083988895545,0.01010282633973534,0.010372825326354626,0.010399762452976366
15.301648444097491,4419992,0.0109566873412232,0.007027054791414029,0.009119118427124803,0.010130723372883009,0.01041265803575713,0.010609883610482278
15.303183693119616,4426783,0.0105659296552129,0.006987043999044706,0.009397812525307197,0.010158481203610143,0.010454104094679197,0.010512999961834385
15.304718618727671,4433583,0.0107173435807719,0.006957757582056849,0.009694065146434595,0.010186791545988168,0.01048785208358565,0.010682768630173842
15.306253894415311,4440395,0.0107692353815808,0.006939238128744607,0.010005496135484812,0.01021396905909652,0.010513555425659293,0.010725190971965764
15.307788840384308,4447216,0.0107466304827972,0.006931528916401526,0.010328986436412035,0.010239624865821943,0.01055141820295388,0.010815054862526804
15.30932412808604,4454049,0.0108119150590489,0.006934641219672872,0.010661258204974579,0.010268812424378083,0.010627855732221988,0.010595689394130187
15.310859079828475,4460891,0.0108758927994137,0.006948567866811303,0.010998354589682725,0.010315173483660048,0.010757118358399417,0.010812828960024804
15.312394365026863,4467745,0.0111428062309273,0.006973288674445409,0.011336274959805045,0.010402249060778496,0.010939775608075407,0.011168419846965474
15.313929308088822,4474608,0.0110513683846354,0.007008746135846656,0.011670453081622761,0.010562098114964728,0.011172350041094724,0.01074278758697458
15.315464576399604,4481483,0.0111166867671121,0.007054888708461832,0.01199641803721533,0.01083171577992342,0.011454613260868267,0.011179259604078222
15.316999496459928,4488367,0.0146805888052649,0.007111609049190169,0.012309295860831525,0.011247073021964347,0.011790145511204289,0.013439637562845717
15.318534733631196,4495263,0.012964084867013,0.007178824597872988,0.012604461192577535,0.01183713871378288,0.012188431355452427,0.013118292682330454
15.32006983861586,4502169,0.0125768829771679,0.007256391019230346,0.012877126437870819,0.012617159921892489,0.012670316210258685,0.012107762699373123
15.321604808412056,4509085,0.0124123003265453,0.007344159421124417,0.013122757980311227,0.013584518445831405,0.013273369503413594,0.013020478055723624
15.323140082901222,4516013,0.0142356158069537,0.007441991345321475,0.013337136569532367,0.014716836878737045,0.014046343424596477,0.013516378563808776
15.32467521488372,4522951,0.0134660345049951,0.007549675675001385,0.013516261027786703,0.015971642726571852,0.01502655168748971,0.013858362347563684
15.326210201404924,4529899,0.01779010362985,0.007667006684865343,0.013656653122588467,0.017290581446943638,0.016207948960500554,0.017396812106264533
15.327745259941622,4536858,0.0187132361442194,0.007793779383172979,0.013755383068705733,0.018604829697179824,0.017520702534941195,0.020016670100305126
15.32928038655404,4543828,0.0192653469172729,0.007929756025870559,0.013810111654044568,0.01984143624334709,0.018852629481302487,0.018387906325833533
15.330815577319996,4550809,0.0193485501737669,0.008074681391066797,0.013819195585298103,0.02093054637082443,0.02011749367442963,0.019415132120324086
15.332350608930808,4557800,0.0228980718650497,0.008228260703561738,0.013781763755704158,0.02181169807807082,0.02132062438130381,0.02194279810086439
15.333885697576571,4564802,0.0206395089492874,0.008390225541447811,0.013697761093796728,0.022439229458244177,0.02255374296671904,0.021502783205305687
15.335420839386122,4571815,0.0229050381467827,0.008560271414803715,0.013567992094050732,0.02278493673347331,0.02389307520929141,0.022635934993188202
15.336956030505691,4578839,0.0273787170443376,0.008738078483787215,0.013394156365782232,0.02283934635610986,0.025247193351232565,0.026180075569346598
15.3384910490379,4585873,0.0292068585678056,0.008923285344351608,0.013178898462648192,0.022610976415477532,0.026255463658052175,0.027257057857216518
15.340026109893603,4592918,0.0273821177034618,0.009115568252430744,0.012925719065384691,0.02212391757297979,0.026372527621580183,0.026830284067526817
15.341561426661949,4599975,0.0270540666822657,0.009314593873598783,0.012638995556495813,0.021414323390555372,0.025191283857563525,0.026016441013069255
15.343096343379214,4607041,0.0236435711221495,0.009519901567290188,0.012324143477843563,0.02052707434988976,0.022815056006553664,0.022929640756654067
15.344631508453906,4614119,0.0194886498637844,0.009731190483720674,0.01198714277002362,0.019510638673200593,0.01990569640631854,0.01889095582149634
15.346166700741584,4621208,0.0158058475506942,0.009948033914594687,0.011634903008149865,0.018414545460348368,0.01729360839198557,0.016386343206423334
15.347701700445656,4628307,0.0154843604215956,0.010169991658244299,0.011275023502495847,0.01728590630394708,0.015494416871273656,0.015818754100251464
15.349236936303086,4635418,0.0156210692742,0.010396707910832803,0.010915540835553184,0.016166578382368207,0.014563582775852442,0.01533020771545854
15.350771972819915,4642539,0.0146635911400813,0.010627691682054274,0.010565178755492071,0.015092767857471318,0.014264988038737965,0.014255841028951142
15.352307022372278,4649671,0.0131247630835204,0.010862539225426345,0.01023287864647116,0.014093194114379787,0.014227500547385264,0.014448388407579704
15.35384208129144,4656814,0.0135598363109261,0.011100807882219196,0.009927877817005893,0.01318967745656366,0.014029376735514524,0.01471808164913609
15.355377360335146,4663969,0.0126671423623367,0.011342082390338787,0.009659490724240317,0.012397392575655168,0.013390001664466859,0.013029245192111603
15.356912426719948,4671134,0.0127294077918816,0.011585840480116943,0.009437114554701063,0.011726245752627032,0.012398044184006241,0.011901812956698796
15.3584474915664,4678310,0.0108837937445129,0.011831656163677004,0.009269858897947292,0.011181466527686233,0.01144521470629982,0.011421166812233773
15.359982551272628,4685497,0.0110407559493929,0.012079066014854025,0.009166557601705781,0.010765516103115071,0.010857754961134038,0.01088619796302024
15.361517815350478,4692696,0.0108281156265769,0.012327638160345229,0.009135585416354605,0.010479470928991527,0.010647580706357369,0.010840435927748021
15.363052853710048,4699905,0.0108891669917984,0.012576834938185963,0.009184724249915866,0.010324691363186572,0.010629563231289371,0.010776785800751941
15.364587876223574,4707125,0.0108407189011004,0.012826221060094302,0.00932100023897204,0.010304025635037597,0.010660087131157587,0.010893203571499123
15.366123091473238,4714357,0.0115484910884114,0.013075360801260072,0.009550622987984377,0.010423296292211264,0.010714748842586396,0.011099517846913466
15.367658071378177,4721599,0.0107545256538245,0.013323715665020525,0.009878718393330588,0.010692213479024687,0.010854288984640005,0.010751866340078933
15.369193236346932,4728853,0.0113263401226435,0.013570886013729497,0.01030947888757967,0.01112526786286784,0.011200617425189081,0.011281961616760795
15.370728370776131,4736118,0.0138644953391292,0.013816371536378286,0.010845787789591796,0.011741820235047919,0.011864928959465004,0.01248061907474204
15.372263471196668,4743394,0.0115906352301361,0.014059709540947957,0.011489309903490171,0.012565974020410063,0.012814715441821948,0.012016676753669329
15.373798534155606,4750681,0.0140465578779769,0.014300441452016558,0.012240393785802698,0.013625609312691297,0.013859584468009344,0.013114693865424923
15.37533376638938,4757980,0.0153567110164704,0.014538145994864948,0.013098155276491037,0.01495083309166021,0.014839703650774402,0.01618459942617439
15.376868743808393,4765289,0.017891226172658,0.014772310250199441,0.014059970800297087,0.016570574001924077,0.015822790280598038,0.01659182888383235
15.378403883033029,4772610,0.0150151427889983,0.01500255713257597,0.015122332333003537,0.018510425407897407,0.017121199163694607,0.01718816806072258
15.37993897050281,4779942,0.0201616100204179,0.015228420662882897,0.016279978888637053,0.02078692196444266,0.019162447942127892,0.01919041214282014
15.381474211733073,4787286,0.0188929826988406,0.015449505276641323,0.017526622219316036,0.023404064957689354,0.02230825589404135,0.020422478152450203
15.383009185274702,4794640,0.0269035837191788,0.015665334594769185,0.018854188130369914,0.026347023328521367,0.026628638465441355,0.026350135014179654
15.384544305241938,4802006,0.0354510155799376,0.015875561038364308,0.02025410690198133,0.02958082342648319,0.03173718801418731,0.03623949286148379
15.386079359425802,4809383,0.0359032820126756,0.016079759290048443,0.021716170479802618,0.0330451844443724,0.036891277258493525,0.03668410962261263
15.387614552127603,4816772,0.038608424011291,0.016277571556777247,0.02322956312494127,0.036656229214123606,0.041395466906636404,0.03655219230417388
15.389149671811577,4824172,0.042590889655666,0.016468597699182477,0.024782196995553396,0.04030690793701285,0.04498280821428662,0.04634426766108343
15.390684715203884,4831583,0.0480881639967776,0.016652478622454087,0.02636145162901719,0.043873563469154726,0.047856970164012275,0.051685503812458
15.392219885700293,4839006,0.0468892633848834,0.016828892064678806,0.0279543441610903,0.04722365914402105,0.050392976617754236,0.04872560506266914
15.393754972770076,4846440,0.0516635414777226,0.01699748134677863,0.02954704143909872,0.050224107282099,0.05276716926325136,0.05201856770059465
15.395290179207969,4853886,0.0550842255125804,0.017157950974437085,0.031125879471620894,0.052753717330240174,0.05477284687069351,0.056371370863001785
15.396825295151077,4861343,0.0565424438923053,0.017309976623597415,0.03267668052170729,0.05471196624047518,0.055918758558373645,0.05487122257387292
15.398360317405894,4868811,0.0498715528981243,0.017453273258450978,0.03418557002772253,0.05602886450527439,0.05575586137727842,0.055218325169759455
15.399895447868143,4876291,0.0562363577533639,0.0175875897684656,0.035639122492107815,0.056670365339758555,0.05422026782641242,0.054630425903663404
15.401430477671902,4883782,0.0505979893264254,0.017712654926965818,0.03702393861816075,0.05664023387560074,0.05175197860018003,0.05118923389849661
15.40296560811622,4891285,0.0557699295069916,0.017828249630806696,0.03832758060131927,0.05597869491568301,0.049110324106516126,0.051025762604588035
15.404500835129268,4898800,0.0454306681677343,0.017934154058811127,0.0395381448308085,0.05475696915990114,0.047043002207745044,0.04801609274017066
15.40603595083874,4906326,0.0438534637708955,0.01803015459534231,0.04064446528066351,0.0530696455715799,0.04602237875252897,0.0432119662041665
15.40757095214674,4913863,0.0459406620202234,0.018116072480378786,0.04163657272358718,0.05102469409189489,0.04613787242251218,0.046688897109135666
15.40910603916412,4921412,0.0475764084418984,0.01819175741775835,0.042505738471565274,0.04873328933469842,0.04710434328151206,0.04907183331271407
15.410641207887972,4928973,0.0448355007567663,0.018257065015657315,0.043244308601062875,0.046301420498417845,0.04833373434650266,0.04577478374996201
15.412176251762377,4936545,0.0529548919973478,0.018311863962704896,0.0438458737306343,0.043822867740677535,0.04907719957103341,0.050054892789048386
15.413711370012278,4944129,0.0532273445093432,0.01835605870047521,0.044305585077022404,0.0413734260266728,0.04865417734669014,0.05220528611424419
15.415246558686617,4951725,0.0399790681338107,0.018389564390590477,0.04461991749975884,0.03900963681937461,0.04671429647135241,0.04350543183324627
15.416781612211937,4959332,0.0429025301378652,0.018412314136426623,0.044786793236882755,0.03676880684596123,0.04340543827115033,0.04179436994298204
15.418316728931105,4966951,0.0390887158453932,0.018424268794643386,0.044805667152808426,0.03467003717999365,0.03932187396351156,0.04258645547648161
15.41985190494444,4974582,0.0353950024737405,0.018425404531262058,0.04467740216245339,0.03271841250685016,0.03523703134643133,0.034434699988779474
15.421386935656214,4982224,0.0286104412055035,0.01841571996548375,0.04440433677202223,0.0309089360887187,0.03176884798799077,0.03096664454311788
15.422922018531027,4989878,0.0299307811200341,0.018395233071627846,0.04399013928318693,0.029230106771131064,0.029160653480888102,0.03192277367322756
15.424457149720135,4997544,0.030810540182544,0.018363981417647807,0.043439804122264516,0.027668801805324755,0.027256822298051216,0.02654761362330541
15.425992325392132,5005222,0.0220421169686523,0.018322022956166605,0.042759564435017106,0.026213607917987238,0.02563437742412525,0.02268332754081214
15.427527342248023,5012911,0.0251416832694378,0.01826944343714043,0.04195690915924024,0.024857761884321636,0.023848846375330142,0.02399072316652627
15.429062396587804,5020612,0.0223167221207587,0.018206336398002572,0.04104016751979729,0.02360034331996628,0.021721414266242023,0.02415180204987271
15.430597484630376,5028325,0.0215306605196909,0.018132820086655156,0.040018665649878535,0.022447422795748795,0.019491752561647913,0.021533931944688035
15.432132602611782,5036050,0.0178608771574904,0.01804903246599423,0.038902518052996445,0.021411378286143673,0.017680532161788665,0.017026294044194788
15.433667746785137,5043787,0.01402563724085,0.017955130953342065,0.037702492223138984,0.02050958176663049,0.016784521371493312,0.014375992326876894
15.435202913420593,5051536,0.0177937359868331,0.017851292122465934,0.03642986818483713,0.019762672119323612,0.017095941457319894,0.017053165376617038
15.436738098805268,5059297,0.0200056054271097,0.017737711368763634,0.03509629509172288,0.019192902260488916,0.018672183558584098,0.020975265474975736
15.438273101890491,5067069,0.0212031609120249,0.017614618966655043,0.03371382739708554,0.018823013583517345,0.021202331248430382,0.020909969748497903
15.4398083140054,5074854,0.0218014263186137,0.017482215101803148,0.03229406410819279,0.018675591719872937,0.02381566706033168,0.02292454577518575
15.441343337084062,5082650,0.0286529442946723,0.017340783203086907,0.030849265046398684,0.018773353780025454,0.025312535886077202,0.027106247082753394
15.442878364832351,5090458,0.0256866387812073,0.01719057334759756,0.029390951643552408,0.01913891177068767,0.024958587837084153,0.026197557185062188
15.444413589764768,5098279,0.0228263327152269,0.017031847844053812,0.027930320054029144,0.019794040283083552,0.023107587374616594,0.021942046017726355
15.445948615677707,5106111,0.0194452374372911,0.016864946508594287,0.026478689126698086,0.020756531075434976,0.02093709411795316,0.018907233209783752
15.44748383096364,5113956,0.0197766158906456,0.01669014151106354,0.025046088061714045,0.022035754691098454,0.019619743776718553,0.01883864116749416
15.449018840655643,5121812,0.0237444600254411,0.016507807053691797,0.023642635340040047,0.023624228659672383,0.019838500003208685,0.02173387270607128
15.450554031977628,5129681,0.0233670393856905,0.016318240694283444,0.022276998092685622,0.025490077189605206,0.021827363938134642,0.024635158083324726
15.452089011195456,5137561,0.0256302239676604,0.016121848148874986,0.02095774352295552,0.027567007381064414,0.02538988947972283,0.026224232631956047
15.453624164367968,5145454,0.0245207240563491,0.015918950112608663,0.019691896393279434,0.029750573451345894,0.02974760969238075,0.02756154047932441
15.455159293038122,5153359,0.0268671075714148,0.015709953917377752,0.01848608066498869,0.03189615135049399,0.03372133254026613,0.029907718287223405
15.456694393709103,5161276,0.0323363869865016,0.01549525388618775,0.017345811425670474,0.03382703185900847,0.036414211903059775,0.03597714342000358
15.458229462900368,5169205,0.0459325782404401,0.01527525509553078,0.016275648225504348,0.03534921429743121,0.03775202935991015,0.04162105199302421
15.459764690304167,5177147,0.043575290745265,0.015050344015336146,0.015279070605615518,0.03627350887495759,0.03831297801715921,0.04042532946177471
15.461299685862873,5185100,0.0361169657931609,0.014821001576678953,0.014358979590787812,0.03644134858198932,0.03865544794233858,0.03816636582777583
15.462834832162214,5193066,0.0361207777242552,0.014587602853715716,0.013516864905557483,0.035751474031834096,0.038736081812344295,0.03751247208636986
15.46436993263098,5201044,0.0414205183815256,0.014350616786466762,0.012753671566094624,0.03418060268994794,0.037803312737656844,0.03668563415520929
15.46590498387055,5209034,0.0354038858490541,0.014110490445912205,0.01206936987289161,0.03179497452884258,0.03489413773943839,0.036246390059036654
15.467440174177964,5217037,0.0303608117283362,0.013867646298954723,0.011463057118099976,0.028748334686319155,0.029727753925606334,0.030418799345844266
15.468975307918736,5225052,0.0201101522248235,0.013622572348449317,0.010933249125292602,0.025267785825168407,0.02327682274191204,0.021098333934742572
15.470510381743356,5233079,0.0173171201200751,0.01337573083997319,0.010477694882785838,0.021625488890250903,0.017299643655871774,0.017017917150984024
15.472045583117072,5241119,0.015697407634915,0.013127556363914307,0.010093495407364069,0.01810339965253955,0.013140712688920829,0.014982954309004481
15.47358052683134,5249170,0.0112839913191516,0.012878578564669669,0.009777361336125058,0.014958092228730058,0.0109944955747723,0.011753437516865778
15.47511578110416,5257235,0.0111098137721359,0.012629174148544068,0.009525350062465887,0.012385221201535627,0.010257193044884191,0.009992727589998404
15.476650771131425,5265311,0.0095096561924935,0.012379906008124606,0.009333358045759242,0.010501418742373859,0.010287838951003103,0.009598471972740033
15.478185873780792,5273400,0.0109085713721363,0.01213118231325197,0.009196834605316605,0.009332209301991686,0.010639454254925266,0.010252888608595538
15.47972108492558,5281502,0.0129375592127238,0.011883472240425644,0.009111080815924717,0.008820348361648165,0.010861078214083414,0.01198723995779516
15.481256211407656,5289616,0.0115606655770625,0.01163727341646532,0.00907125671043485,0.008843589403988602,0.010577044763349707,0.011138726884764867
15.48279125000664,5297742,0.010075448136688,0.011393049662588136,0.009072434480149803,0.00924132247177462,0.009905849955719161,0.009685194257975097
15.484326385987687,5305881,0.0097234602669561,0.011151231409188582,0.00910969307175747,0.009844121430726762,0.00952975233025773,0.009617154513853185
15.485861427112896,5314032,0.0100559758235352,0.010912304237009996,0.009178168182855804,0.01049973103611648,0.010093968873860056,0.010051988669166092
15.48739655810168,5322196,0.0125320689090559,0.010676689292809759,0.009273126274734837,0.011092164862484138,0.011540100743446571,0.01267166112505238
15.48893158732758,5330372,0.0138142887217957,0.010444859556787749,0.009389983346744,0.011550534144699903,0.013126191138972882,0.01315653384282919
15.49046669896586,5338561,0.012498171389792,0.010217223679674198,0.009524394645121037,0.011848693584643456,0.014085855458442993,0.01311058167681566
15.49200188902858,5346763,0.0155869703271506,0.009994211580738625,0.0096722552329311,0.01199668480653883,0.01420501709747509,0.01468207502370736
15.493536966803408,5354977,0.0138149387986109,0.009776270718353873,0.009829721699406706,0.012028064412829935,0.013816422718660536,0.013857687942653787
15.495072115652958,5363204,0.0149632524402049,0.00956378526208678,0.009993294380636147,0.011986366227750733,0.01339304016431792,0.013035754593658638
15.496607145471415,5371443,0.0144437146883958,0.009357181332090497,0.010159759340804358,0.011913785661405031,0.013221916408194884,0.013984906638088677
15.498142239081131,5379695,0.01408719552808,0.009156823035306388,0.010326278302977344,0.011843964428026491,0.013347879046874116,0.01352222369730461
15.49967739257986,5387960,0.0135543892818463,0.008963088920910207,0.010490333551605054,0.011799250325465598,0.013626406549107715,0.013020677468627298
15.501212602082846,5396238,0.0136309908018236,0.008776345067601757,0.010649747495103057,0.011791481001713169,0.013765156339429799,0.01413540902368414
15.502747678692767,5404528,0.0131660180298944,0.008596965547804217,0.010802659589310697,0.011824695813112327,0.013465057310096461,0.01398816857047441
15.50428280415742,5412831,0.012801113438838,0.008425266303076027,0.010947572781078933,0.01189808480716426,0.012704026046986411,0.01253560183425884
15.50581779018012,5421146,0.0117172656682401,0.00826159096915068,0.011083266395090684,0.01200789454442845,0.011869585924215947,0.011822174753192836
15.50735300215294,5429475,0.0115050915918952,0.008106209501126175,0.011208862980654261,0.012147941963655089,0.011440101043897737,0.011493506848739081
15.508888067632997,5437816,0.011603906906056,0.007959452793583382,0.011323697543628795,0.01230888193962112,0.011479104223169619,0.011548109597163406
15.510423167299708,5446170,0.0117877284094709,0.007821578972395465,0.011427404415410309,0.01247749863011459,0.011608534211318921,0.01161062101351427
15.511958297386805,5454537,0.011713276146172,0.007692848554211052,0.011519832389061041,0.012636646076348183,0.01160631144384941,0.01165554082912135
15.513493454145104,5462917,0.0117944622913875,0.00757350477267208,0.011601036291423112,0.012766766112949567,0.011851802358910694,0.011803067469377563
15.515028451070863,5471309,0.0124802593970898,0.007463785596865887,0.011671244708500127,0.012848931466021996,0.012893345055767023,0.01259896731305779
15.516563650272502,5479715,0.0161655066995776,0.007363872167996391,0.011730867623063766,0.01286884680188951,0.014587194981321501,0.014957747116954545
15.51809868278808,5488133,0.0149698862220246,0.007273976951202562,0.011780417006059135,0.012820574014174904,0.015967663447540366,0.016838854362481517
15.5196339096384,5496565,0.0165681338091393,0.0071942483736945955,0.011820540771972674,0.012708914361349652,0.01613871476934266,0.01617680794575593
15.521168963014963,5505009,0.0160998328905518,0.007124855856857374,0.011851953415386049,0.01254949489831345,0.015136184919239999,0.015073750994690792
15.522704021480076,5513466,0.0140731070066247,0.007065920290840595,0.011875451690702057,0.012366131202263368,0.01377334839863229,0.013794609920529862
15.524239081401452,5521936,0.0125456333191886,0.007017552849032553,0.011891875725398267,0.012186182219384698,0.01278975194738041,0.012525366420088342
15.5257743199816,5530420,0.01257723572382,0.006979840895905016,0.011902098143319086,0.012034819530032907,0.012345999762975809,0.012370041490841852
15.527309371707975,5538916,0.0125053673530175,0.006952864328784829,0.011907004775674357,0.011929823138736398,0.012226282931937418,0.012732178024691941
15.52884441409407,5547425,0.0126672734329734,0.006936668765505806,0.011907488365952013,0.011877996992499432,0.012220795007088893,0.012396496028506959
15.530379623561313,5555948,0.0123409896099807,0.006931284505388963,0.011904431074043733,0.011874463129414772,0.012228042841913289,0.012234938487981049
15.531914636309631,5564483,0.0122894393143863,0.006936722648343669,0.011898698121973599,0.011904709844817965,0.01219949508321407,0.012238567356545854
15.533449808505402,5573032,0.0123188851015007,0.006952973821149169,0.011891126408148798,0.01194894377320635,0.012167961497152062,0.012274812479229031
15.534984956646,5581594,0.0123353782395985,0.006980006910054271,0.011882521786507927,0.01198753434343852,0.012275871491149849,0.01223855504538857
15.536520077232426,5590169,0.0131383023354348,0.00701777040602889,0.011873651342738576,0.012006191149460785,0.012637983157663664,0.01277491616597003
15.538055166781945,5598757,0.0138353202036938,0.007066192502591122,0.011865239894094933,0.01199956482670776,0.013151484184525868,0.014200754862634555
15.539590221828044,5607358,0.0143434154709654,0.0071251812357279445,0.011857966981711335,0.011972488242668857,0.013506843496539987,0.013530200039515074
15.54112541698392,5615973,0.0126239630765137,0.0071946333196205746,0.01185246419905274,0.011938697156852298,0.013432122230533923,0.012652680594441716
15.542660392415131,5624600,0.0126480454428555,0.007274400909090877,0.011849316066800527,0.011917535172680249,0.012942027882957022,0.013038069464210999
15.544195500558322,5633241,0.0131145113295611,0.007364351236033672,0.011849055294421856,0.011929521344681374,0.012369377582491348,0.013082500549836878
15.545730737194464,5641896,0.0122976936351689,0.0074643172544115255,0.011852165971720298,0.01199198911951549,0.012163362789063,0.01222714397292773
15.547265744175988,5650563,0.013485615021371,0.007574086446662928,0.011859079602772703,0.012115658042431483,0.01260752699573193,0.013131108930741958
15.548800872353652,5659244,0.0150388902770276,0.007693476156456907,0.01187017904744717,0.012302976761576323,0.013641958103556735,0.013957013958933694
15.5503359411302,5667938,0.0141095515248361,0.007822248126781861,0.011885793890551772,0.012548135099932311,0.01489488400666829,0.014966129214561658
15.55187112332996,5676646,0.0164683523028067,0.007960174852766275,0.01190620566544652,0.012838796961244136,0.01589881405960211,0.01597172077515831
15.55340623893186,5685367,0.0165567363976402,0.008106980868341971,0.011931640451497572,0.013158607282777903,0.016343886150626367,0.015724536343546553
15.554941284632596,5694101,0.0166861196371382,0.008262388257271065,0.011962274329139001,0.01349017276203854,0.016201910898934503,0.015527956442959253
15.556476432495494,5702849,0.0156431088735363,0.008426122065914254,0.011998236113946603,0.013817603378957247,0.015662812987189693,0.016169473327619248
15.558011503359632,5711610,0.0168917599603672,0.00859785510255364,0.012039595207919215,0.014128135940392073,0.014975489567211599,0.016083173543506395
15.559546668783227,5720385,0.0150456295046347,0.008777283302085116,0.012086377974880231,0.014413057157717747,0.014325801375846456,0.014674585155051961
15.561081750176887,5729173,0.01316181178501,0.008964048027082358,0.01213854890666986,0.014667440538944476,0.013808758617738929,0.013407475206802143
15.562616918595168,5737975,0.0133062007846574,0.009157818406295207,0.01219603218934819,0.014889479496800112,0.013460431879552712,0.012997390865717065
15.564151996018348,5746790,0.0129547337577729,0.009358207095921103,0.01225868851299547,0.015079209113422904,0.013296997586100503,0.0135440851613953
15.56568715299876,5755619,0.0147302171333947,0.009564858930686473,0.012326342035456446,0.015237378312551973,0.01334153096614122,0.014384846005824094
15.567222212084507,5764461,0.0135700727952186,0.009777360818535676,0.012398753304848362,0.015364318080980516,0.013646225847740626,0.013610008357383687
15.568757343327144,5773317,0.0135069255376668,0.009995335999573716,0.012475651630290598,0.015459326402570837,0.014284793851902247,0.013346241525713773
15.570292369840748,5782186,0.015359087069578,0.010218348787350232,0.012556704723034696,0.015520383305200955,0.015253002810700508,0.015605314558424808
15.571827461177524,5791069,0.0165581885312576,0.010446003693032084,0.012641556236885714,0.015544453769572827,0.016312563152774483,0.017887695068912034
15.5733626134305,5799966,0.0172658021549086,0.010677872022022717,0.012729802891089968,0.015528162708924962,0.016996492556606662,0.016568500720449814
15.574897650559883,5808876,0.0167162063626479,0.010913490401249799,0.012820996614418106,0.015468849443446245,0.016928891483105096,0.016532144535457184
15.576432913258426,5817801,0.0169981605834335,0.011152467778322262,0.012914690481907395,0.015365701158705553,0.016193298747890772,0.01687767158919384
15.577967882011544,5826738,0.0148454396093671,0.011394273165125094,0.013010360875974321,0.015220872264761919,0.015290284261174352,0.014990942971123408
15.579503068639609,5835690,0.0136212092151541,0.011638531597430704,0.013107529074658581,0.015039993796549973,0.014707653807693594,0.014302751780266985
15.581038126338743,5844655,0.0154332688425155,0.01188472821962705,0.013205650347526467,0.014832366969804623,0.014652631222076743,0.015206209767024883
15.582573222926506,5853634,0.0151957371517345,0.012132426188366255,0.013304206447723335,0.014610128167240142,0.01515808822491922,0.015674867790679545
15.584108354615037,5862627,0.0155845585226732,0.012381158582879958,0.013402669057076322,0.014386978225190247,0.016116368712162373,0.0159580040420504
15.58564351763364,5871634,0.017552894228833,0.012630456473813636,0.01350051750107546,0.014176418409877517,0.017038296369375767,0.017015701575936855
15.58717853817962,5880654,0.0163366130668526,0.01287982220402986,0.013597235066265326,0.013990028949920907,0.017139786474316257,0.017147026727546182
15.588713752875494,5889689,0.0171403030995137,0.013128840843604585,0.01369235861038456,0.013836103739736025,0.01609022753735681,0.015969876650242576
15.590248818163555,5898737,0.0142199718277451,0.013376987791908329,0.01378541063207314,0.013719323040070818,0.014540130548097283,0.014581904558387905
15.59178390038912,5907799,0.0138053462922365,0.013623822795727816,0.013875979717410168,0.013641144599764418,0.013505331501780765,0.013556875910189451
15.593318995865292,5916875,0.0134130750481317,0.013868880449401476,0.013963683998427139,0.013601252586234918,0.013286197722987055,0.013360008501690963
15.594854100922031,5925965,0.0134233735145005,0.014111698693633977,0.01404818704987178,0.013599367721309891,0.013370917487195818,0.013384806196056252
15.596389211906091,5935069,0.0134396521068085,0.01435181969552615,0.014129202495435795,0.013636934328173676,0.01333637263480599,0.013418036142315614
15.597924325180964,5944187,0.01372723986506,0.014588790720463053,0.014206497881025825,0.013718043266144425,0.013346296437392666,0.01339084659155213
15.599459437126836,5953319,0.0139784064294988,0.01482216499417257,0.014279897756856005,0.013849132210979574,0.013664494748329807,0.01381979349975972
15.60099454414054,5962465,0.0139559744918239,0.015051502553278891,0.014349285930177116,0.014037330496924428,0.014151280305991495,0.014679245412630808
15.602529642635494,5971625,0.0142600275381127,0.015276371082702868,0.014414606871724585,0.014287722198093227,0.014498140541558941,0.014178212733494195
15.604064729041657,5980799,0.0142039634091624,0.015496346738288619,0.014475866280713102,0.014600174202776187,0.014670555026105887,0.014264261219302346
15.605599799805471,5989987,0.0149603474914231,0.015711014953060428,0.01453313083477085,0.014966601416344805,0.014918328964194328,0.01562360193850613
15.607135018079008,5999190,0.017378223124379,0.01591999359147715,0.01458653276634028,0.015369583927742358,0.015566752377999668,0.016441122723673172
15.608670046707497,6008406,0.0166593601698064,0.01612284353773325,0.014636245369576932,0.015782687663104165,0.016873759206758265,0.017072542018291517
15.610205215309987,6017637,0.0186586842187147,0.016319226644879642,0.014682520279252863,0.01617337815835665,0.01874775168178019,0.01818544473531662
15.611740353710386,6026882,0.0195248258243525,0.01650875065912659,0.014725645832865453,0.016507072814298394,0.0204445543972849,0.018384728465522002
15.613275458437991,6036141,0.0188307482921221,0.016691058708695083,0.014765965754654052,0.01675261946224144,0.020923461070551,0.020541872013532397
15.614810526038305,6045414,0.0249146979823847,0.016865807614851812,0.014803869991128838,0.016887372789746714,0.019815284978164177,0.023205700052846348
15.616345553072938,6054701,0.0185344018151838,0.017032668542398266,0.014839790963707569,0.01690102127383526,0.01784532206349315,0.01888443161638443
15.617880701027175,6064003,0.0156815888510863,0.017191344216462245,0.014874203396031783,0.01679725754406532,0.016108445824282003,0.015254195178705422
15.619415801081283,6073319,0.0146560004212874,0.017341517829912962,0.014907609493201414,0.0165930059578297,0.015160870756159147,0.014918086388978785
15.620951014248194,6082650,0.0148908276224504,0.017482921781516093,0.014940550292056147,0.016315324456547507,0.014959983026897723,0.014638267005852924
15.622486008098477,6091994,0.0160555715538749,0.017615260142770244,0.014973584297963468,0.01599695906746695,0.015276929321941267,0.015206827967862869
15.624021107827518,6101353,0.0178845591728352,0.01773831275645773,0.015007309222467943,0.01567114388443066,0.015765028364524054,0.017353164250455612
15.62555630933964,6110727,0.0153730306891804,0.017851845683474594,0.015042338430327646,0.015367522523684628,0.015900774458794086,0.016166685427252678
15.627091445161636,6120115,0.0139335660919319,0.0179556324186068,0.015079301786624165,0.015109422784869177,0.01536780835261577,0.014552138376777317
15.628626511985892,6129517,0.0149886955624594,0.018049478598267596,0.015118851103016109,0.0149130732076075,0.014461870144704023,0.014732164253341123
15.630161669415209,6138934,0.0143993398388012,0.01813321704778969,0.015161659954600691,0.01478874981397348,0.013766064035728933,0.013947201072628456
15.631696750778817,6148365,0.0134694041964444,0.018206680862038242,0.015208409368944607,0.014743108099899661,0.013504491299939955,0.013425495229021516
15.633231752817148,6157810,0.0140882759492842,0.018269733129088445,0.015259799799463182,0.014781615660265597,0.013587332845107034,0.01382846802738714
15.634766996578758,6167271,0.014266774739599,0.018322266639491814,0.01531655921864766,0.014910330201875084,0.014204780800707568,0.014768945976399314
15.63630199165009,6176745,0.0149198878728847,0.01836416578156121,0.015379400669653662,0.015136018250584492,0.015825189007079545,0.015595893077640678
15.637837220513024,6186235,0.0178466626979631,0.018395364970056127,0.01544908969599558,0.015464799937316507,0.018392590059986433,0.01745286558954306
15.639372194279462,6195738,0.0195773025612208,0.018415795756844586,0.01552636370005224,0.015898881224968887,0.02090589055190282,0.01988609642059183
15.640907393974254,6205257,0.0246088547260865,0.018425426374723552,0.015612019782637664,0.016433336990355263,0.022150962022796872,0.023928935677689656
15.64244249313645,6214790,0.024798132784677,0.01842423531923022,0.015706825759020937,0.017052421472081948,0.021747983774970402,0.02514621068209095
15.643977649278447,6224338,0.0192206939242436,0.018412225171423498,0.015811586045239363,0.01772824355785389,0.02032332093409391,0.019107889645702474
15.645512698115631,6233900,0.017245039391515,0.018389420361435253,0.015927091231573202,0.018421046813429067,0.01880534169630258,0.016617247435464562
15.647047796699368,6243477,0.0180659873465795,0.01835586210420717,0.01605415847918118,0.019082629508027752,0.017764472153188354,0.01836972940331179
15.648582941191895,6253069,0.0194853619139615,0.018311612670246745,0.016193593457312288,0.019661516241656553,0.01731016911227917,0.018381824985363664
15.650117968096604,6262675,0.0171877566216126,0.018256760832682014,0.01634617826020723,0.02010975273389617,0.017297422246308904,0.017572955018878074
15.651653193207574,6272297,0.0182331296303628,0.01819139777260268,0.016512729062037587,0.02038996653250926,0.01750810225531457,0.01777265069863525
15.653188293630668,6281933,0.0170589464635756,0.018115659555247104,0.016693972800570132,0.020480753804926883,0.017768812354716387,0.017071528458304133
15.654723266329588,6291583,0.0183169666761962,0.018029691483591986,0.01689063373604942,0.020380274833505855,0.018040215230939217,0.01809505039393835
15.656258425680294,6301249,0.0207845319009652,0.017933637249061767,0.017103437599474216,0.02010639958662241,0.018424059725837848,0.019883693052001862
15.65779360876029,6310930,0.0177771685136222,0.01782768585261568,0.017332993532203782,0.019694151425573722,0.01906668999367501,0.017992155323889935
15.659328653638571,6320625,0.0181986086429253,0.017712049065783275,0.01757983397747405,0.01919068463652949,0.02001405324571382,0.018548913590463484
15.660863715310846,6330335,0.0234713649282567,0.017586934096463218,0.017844455897331767,0.018648783129170097,0.0210754900044866,0.023293213097069995
15.662398947818229,6340061,0.02148556313588,0.017452562273780635,0.018127263437038403,0.01812068247572332,0.021790939544322926,0.022947267624513094
15.663934031795131,6349801,0.0188008718121746,0.017309214354461956,0.018428456625031647,0.017653341530092938,0.021640609767407913,0.02053810762247298
15.665469121558626,6359556,0.0242235734302392,0.01715714710420325,0.018748189480278597,0.0172854898442693,0.020446890294876507,0.020979069590301398
15.667004213472998,6369326,0.0189320489608214,0.016996647147886606,0.01908643923484506,0.017047872374914983,0.018602342131515327,0.018695205702627754
15.668539303919228,6379111,0.0174242186258332,0.01682801706859231,0.01944301850028694,0.01696553443636902,0.016825826396055933,0.015936770564731514
15.670074389294935,6388911,0.0163525597458222,0.01665157483102916,0.0198175599636974,0.01706155749745186,0.015665698067161303,0.01596623560774179
15.671609466014331,6398726,0.0173466044676292,0.016467653175480674,0.020209502147461998,0.017360857790578638,0.015281403637908357,0.016096114297808065
15.673144686549536,6408557,0.0157139319796957,0.016276579211985564,0.020618118961046653,0.017892678825122507,0.01566789044314945,0.015505536505872842
15.674679735025672,6418402,0.0182966789797935,0.016078752206235402,0.02104234081534321,0.018690205435438898,0.01692485190419097,0.016439858338855542
15.676214919750532,6428263,0.0195604388045116,0.015874505211370925,0.021481040537318502,0.019787635488592033,0.019181718211127356,0.019649615940797067
15.677749925839493,6438138,0.0225069957675209,0.01566426492285896,0.02193268303838428,0.021213003669998058,0.02230343301394579,0.02366885956277601
15.679285060677095,6448029,0.0284280711067729,0.015448385434147081,0.022395677195694297,0.022980328778107233,0.025797156998030344,0.025948310193309624
15.68082016521409,6457935,0.0276343161404848,0.015227295054763921,0.02286805869189669,0.025079264405730637,0.029054001296138894,0.026535642870677945
15.682355235980465,6467856,0.0308733469270416,0.015001410902485962,0.0233476751940682,0.027467554298057948,0.031675676467499005,0.029714515778113123
15.683890423895978,6477793,0.0368719705850355,0.014771135754856963,0.023832197026736494,0.030066444099827828,0.0335917643558017,0.03656895169006855
15.685425416538994,6487744,0.0427267155997624,0.014536950343490573,0.02431893236897984,0.03275987123893039,0.03494225732045522,0.039051838083915824
15.686960672899325,6497712,0.0348860061173989,0.014299225435864633,0.02480523201556848,0.03540268384236103,0.035897382943762705,0.03516431896148216
15.688495727162165,6507694,0.0353107321176825,0.014058480532698217,0.025287970780232878,0.03782953888403072,0.03655952348497857,0.03388133944236488
15.690030883504328,6517692,0.0358980641681184,0.013815121587533176,0.025764105862959158,0.039874096345292265,0.03698189648776752,0.03620880069141758
15.691565984654003,6527705,0.0378102425756604,0.013569631639905969,0.026230314371573533,0.041385624373479715,0.03723794804999645,0.03707045992140997
15.69310102725558,6537733,0.0362084264608154,0.013322473684584802,0.026683216927241134,0.042248183267430635,0.037461115129118025,0.03804580506290217
15.69463616069287,6547777,0.0401766981591663,0.013074089025177428,0.0271194040411701,0.04239517270843332,0.03780939090373426,0.04020622143718192
15.696171228449758,6557836,0.0410013034500221,0.01282497062778685,0.027535339654333746,0.041818261176787386,0.038372660860557836,0.0389605017134228
15.69770637947448,6567911,0.0381089025384824,0.012575563419896187,0.02792757183747807,0.04056906324544684,0.03907738165116415,0.03733201367631601
15.699241457753018,6578001,0.037884070982597,0.01232636234982909,0.028292607913354126,0.03875317393536375,0.039643333610948836,0.03916102203470101
15.70077661179926,6588107,0.0397549694389154,0.01207781257971564,0.02862711054124051,0.036516634351945,0.03963504151732041,0.04011513521279791
15.70231168609966,6598228,0.0389227932829515,0.011830407274148894,0.028927795726373596,0.03402876490087123,0.03861871488445719,0.039097994917505825
15.703846828734976,6608365,0.0359237684115221,0.011584588438104792,0.029191606667690235,0.03146155532425638,0.03637440677634528,0.03681585980740974
15.705381884690494,6618517,0.0317133414375777,0.01134084370181218,0.02941563734383975,0.028972071381619547,0.03305175558965994,0.03178598228037114
15.706917001615082,6628685,0.0292534467577233,0.011099608545077135,0.029597276624386992,0.02668697035467021,0.02916151542981297,0.02873462290964
15.708452175619287,6638869,0.0279055168588663,0.010861338139484462,0.02973417062896606,0.02469475131254642,0.02538948479529209,0.027531261967168083
15.709987252434116,6649068,0.0242543366905319,0.010626504950269323,0.0298242808031102,0.023043849734267603,0.02232651897964635,0.022865522460700293
15.711522379063412,6659283,0.0193076405997315,0.010395528533267941,0.02986594661985254,0.02174655578430018,0.020269051507443667,0.0193406747698856
15.713057401732938,6669513,0.018864982839244,0.01016886669566116,0.029857880401313115,0.02078866367819016,0.019209209236527473,0.019139164329063194
15.714592467017695,6679759,0.018948631521789,0.009946924318902628,0.029799209010205566,0.02014015750427436,0.018990386959330488,0.018996340271703435
15.716127720589288,6690022,0.0192661798037323,0.009730099386187371,0.029689471771717407,0.019766366404863428,0.019458983170937562,0.019248531316471376
15.717662710231115,6700299,0.0212286313309287,0.009518863592177008,0.029528708884382998,0.019636178645473068,0.02043158539661477,0.02141561576924254
15.719197880601842,6710593,0.0228435741525645,0.009313553093365502,0.029317340301657478,0.019726049902609188,0.021531916218513622,0.02203619622197599
15.72073292968228,6720902,0.0213375720055495,0.009114595181309398,0.02905633002442168,0.02002010323672802,0.02219339453287114,0.021556604547975436
15.72226815154352,6731228,0.0217813474811125,0.008922326751219439,0.02874701311165413,0.02050637443190761,0.022002940150455477,0.0226246226952963
15.723803245114768,6741569,0.0209620351773344,0.008737147821538154,0.028391290530433412,0.021170659959974403,0.021082632737831328,0.02119619839824219
15.725338355482233,6751926,0.0182111937928969,0.008559388817452095,0.027991418060314285,0.021990620630754965,0.020034690850967703,0.018916482148118613
15.726873331080755,6762298,0.0188211718784623,0.008389401095891912,0.027550147233032264,0.02293093473314437,0.01950346735478932,0.01969873558840241
15.728408464225014,6772687,0.0222533952515269,0.008227472554563884,0.027070498965232233,0.023942085258252963,0.01994796421315283,0.021339817868511538
15.7299436031563,6783092,0.0215209965097052,0.008073925398823206,0.02655598940970944,0.024961713158435678,0.021819889505609813,0.021939083474611952
15.731478744238562,6793513,0.0255167216551134,0.00792904919475361,0.02601042851958449,0.025920120714905185,0.025495057732477466,0.025089622055803045
15.733013883852427,6803950,0.0311462759885332,0.007793117099056316,0.025437921315133533,0.026747543347955302,0.030536028686231773,0.030247555750037958
15.734548871647169,6814402,0.0340566888493635,0.007666397006588884,0.02484288239814962,0.027382172749552215,0.03516241082783453,0.03420255370504749
15.736083997757769,6824871,0.0436078523341884,0.0075491034646866595,0.0242297594285832,0.02777758141922556,0.03711827862535165,0.03864220074303185
15.73761911164117,6835356,0.0359094701113999,0.007441469994350537,0.02360332607308285,0.027907356513917493,0.035460166945598,0.037548193040682694
15.739154209744262,6845857,0.0310174713975278,0.0073436992498004585,0.022968404613167973,0.02776738270932076,0.03135073202127206,0.028806183912001685
15.74068943438005,6856375,0.0236467471877427,0.007255967359899386,0.02232980878884471,0.027374601612528682,0.02696293202970847,0.024844263908772594
15.742224490105174,6866908,0.0282615738314766,0.00717845597633733,0.021692534121742827,0.02676339144154219,0.023830967829321814,0.026525657563127268
15.74375951948942,6877457,0.0226107381269019,0.007111301895456332,0.0210613404151389,0.025979772208078983,0.022289730861056383,0.025017713731795677
15.745294664224662,6888023,0.021813420974119,0.007054626273656177,0.020440885478799645,0.02507521108745719,0.021954285066477494,0.021028823345126204
15.746829775214543,6898605,0.0193274822678357,0.0070085421679407355,0.019835792469587964,0.024101008212746293,0.022183496794925803,0.02061330045622432
15.748364849004842,6909203,0.0216515455194841,0.006973135720418575,0.01925042302421356,0.02310339669237664,0.02226076969042319,0.021853025779731486
15.749900026669952,6919818,0.0202021312628106,0.006948471047876567,0.018688842080007543,0.022120496039753752,0.02170755273844233,0.021502316979263348
15.751435159832043,6930449,0.0209940229776967,0.006934597600939284,0.01815493844402321,0.021181292993353126,0.020618801026016736,0.021147255455372542
15.752970245086182,6941096,0.0203432353906832,0.006931540559319552,0.01765222380747375,0.020305549656350126,0.019516528797456252,0.02107131571350769
15.754505279043393,6951759,0.0194861351023622,0.006939304637507444,0.01718385816071623,0.01950518548026045,0.018857206952863772,0.019815534818319866
15.756040401958472,6962439,0.0183088371212787,0.006957876323142689,0.016752585567367705,0.01878611222199391,0.018786008945611093,0.018358602324003267
15.757575609813324,6973136,0.0182125979990322,0.006987222429869906,0.016360802541726734,0.018150440425170923,0.01918722214764255,0.017786694087057332
15.759110612232664,6983848,0.0187885823491541,0.00702728088853186,0.016010555647347706,0.017598337268384275,0.019676522949401164,0.018698231780299616
15.760645835455572,6994578,0.0219721311228542,0.007077987541502487,0.0157033050711504,0.01712906462981057,0.019659130966601587,0.020823017946009874
15.7621808466117,7005323,0.0202719780449335,0.007139232717479562,0.015440270503316355,0.016742331552934624,0.01878561466887785,0.02043648173681525
15.763715928126103,7016085,0.0181918395035144,0.007210910901504148,0.015222108593242032,0.016437976069156694,0.017410219912969895,0.017825199792868014
15.765251076066454,7026864,0.016575596737209,0.007292888331460039,0.015049123255788997,0.01621589708499603,0.016320767695705948,0.016310573863206283
15.766786144425303,7037659,0.0160701076816051,0.007385002725645094,0.01492122677407935,0.01607517548598801,0.015947872001304802,0.01603059626604369
15.768321271834084,7048471,0.0163548653028237,0.007487088744153499,0.01483791986209554,0.016013042269613205,0.016051854960155584,0.01625672404202974
15.769856454412082,7059300,0.0163130322771679,0.007598955000655143,0.014798359694844596,0.016024017300989818,0.016196208239408514,0.01630635928711526
15.771391546856222,7070145,0.0164454364396186,0.007720379936682421,0.014801365524459834,0.016099299960716976,0.01624507163064821,0.016453189304936614
15.77292668719436,7081007,0.0164429566503292,0.007851145422509143,0.014845447293985112,0.016226781086073915,0.016303279704258954,0.016332606650534556
15.774461730590732,7091885,0.0168187357974251,0.00799099246611199,0.01492883732332378,0.016391689374003624,0.01643250525815461,0.01680423145448854
15.775996814671895,7102780,0.0168268970682845,0.008139669781554764,0.015049540872828074,0.016577940231436338,0.016617955866998158,0.01669321593685698
15.777531935641845,7113692,0.0177608111668503,0.008296897713313654,0.015205358162794108,0.01676982280278102,0.016871347536775654,0.01812896972829562
15.779067089721735,7124621,0.0183634872822645,0.00846238038825472,0.015393923998376002,0.016953816419396858,0.01718877127340051,0.017413990062726425
15.78060213300682,7135566,0.0172491693233409,0.008635790093080898,0.015612724431936972,0.017120069850979497,0.0174674665344001,0.01729071234234969
15.782137342253527,7146529,0.0174464843350076,0.008816831948974669,0.015859217376946066,0.01726330064333018,0.017592681133187602,0.017650070098923755
15.78367243366248,7157508,0.0174701061170739,0.009005131964431335,0.01613072377415633,0.017382698520423866,0.01758040933243324,0.0174461195247338
15.785207543665097,7168504,0.0176210278027875,0.009200351596241708,0.01642461476576024,0.017481233089403903,0.017550124611387434,0.01753630589062262
15.78674266856668,7179517,0.0181459127747078,0.009402123001260657,0.016738258449588792,0.01756428928009393,0.01757893620975861,0.017935092815415034
15.78827766561792,7190546,0.0178658239042608,0.009610046814830022,0.0170690429415744,0.017638281092646244,0.017653208567431154,0.017819648014830974
15.789812809514112,7201593,0.0178711813691519,0.009823768822242878,0.01741452795210604,0.017709682537709333,0.017751159633669474,0.01781721463149752
15.791347957325875,7212657,0.0184819037853024,0.010042867534930201,0.017772291854809996,0.01778477507433148,0.017904581503317498,0.018026470787370297
15.792883105425688,7223738,0.0179814987333982,0.010266929878766276,0.01814007485362614,0.01787039743558164,0.018157977292514872,0.01809966021387869
15.794418111982552,7234835,0.0183434974310694,0.010495512613594679,0.01851573691075511,0.017975441760872624,0.018498827331280283,0.018236548513229124
15.795953250054533,7245950,0.0189018109346529,0.010728225917473558,0.018897411940073605,0.018112765367264756,0.018850802780827118,0.018947372324849603
15.797488377631463,7257082,0.0205111244724366,0.010964610556525952,0.019283319255152805,0.018300745772202212,0.019130027159981848,0.01972857693454914
15.79902349115218,7268231,0.0192672341550408,0.01120422078316553,0.019671910091263626,0.018564013455635305,0.019305642070233248,0.02005720259751686
15.800558587071972,7279397,0.0201193796569527,0.011446604769212908,0.02006184239804934,0.018932730384343524,0.019419357648823694,0.019308339828756176
15.802093661862552,7290580,0.0191493724107194,0.011691305466614139,0.020451986076442,0.019440270832075873,0.019564758735131332,0.01886169279726379
15.803628848964884,7301781,0.0204795243642596,0.011937883544216484,0.020841459944460454,0.020119551019103267,0.01985821887021681,0.020183744468112132
15.805163870767478,7312998,0.0213962001062466,0.012185830071376948,0.02122949226198806,0.02099816062919105,0.020425392345002957,0.02142197075456112
15.806698997487333,7324233,0.0202364445433704,0.012434721713169509,0.021615660618438934,0.022094149952545987,0.021385021801391728,0.02071413164925226
15.80823408870936,7335485,0.0227136986917424,0.01268406712939493,0.021999643948479558,0.023411649405534692,0.0227897606871046,0.022470734407006143
15.80976927710206,7346755,0.0243805851520369,0.012933418338234722,0.022381387335057585,0.024938996049596807,0.024546950424154314,0.02610471525181924
15.811304286797682,7358041,0.024354787338513,0.013182261071933758,0.022760922655686952,0.026647823061023108,0.026421346402823016,0.026335488792779554
15.812839386403253,7369345,0.0286656433029568,0.013430170343356806,0.023138594034990814,0.02849587758563247,0.0281829132347457,0.027243402614888924
15.814374571896478,7380667,0.0299063810000551,0.013676678499635353,0.02351484251417199,0.030429806733076187,0.02979422753342198,0.030229498157993313
15.81590970399164,7392006,0.0345527614291108,0.013921298953272472,0.023890227414896367,0.03239004382437383,0.03146822269736531,0.0317507409231763
15.817444779324676,7403362,0.0335858387215586,0.01416357076775537,0.02426547793860653,0.03431636544198976,0.03354086850344846,0.03364596653845678
15.818979929413944,7414736,0.035353726017889,0.014403058440138389,0.024641477171802623,0.03615267481215134,0.03624104733495349,0.036148263705581135
15.820515015646718,7426127,0.0386683826813171,0.014639289384486564,0.025019146822505268,0.037850232027291146,0.03946477690154665,0.038546830492735884
15.822050034707305,7437535,0.0456766663540788,0.014871818731386436,0.025399529358672252,0.03937044404464772,0.04268062975785833,0.04386691052218991
15.823585251789517,7448962,0.0503218679804202,0.015100248275332545,0.025783805205198733,0.04068562658927394,0.04511363496450887,0.047730515524879946
15.825120260250555,7460405,0.0439379367885196,0.015324087490995945,0.026173039653689775,0.04177755112327676,0.04618818263672737,0.044817207490643295
15.826655458946531,7471867,0.0428365970514021,0.015542973078855441,0.026568535881589885,0.04263700773664085,0.04591062292195586,0.04241646604783986
15.828190576133329,7483346,0.0423310500782692,0.01575645361762086,0.026971442979926385,0.04326054138676674,0.04483621317027557,0.04519862409116778
15.829725608576153,7494842,0.0506626833569287,0.015964127583647483,0.027382974737024966,0.04364894085156413,0.043659468472834716,0.04793468116323561
15.831260686276083,7506356,0.0421181813904954,0.01616562175363524,0.027804359871557466,0.04380524399999648,0.04278239537153634,0.04438995381377997
15.832795805416149,7517888,0.0377325854585174,0.016360555694227123,0.028236751284409566,0.04373358246047648,0.04214571595465505,0.03901798700016975
15.834330962196605,7529438,0.037560118567507,0.016548561341576583,0.02868124093685017,0.043438988232314804,0.04137095838426774,0.038975195420782344
15.835866020226602,7541005,0.0403931304782392,0.016729268418482643,0.029138799481665652,0.04292798672176312,0.04011940065295682,0.04192410254269525
15.837401108755875,7552590,0.0406639700777969,0.016902352361667542,0.029610373692543403,0.042209627198767044,0.03844266268158608,0.0410238742355993
15.83893622403518,7564193,0.0388418633006661,0.017067486409247986,0.030096749828998598,0.0412970427589848,0.03684152530319295,0.036824140576205755
15.840471362332304,7575814,0.0285765299220539,0.017224358820230636,0.030598570596702825,0.04020886128456205,0.03597841458094561,0.03420218334361402
15.842006519932024,7587453,0.0399950905004016,0.017372673469596284,0.031116314048518487,0.03897021714494249,0.03629508561784279,0.03607082085172573
15.84354156154168,7599109,0.0369580350575695,0.01751213884394468,0.031650226073622265,0.037613160501749274,0.037739312575068545,0.039791075494125215
15.84507674687046,7610784,0.0372691446823662,0.017642515660892692,0.03220048415064288,0.03617556338695796,0.03961668123674746,0.039073345633730876
15.846611809266289,7622476,0.0387736293991357,0.017763535612759833,0.03276685308967185,0.03470041196925537,0.0407122876590887,0.038480848556921604
15.848146876674804,7634186,0.0384090189939909,0.01787498199162945,0.033348992049301855,0.03323267578196687,0.03992014749471871,0.04190159425343547
15.84968207625282,7645915,0.0408293315984013,0.01797665287363431,0.0339463002327416,0.03181697989349522,0.037071965513197955,0.039440813386918724
15.851217142606796,7657661,0.0340231183491254,0.01806833926220304,0.03455774115497447,0.030495283861121422,0.03313923912905217,0.03191910270680981
15.852752203127766,7669425,0.0294006867114076,0.018149877483636178,0.035182132777306745,0.029303942639121755,0.02951127938864203,0.0286156219766359
15.854287384421484,7681208,0.0254755436731604,0.018221119576235435,0.03581798585350005,0.02827273957358611,0.02710556721814664,0.026845303336693452
15.85582242234694,7693008,0.0257252932893164,0.01828191937620427,0.03646332654913901,0.027424738506533305,0.02609193782887672,0.025759125965573074
15.857357573531656,7704827,0.0274190864062714,0.018332172861919804,0.03711606789734944,0.026776333704086858,0.02610720841223314,0.028146743612188933
15.858892704255991,7716664,0.0282396787226566,0.018371780072936224,0.03777362414857212,0.026339146185587817,0.026488559606647803,0.02842534735993735
15.86042781100456,7728519,0.02309203262546,0.018400666800857984,0.03843312812312345,0.0261213903377335,0.026527925432854524,0.02441386845186369
15.861962890278276,7740392,0.0263879054180952,0.01841877912721573,0.039091380124507094,0.026129460191375756,0.025887357764971832,0.023786222475721597
15.863498067588582,7752284,0.0246949931813857,0.01842608368231263,0.03974491032234909,0.026368868791994054,0.024849834208898386,0.02623665441212148
15.865033081282528,7764193,0.0273605945446054,0.018422566160989848,0.04038977193883003,0.026844182215026213,0.024084549745553088,0.026107805358745618
15.866568185700936,7776121,0.0245870982230595,0.018408233374513642,0.041021941432954165,0.027558308871128614,0.024222077494886574,0.024415546171885284
15.868103376817722,7788068,0.0244347755454539,0.01838311047645807,0.04163701103979846,0.02851069485992625,0.02566907067594729,0.024706350658917672
15.869638394215508,7800032,0.0264780392024969,0.018347249945718874,0.04223023037691814,0.02969505833888182,0.02854088042777581,0.027448821133647626
15.871173491099752,7812015,0.0331133756287615,0.01830071438115412,0.042796841023042924,0.031097959314917763,0.03246422581946923,0.03254483892239859
15.872708663496066,7824017,0.040423171330099,0.01824358991760836,0.04333180691179655,0.03269680950685465,0.03651497069410712,0.03855567030032018
15.874243779832256,7836037,0.0383185576899509,0.01817598881376177,0.04382992331565246,0.03445924320887315,0.03966384400798505,0.041249713266492294
15.875778836756597,7848075,0.0361504137978373,0.018098039684195495,0.044285956680549333,0.036343839381825005,0.04144299142267002,0.03949504394217522
15.877313958157504,7860132,0.0412415794570908,0.018009882966383062,0.04469468151546268,0.03830166713241095,0.042173406197441254,0.039746099361614926
15.87884914012938,7872208,0.0413652606197385,0.017911683647574804,0.04505086065902726,0.040278288706323384,0.04259127908023952,0.04485843905664105
15.880384251949828,7884302,0.0496907015828259,0.017803635090203142,0.04534932737039779,0.04221659849392719,0.04329967947482565,0.04626767028472635
15.881919290331908,7896414,0.0407896921918605,0.01768594234663467,0.04558510976673648,0.04406018291513644,0.044456345272130035,0.04238763873183605
15.883454378449786,7908545,0.0449261289854057,0.017558817805455193,0.045753471583728486,0.045756122610825595,0.04578692733712875,0.04398147827578616
15.884989512465834,7920695,0.0517475673471136,0.01742250028030705,0.045849938744094126,0.04725706174249289,0.046836370046639084,0.04908382989386405
15.88652456250184,7932863,0.0471444573667544,0.017277258308819952,0.04587039528835383,0.0485230867909955,0.04730000653145364,0.047295068678444685
15.88805977706388,7945051,0.0430754165409209,0.0171233412002664,0.0458111502771583,0.04952332196934619,0.047216896187019075,0.04507709257176301
15.889594900443084,7957257,0.0503798990309287,0.01696106379138778,0.045669006917304175,0.05023590589672646,0.046900391536250335,0.049338044568884964
15.891129929449065,7969481,0.048013945034391,0.016790733478348543,0.04544132846859894,0.05064881551750636,0.046704387772427594,0.04995131695365933
15.892665111479149,7981725,0.043286637218977,0.01661264310721912,0.04512602687004907,0.05075953383308175,0.04683140920197981,0.043357286544834034
15.894200192032418,7993987,0.0440158465519411,0.016427157131965676,0.044721761729216956,0.05057466931438688,0.04729944311633508,0.043241265481443227
15.895735292868212,8006268,0.0468036536480536,0.01623461069676764,0.044227823983279325,0.05010962475972486,0.048036560146268295,0.05174634988531409
15.897270410284143,8018568,0.0537963469031402,0.016035366574086746,0.04364427072626526,0.0493879223293114,0.04898515806995264,0.05397930736076899
15.898805540594708,8030887,0.0425862196969579,0.015829800230118624,0.042971934071710835,0.04844040697480538,0.05010002879484532,0.04845875033310168
15.900340555803009,8043224,0.0476885654836986,0.015618316468845383,0.04221250827348567,0.04730426058855031,0.05121629364102162,0.047811349240035494
15.901875701104386,8055581,0.0522242403424809,0.015401279664277316,0.041368308985948,0.04602121509806898,0.05189679078429242,0.050803787985973514
15.903410848344466,8067957,0.0484458542360927,0.015179115904866161,0.04044264529077647,0.04463637654563746,0.051451135288617826,0.05251229676845034
15.904945870147822,8080351,0.0518666976211106,0.014952262529830684,0.039439655848132436,0.04319596434815714,0.049262498207834904,0.052965934377262144
15.90648101061648,8092765,0.0487920197301321,0.014721110678986217,0.03836401791343734,0.041744722358149126,0.04528862485880692,0.04678348662256199
15.908016142218113,8105198,0.0350804155366359,0.01448611435183465,0.037221403361520425,0.04032438326702329,0.040315698172952184,0.03719646607395439
15.909551261384038,8117650,0.0336934822331028,0.014247716674668912,0.03601811962121774,0.038971097245323376,0.035637411847881995,0.033686359515925586
15.911086364562072,8130121,0.0331943780108468,0.014006367189536666,0.03476113586967354,0.037713720596904254,0.032394780016804424,0.03366736930996544
15.912621448216456,8142611,0.0340790787493285,0.013762520997865828,0.03345802107855769,0.03657237096807499,0.03114059244020243,0.033145913081259956
15.914156508827825,8155120,0.0324760057126984,0.013516637893557509,0.032116872457901145,0.0355574036191727,0.031802189307714994,0.032956846791228525
15.915691665327383,8167649,0.0347670325507256,0.013269161699590344,0.030746124833581256,0.03466873175491211,0.033737020752685386,0.03181728625101751
15.91722679141852,8180197,0.0339303035842366,0.013020578668980771,0.029354791027895705,0.03389580985229721,0.03579736254674788,0.03340857690278255
15.918761883631571,8192764,0.0398703541504457,0.012771357504078346,0.027952042825852556,0.03321754445157272,0.03673995705339649,0.03978206042696243
15.92029693851306,8205350,0.0389994289887017,0.012521968060304946,0.026547216469249076,0.032602982726441423,0.035966831197387986,0.03875520188618609
15.921832074310403,8217956,0.0309851229344309,0.012272860730068733,0.02514959795061153,0.032012477143032965,0.03392140698531902,0.031143210675655418
15.923367165544262,8230581,0.0281976329520956,0.012024524931987976,0.02376865041899947,0.03139985866299994,0.03168276628942747,0.02945996349723342
15.924902330121997,8243226,0.0322367366408233,0.011777409258601905,0.022413464265800834,0.03071531493750515,0.030182499887305283,0.03126899208328427
15.926437442971308,8255890,0.0323260873106231,0.011531999179481221,0.021093085331536178,0.02990979836711658,0.029716780081457676,0.03260608759895209
15.9279725007206,8268573,0.0351353134277131,0.011288757135143247,0.01981608104169951,0.02894008782135327,0.029880850189949466,0.03264267446697323
15.929507620768485,8281276,0.0255159414455924,0.011048122566169574,0.018590454943493144,0.027774497223773426,0.029775984810387696,0.027325821250095163
15.931042799219368,8293999,0.0234563010897229,0.010810549533140323,0.0174237541347741,0.02639859979850769,0.028505393875007758,0.023929538573650946
15.932577911811013,8306741,0.0288962404684948,0.010576504587773171,0.016322957307094585,0.02481973341091493,0.02581557221816535,0.026848242396350752
15.934112955236731,8319502,0.0217670822421718,0.010346428443434079,0.015294208212522689,0.02306903447717961,0.022324711002406954,0.025592192063922506
15.935648046220656,8332283,0.0218334094591148,0.010120736743847922,0.014342771950053172,0.021200620094003687,0.019036465043543005,0.01980090594274512
15.937183180935142,8345084,0.0166046681419818,0.009899855423476302,0.013473137080166812,0.019287747819804135,0.016633409842995432,0.01722309678952407
15.938718235922597,8357904,0.0145113473708081,0.009684217961349927,0.01268893503873347,0.01741554875560579,0.015216450756994841,0.014595799114753779
15.940253446867851,8370745,0.0131765311251329,0.009474197733644444,0.01199266569069633,0.015670859958676894,0.014515405057500541,0.012867463485865881
15.941788451603028,8383604,0.0145427080910605,0.009270239413936152,0.011386128595871445,0.014132883090040103,0.01415750148047017,0.01437169105925258
15.943323604759495,8396484,0.016724091209227,0.009072679623130086,0.010869835079605622,0.012862170468431997,0.01380719148070651,0.015649661757363105
15.944858783130949,8409384,0.0124893349494154,0.00888190732646088,0.010443519544397702,0.011894866040783846,0.013267732977321017,0.013501347567689791
15.946393864259411,8422303,0.0134049383927298,0.008698296472302629,0.010105926705578104,0.011238826794981109,0.012547231947920942,0.01247144143028879
15.947928963532872,8435242,0.0118360928325773,0.008522178443960287,0.009854812458342355,0.01087461028066837,0.011805950416920105,0.01208577880866538
15.949464077258776,8448201,0.0113380257523783,0.008353885530130683,0.009687083955548868,0.01076067851232185,0.011230998750863527,0.011205769951618656
15.950999201761428,8461180,0.0111120322542504,0.008193735223374368,0.009598819899016418,0.010841180439809459,0.010968938073391676,0.011112748291714658
15.9525342153764,8474178,0.0118551463973553,0.008042040944643974,0.009585337017309428,0.011055089321836235,0.011138170141562598,0.011368507043308485
15.95406935065367,8487197,0.0111861921322732,0.007899065451305844,0.009641270162982695,0.011345005147722135,0.011817549403137145,0.011394768909107903
15.955604485780997,8500236,0.0121501609581765,0.007765090346316019,0.009760665163757076,0.011663895865562601,0.012932129148720595,0.011855233353040295
15.957139617149622,8513295,0.0151664257460407,0.007640368189753006,0.009937064075230678,0.011979256185639928,0.01412717154707301,0.014465562164581208
15.958674741167409,8526374,0.0166830310331266,0.0075251340269720315,0.010163609570059132,0.012274284599314211,0.014859690262212247,0.017091846518061504
15.960209854258764,8539473,0.015554152699114,0.007419604942025574,0.010433149627179329,0.012546647496314293,0.014771492795294666,0.015410173551984771
15.96174495286461,8552592,0.0131490391100923,0.007323979645618584,0.010738344621955763,0.012805704664693635,0.014007286287091438,0.01368299624454435
15.963280033442322,8565731,0.0136548271717109,0.007238438098398255,0.011071775032476125,0.01306915642380523,0.013086793170556311,0.013034668717967077
15.964815092465672,8578890,0.0122509488243551,0.007163141170295268,0.011426047976862553,0.013359836821735176,0.012468566557238015,0.01213461660262756
15.96635024281119,8592070,0.0116064171611002,0.007098225811953344,0.011793929055512348,0.013702979658893786,0.012331159277940634,0.011899994979515794
15.96788536424186,8605270,0.0142085286522806,0.007043819974904362,0.012168357069225741,0.014123687035926579,0.012718467288029701,0.013127206189194418
15.969420453281195,8618490,0.0143146785041311,0.007000025596353977,0.012542619251115364,0.014644422690565049,0.013656302182953573,0.015166430595642811
15.970955506468908,8631730,0.0162865234516437,0.006966924526433748,0.012910410204521949,0.015281897671713193,0.015020568286175581,0.015751892192419924
15.972490636034786,8644991,0.0159709278852824,0.006944577098568913,0.013265934302171246,0.016043398280672083,0.016459138213309445,0.015341002200088336
15.974025722522006,8658272,0.0165437260021315,0.0069330274795312945,0.013603890132514854,0.016922605247187236,0.01761698515562542,0.016060503201541565
15.975560877838724,8671574,0.0191450438654081,0.006932296847969564,0.013919632134646687,0.017896380311842347,0.01842146800466925,0.018591859561805146
15.977095982916676,8684896,0.0203400078527219,0.006942386832768555,0.014209113206965746,0.01892278693452315,0.01908842659142533,0.021024143283666603
15.978631149343272,8698239,0.0191719021226604,0.006963279284092913,0.01446901032915697,0.019942477336319007,0.019885548154399503,0.020825415985805108
15.980166258437515,8711602,0.0194376143139611,0.00699493328943126,0.01469665710294755,0.020882963550715762,0.02089958374978897,0.019903211171793476
15.98170130685358,8724985,0.0215430984375312,0.007037287938991106,0.014890114484496779,0.021666776631404584,0.021952818886582834,0.02137125027537476
15.983236405698996,8738389,0.0239404034632842,0.0070902664388893975,0.015048152314657495,0.022221677800429777,0.022707465182146107,0.023243901357947058
15.984771551132877,8751814,0.0211154633001132,0.007153769902844571,0.015170202404036975,0.022491355475442124,0.022918396438572845,0.02254587535536707
15.98630662524488,8765259,0.0242978101945484,0.007227673629250257,0.015256343183773238,0.022444792055153786,0.022640680966124132,0.02264375180903814
15.987841738665466,8778725,0.0219744065131874,0.007311843457529589,0.015307281301266799,0.022081973692154276,0.022183485404812943,0.023432340702222228
15.989376887604728,8792212,0.0221432238469679,0.007406121434003635,0.0153242777001823,0.021434631563983467,0.021850988744994554,0.021609207300491016
15.990911954727377,8805719,0.0200577750663815,0.007510322381955817,0.015309104409420423,0.02056191535957016,0.021696955965178538,0.02135606749287748
15.992447050188732,8819247,0.0253162050960054,0.007624257052730522,0.015263979521390941,0.019541379777044753,0.021450081660929758,0.02258834780794116
15.993982170249431,8832796,0.0190512172932894,0.007747711134486631,0.015191497326406359,0.018457748975341155,0.020666556352466114,0.019579998488260246
15.995517311187104,8846366,0.0176357535894664,0.007880452281572657,0.015094559792926083,0.017391227033981237,0.019090131142984496,0.017674626540634505
15.997052356428975,8859956,0.0195899534305184,0.008022219806310278,0.01497631305847597,0.016407931491489777,0.016969459927079496,0.01889986259960249
15.998587528194426,8873568,0.0159250657629293,0.008172767534932662,0.014840037856661622,0.015553663131872314,0.014951514800261436,0.01616630250909005
16.00012259724965,8887200,0.0133273057278842,0.008331789732893719,0.01468914178867018,0.014852821434940567,0.01358021623009522,0.013059651804083762
16.00165767280638,8900853,0.0129779158322273,0.008498997487812316,0.014527023682758806,0.014310367261860732,0.012953584010937658,0.012879891280361254
16.003192863402166,8914528,0.0136380259395651,0.008674088716464369,0.014357035433372942,0.013917205891112595,0.012896315929477771,0.01284967948909255
16.00472794088986,8928223,0.012707385900217,0.00885670773807895,0.014182464035568273,0.013656351273672407,0.013277774792437415,0.012844751621081481
16.006263014012692,8941939,0.0148326459344038,0.009046522763938369,0.014006404627772473,0.01350818149618815,0.01398815432266895,0.014973784717040558
16.007798190842735,8955677,0.0158660705412459,0.009243190410551404,0.01383175322642833,0.013454098039044468,0.01472755505148223,0.016366780714966743
16.009333244314266,8969435,0.0139768081817773,0.00944631116733031,0.013661209843109,0.013477727718502497,0.015083774003983771,0.014235214525656865
16.01086839402267,8983215,0.013174572471037,0.009655531421867033,0.013497164165163085,0.013564196929103151,0.014879872611770746,0.013992232509988827
16.012403524768242,8997016,0.0173485515540577,0.009870441972776985,0.013341766545027407,0.013698418281719204,0.014320754050549882,0.015034726688278311
16.01393863302871,9010838,0.013566533396611,0.010090637422596528,0.01319687121962151,0.01386350458667677,0.013764949279640008,0.014226267387768379
16.015473715298135,9024681,0.0133541846056594,0.01031570240631897,0.013064051949817862,0.01404023897756006,0.013445506989310603,0.01318732632248242
16.01700876808687,9038545,0.013701758976643,0.010545212383352803,0.012944614458004504,0.014208035594065969,0.013426281412083843,0.013227016666184678
16.018543898389073,9052431,0.0138551136740631,0.010778751386341639,0.012839610671654973,0.014347230522523229,0.013700500430417227,0.01404239803870197
16.02007899194107,9066338,0.0149432063330874,0.011015862458284585,0.012749891338878579,0.014441981111885532,0.014224947460950274,0.014964656662032557
16.021614155431493,9080267,0.0148531113420808,0.011256115687782915,0.01267611221886208,0.014482976618368705,0.014879548585458778,0.015164128181517847
16.02314927496936,9094217,0.0156701726247761,0.011499040937578184,0.01261880202012007,0.014468997813177517,0.015466957981018497,0.015204018414222295
16.024684347147296,9108188,0.0157995619289316,0.011744180022103423,0.01257839043354145,0.014406964421192712,0.01578953766051726,0.015072779707839492
16.02621947819681,9122181,0.0140447037566171,0.011991088324381791,0.01255526420305596,0.014310419522790281,0.015740669894026088,0.014830589710889358
16.027754554783247,9136195,0.015920465319861,0.012239282723589567,0.012549824482525793,0.014197010718062413,0.015348604185122437,0.016153593139787085
16.029289682834673,9150231,0.0171053350470317,0.012488312983758904,0.012562532098379552,0.014085628539479948,0.014757471496970343,0.017015166631531638
16.030824749386007,9164288,0.0145902805523562,0.012737691881248904,0.012593959333879908,0.013994036544164567,0.014159706835114283,0.01415575779845992
16.032359860062716,9178367,0.0129600916945157,0.012986966989571568,0.012644840829479333,0.013937356463717089,0.01371423529358833,0.012901751731709363
16.033895011052785,9192468,0.0136233454886986,0.0132356682821667,0.012716112869108905,0.013927595409873391,0.013501565605122324,0.013565381813836123
16.03543008994358,9206590,0.0136003282042416,0.013483309285705134,0.012808942784840243,0.013973811760219368,0.013537997606884284,0.013558469462075312
16.036965201908572,9220734,0.0141123441413828,0.013729440697157706,0.012924776791942198,0.014082443689035181,0.013803225201630664,0.0134521052014516
16.03850034318652,9234900,0.0156504059422752,0.01397359834668968,0.01306534467142845,0.014257252736490937,0.014223970369988525,0.015515681180097801
16.040035401914473,9249087,0.0170638728966153,0.01421530483154462,0.013232662153821802,0.014498591119475346,0.014649190006429398,0.01588872676857387
16.041570482815754,9263296,0.0135178777824956,0.014454121666841447,0.013429065448852215,0.014802197134585776,0.01491060180460758,0.013848308619888521
16.04310558217943,9277527,0.0143458521542471,0.014689598482532689,0.013657170228554278,0.015157838102040938,0.014954049811807611,0.014416806533509071
16.04464069631148,9291780,0.0169805887609058,0.014921291205569159,0.013919858780134855,0.015548624617125454,0.014901499960419317,0.015743400142141654
16.04617582153475,9306055,0.0134891894170723,0.01514876290596673,0.014220246747334074,0.0159515750371133,0.014978686797186423,0.014647006223427694
16.047710954188915,9320352,0.0152792316474285,0.015371584629157456,0.014561638697383753,0.01633977133886162,0.0154101879609244,0.015226881787838459
16.049246090630405,9334671,0.0173582013317415,0.01558933621299978,0.014947472983837678,0.016685963980487623,0.016357671994524644,0.01762446479419453
16.05078112026919,9349011,0.0169500678102266,0.015801592497824826,0.015381224662969872,0.01696698378641705,0.017828186745765504,0.01781818848102712
16.052316253585513,9363374,0.0199075593385528,0.016007982913404595,0.01586645566109,0.017168121273601372,0.019534624565816765,0.019168343727186746
16.053851379858294,9377759,0.021630713795932,0.01620810339014521,0.016406551804233126,0.017286206057315547,0.020899571734402517,0.021745910618009286
16.055386495510515,9392166,0.0219149894446665,0.01640157674339065,0.01700475208087195,0.01733107714734394,0.021353151179514085,0.020124632417745883
16.056921596981674,9406595,0.0207801576782657,0.016588038381714562,0.017664027267233217,0.01732494592704956,0.02072155411924808,0.019743143878762557
16.058456680727726,9421046,0.0217329008582421,0.016767136999939862,0.018386984243773132,0.017300188266120613,0.019335081070559805,0.0213091859311009
16.059991849203538,9435520,0.0174605123181723,0.01693854680681264,0.019175826150000696,0.01729642544784635,0.017767436387734165,0.018102510052396693
16.061526886770253,9450015,0.0157770091423536,0.017101921343024303,0.020032034373948848,0.017357951521429844,0.016486896101259058,0.015805560127922093
16.06306200173584,9464533,0.0166323798267648,0.017256975559080567,0.020956669050797874,0.017532383808839203,0.015707541869757004,0.01671802384401271
16.064597190135373,9479074,0.0154697501030226,0.01740341584089952,0.021949950380324414,0.01787085819662384,0.015465196053380703,0.015509639015446768
16.06613223735419,9493636,0.0148708659640255,0.017540946565749834,0.02301113253976439,0.018429278395194704,0.015759055624064044,0.01439998128130925
16.067667350776443,9508221,0.0158846401255544,0.017669327990782392,0.024138865846263707,0.01926996115836368,0.016639777658774255,0.017056035072716354
16.06920242147784,9522828,0.019184985562398,0.017788309071812038,0.025330638656824625,0.020461490461309316,0.018222345954454107,0.020014391559642294
16.07073755089543,9537458,0.019943784405398,0.017897673479008003,0.02658310550317835,0.022076289545382405,0.020641088209428046,0.02066165688804054
16.07227263046111,9552110,0.0257542002967633,0.017997207473294474,0.02789172900984601,0.02418393767112795,0.02396231647811624,0.02372257560529407
16.07380776132322,9566785,0.0274971245583285,0.018086730172686222,0.02925110502465417,0.026841650074136195,0.028095154253159418,0.027332616274332804
16.07534293963665,9581483,0.0327534054584553,0.01816607180529681,0.030654703252118838,0.030081454900492747,0.032772576301614925,0.03149721585621759
16.076877953157847,9596202,0.0405601183586019,0.018235073188055742,0.032094770722776236,0.03389682027695061,0.037656109017765185,0.04002191830396771
16.078413111179536,9610945,0.0438825662963037,0.01829361849006261,0.03356305471168332,0.03823381914889862,0.042515508955578374,0.04422887337666935
16.079948201651295,9625710,0.0423143955721245,0.018341588603932212,0.03504987888928812,0.04298275500104435,0.047332483941304716,0.04339926761469705
16.081483325003447,9640498,0.0513525587082397,0.018378896696762487,0.03654500187860214,0.04798142605231787,0.052231163497581765,0.05120966620278498
16.083018477475562,9655309,0.0677633449657757,0.01840547177784034,0.03803730920770323,0.05302281299181987,0.05725077714117058,0.06367416757233131
16.084553551913178,9670142,0.0676302476609079,0.018421262466935436,0.039514919339253954,0.05787106565562661,0.06211117454912464,0.06477232106325842
16.086088648318306,9684998,0.0632525871367938,0.01842624064985046,0.04096560629959642,0.062283791404033645,0.06615592050508204,0.05985429635074169
16.087623762980844,9699877,0.0645891455998446,0.018420396515877725,0.04237663199283913,0.06603453926645049,0.06858905795171424,0.06266306175149433
16.089158892207603,9714779,0.0761047530168583,0.018403740736699783,0.043734995143715524,0.06893549600947411,0.06893254008931683,0.07285950673402722
16.09069392954421,9729703,0.0712754274540305,0.018376306643669002,0.04502750543683631,0.070855324959258,0.06740063378935583,0.07561030301350949
16.09222907704493,9744651,0.0668291504824494,0.01833814209402565,0.04624129176793115,0.07173067052823077,0.0648838152102483,0.065241121629458
16.09376422813107,9759622,0.0586521529737878,0.01828932041046893,0.04736345315522048,0.07156831874826626,0.06253390179522261,0.05763194548532714
16.09529927687079,9774615,0.0575005961594114,0.018229937913793768,0.04838152146830673,0.07044081802844487,0.06123888642788661,0.05927752758439521
16.096834424423278,9789632,0.0576199071255363,0.018160098681510008,0.049283812230400396,0.06847419969860791,0.06127577902004573,0.061661741073785366
16.0983695647328,9804672,0.0631653427955376,0.018079938111801724,0.05005918874317565,0.06583223047479098,0.06222789229967844,0.0629784814709225
16.0999045923874,9819734,0.0681327986954856,0.01798961384437831,0.05069747153889739,0.06269832053350761,0.06315055771561329,0.06626001850482784
16.1014397076551,9834820,0.0717290779535455,0.017889284426269733,0.051189686636953544,0.059257293354660984,0.06297394252826807,0.06449438360878246
16.102974805000464,9849929,0.0558796898931715,0.017779144986009555,0.051527959163909655,0.055681923230024695,0.061018211074794174,0.05725863115860881
16.104509982264517,9865062,0.0530787907560969,0.01765939531704861,0.0517058346162451,0.05212111207141733,0.057328941996273475,0.05602239215526805
16.106045033045607,9880217,0.0560826506681289,0.017530277424284778,0.051718315335697804,0.048694667076665935,0.052596977311590805,0.05750317577945885
16.107580156430245,9895396,0.050543865442291,0.01739201819086099,0.051562017743035427,0.045489493818446025,0.04773850354573084,0.04812997743743371
16.10911524757339,9910598,0.0368720294635226,0.017244887029065736,0.05123522201243632,0.04256243512895477,0.043462932609324434,0.03769514526812957
16.110650403761362,9925824,0.0390465125405545,0.017089151391684987,0.05073790959967957,0.03994283195313529,0.040073366820310805,0.039073418509890066
16.11218552049294,9941073,0.042875095924523,0.01692511491173599,0.05007188834424659,0.03763828320267207,0.03752323538090934,0.04330758100197331
16.11372059434011,9956345,0.0413058596677692,0.016753087490341188,0.04924073753595168,0.035639529108697166,0.035597922960837136,0.03901365561092257
16.115255722175295,9971641,0.0302533997637398,0.01657338211754242,0.04824974497835528,0.03392578764832973,0.034094266344133616,0.03288067917678608
16.11679080001048,9986960,0.0313554080877658,0.016386349301722614,0.04710606392232458,0.03246969643920271,0.032915273520691485,0.02940068779419131
16.118325924443347,10002303,0.0285026899021008,0.016192329485463675,0.04581839813517454,0.031240622007927592,0.03205163602221395,0.02880493200850818
16.119860991826798,10017669,0.0304315107944338,0.01599170115329185,0.04439721856562581,0.03020792373147493,0.03148367420785827,0.03245171995246003
16.1213960984845,10033059,0.0382833389856512,0.0157848296113317,0.04285432603446843,0.029342668689266632,0.031077178776205062,0.03536394838917102
16.122931240626755,10048473,0.0315759686421255,0.01557210446107333,0.04120298440544718,0.02861914664720456,0.030551470838650126,0.03378698577972288
16.124466315116077,10063910,0.0288532782973477,0.015353940716497483,0.03945781281163261,0.02801544266419445,0.029567071926387082,0.029918338386283994
16.126001417866835,10079371,0.0252662187187366,0.015130735754686151,0.03763428540129946,0.027513374389010112,0.027917311723683,0.023765412306524455
16.127536545139968,10094856,0.0205422786523038,0.014902910155681508,0.03574887996336467,0.027098207751182744,0.025713156234229352,0.021640906078334982
16.129071693213408,10110365,0.0278492434678448,0.01467089327639441,0.03381878329226013,0.0267578107201482,0.023405737401428775,0.026535734811154458
16.130606759625376,10125897,0.025799124719873,0.014435137711618622,0.031861816263912705,0.026481601975577144,0.021603201506019937,0.026263361860675183
16.132141839747323,10141453,0.018472417301084,0.014196072975996616,0.029895845328400533,0.026259268231627872,0.020831316066062897,0.019797862982472457
16.13367702836115,10157034,0.0205044524381943,0.013954134107375239,0.02793882049438383,0.026079541741903637,0.02141763730055513,0.01979263243418731
16.135212124752695,10172638,0.0249868927134971,0.013709808243663477,0.02600893863746776,0.025929016883844008,0.023461531509693743,0.023671687263796256
16.136747223888666,10188266,0.0290420404527734,0.01346354054300454,0.024123674377548168,0.02579107461990402,0.026703528391740873,0.02635468698305687
16.138282322147262,10203918,0.0306859124406562,0.01321579529256627,0.022300075340795016,0.0256452478154433,0.030316495075750006,0.03129828793417352
16.139817415923336,10219594,0.0323025929296256,0.012967039571571585,0.020554434157386274,0.025466990333185772,0.032981438211953075,0.03340589282074471
16.141352501628333,10235294,0.0318110875915404,0.012717742361873079,0.01890209695541849,0.02522806835807038,0.03349986984209833,0.031491687806444985
16.142887673241532,10251019,0.0331112210744524,0.012468357815637474,0.017357190374747155,0.024897672354547228,0.03158001838280952,0.03318145636644993
16.144422731955213,10266767,0.0264700764147092,0.012219387782174252,0.015932844574445996,0.02444448872102216,0.028065321154204757,0.03009028376571008
16.145957869183697,10282540,0.0236179080390282,0.011971270032402052,0.014640379703266083,0.023839389909005745,0.02434271460379822,0.022235959130479314
16.147492983853713,10298337,0.0191074692137386,0.011724488146278862,0.013489832326031622,0.0230592682546125,0.021492969650038395,0.020991532462023253
16.14902807245961,10314158,0.0252997477387265,0.011479507299942696,0.012489480430901385,0.022091150356846605,0.019883867656999905,0.021657291999398084
16.15056322831743,10330004,0.0176457274429536,0.011236773994307519,0.011645807788504457,0.020936546163907766,0.019283082609863653,0.0191993999903966
16.152098254194787,10345873,0.0179680620671223,0.010996776288186955,0.01096364843810416,0.01961580481958146,0.01909523075576943,0.01879984522949858
16.153633436606125,10361768,0.0190750796569692,0.010759921414587195,0.010445777716309487,0.018170546317289645,0.018574997356045238,0.018655429356003155
16.155168482140663,10377686,0.0147221612219547,0.010526700649927289,0.01009334826049213,0.016665980249577914,0.01719740674959241,0.016296798387190024
16.156703580244066,10393629,0.0162147906537362,0.010297524067652105,0.009905519370544902,0.0151890430807629,0.015091706262854589,0.015122525526360321
16.158238727065616,10409597,0.0130018915197596,0.010072824191840014,0.009879727065266818,0.013845435405717046,0.01304293631009782,0.013984279959642153
16.159773822854103,10425589,0.0127409758862382,0.009853038708238428,0.010011654737388583,0.01275302434709568,0.011874115824237627,0.01220483950568945
16.161308960005552,10441606,0.0118881058873236,0.009638568210710977,0.010295334811460933,0.012032473444337319,0.011780060600153568,0.011878378785815873
16.162844039096658,10457647,0.0130123990502421,0.009429830328864998,0.010723218268733004,0.011796322358823871,0.012299109313570249,0.013047568685284443
16.164379152262267,10473713,0.0133189748632653,0.009227205454461639,0.01128636425541079,0.012136636018462328,0.012858054500432481,0.013590507474968698
16.16591429573653,10489804,0.012620738987672,0.00903107602033735,0.011974517401541117,0.013113271677938625,0.01323227520127412,0.01278165122227947
16.167449370586255,10505919,0.0132939247454781,0.008841823714010412,0.01277621792601625,0.014743663669732177,0.01355022743082315,0.012940778907865755
16.16898446855616,10522059,0.0140420085529323,0.008659793276420878,0.013679110852164472,0.016996396591484282,0.014093832913710195,0.014057961377655987
16.170519585930844,10538224,0.0148987988133853,0.008485328208666185,0.014669983894749938,0.019788854774893123,0.015237130614260068,0.015065907151139608
16.172054719011825,10554414,0.0192272639112076,0.008318757712687658,0.01573498425636887,0.02299045566838785,0.017472149732868657,0.01823298717599836
16.17358976951576,10570628,0.023141194757805,0.00816040556324415,0.016859729588544228,0.026431118938421944,0.021268907027888792,0.02460279812740523
16.175124923126507,10586868,0.0285543385311355,0.008010550963055026,0.01802977243204498,0.029915719280396297,0.026750581036737504,0.027713000004059136
16.176659987137242,10603132,0.0283178571272285,0.007869494988168807,0.019230290260107707,0.03323977115065909,0.033433995535060754,0.030047652976914713
16.178195146684885,10619422,0.0407904738330287,0.0077374863025105045,0.02044683587901139,0.03620992458241045,0.040271434306456765,0.036517969584241076
16.17973020967558,10635736,0.0432102429984091,0.007614789967111564,0.02166492325112734,0.038660612516586236,0.045983230712309045,0.044043452133065604
16.18126536070087,10652076,0.0547999371811587,0.007501622199918264,0.022870784591572667,0.0404707715031433,0.04951794717251587,0.052238136544319975
16.182800408277892,10668440,0.0589601343438223,0.007398210046603646,0.024050930329800286,0.041573078551686196,0.05042100160609007,0.05772647473019274
16.184335536454395,10684830,0.0486405509875545,0.007304735621009498,0.025192876734480424,0.04195899684609504,0.04896479187336671,0.05161685997768871
16.185870647803586,10701245,0.0439420933470806,0.007221381482846116,0.0262847643728943,0.04167572993961424,0.04597851109596092,0.041545961568277404
16.18740573879351,10717685,0.0374355829330128,0.007148304407476346,0.027315761080079052,0.040817981246322584,0.04247031082307392,0.038401237327602464
16.18894089906919,10734151,0.0394976607824123,0.007085638229741599,0.028276140378103488,0.03951461201680938,0.03924173571280584,0.039384127657522236
16.190476031684955,10750642,0.0381162913882961,0.007033505331638916,0.029157181771857808,0.037913239581911756,0.036674809143403785,0.038131865996486755
16.192011133158466,10767158,0.0319462264317806,0.0069920033914887565,0.029951418716674436,0.03616430757436498,0.03473260092391791,0.036078606317742665
16.19354620002362,10783699,0.0403921718029328,0.006961209964009121,0.03065261681613321,0.03440747758502041,0.03311337922379483,0.035289891600538345
16.195081321420773,10800266,0.0317075030061593,0.0069411814537849335,0.031255832260049445,0.03276159237237278,0.03148044993387078,0.03183179154597061
16.196616401041744,10816858,0.0268479533145988,0.00693195696298447,0.03175730684863674,0.03131946554001336,0.02968495279683714,0.026978781043789337
16.198151527775913,10833476,0.0266324111459129,0.006933553383756873,0.0321546042036754,0.030146143791478654,0.027867393427480975,0.02633029235325139
16.199686605632532,10850119,0.026571399470537,0.006945967591742385,0.032446464093264744,0.029280996266374572,0.026375222633051813,0.02784634284156784
16.20122172325066,10866788,0.0287307714870164,0.006969176831357421,0.032632857752746144,0.028740724149060273,0.025573026554239976,0.026999836593219823
16.20275687683829,10883483,0.0256471263954471,0.007003138139369789,0.032714865445491376,0.028522771267217632,0.02569208485840426,0.02620197847854169
16.20429197087916,10900203,0.0267860725116045,0.007047785208094143,0.03269464148509622,0.028607156379177053,0.02676955492821673,0.026892128137709238
16.205827093638415,10916949,0.0285606776168602,0.007103036211091173,0.032575335905130384,0.02895669073400982,0.028632528583891197,0.027282010334826898
16.207362149914562,10933720,0.0300696055951132,0.007168783301482384,0.03236101183359373,0.0295159084342239,0.03091316784684758,0.029005721699763592
16.208897319043967,10950518,0.0333529067889444,0.007244910825652316,0.03205650224831019,0.03021008980873499,0.03313831099290797,0.033700132798989535
16.2104324145388,10967341,0.0361386705906543,0.007331266591838008,0.031667412202593094,0.03094550311321443,0.03487868306853029,0.03827844908131884
16.211967524168173,10984190,0.0405650920266469,0.007427692334340433,0.031199900706152927,0.03161328542049238,0.03586385409515152,0.038354362806946415
16.213502644257886,11001065,0.0332032713156144,0.007534006494971233,0.03066064113402308,0.032096897651815906,0.0359906556274739,0.03450409421118572
16.215037680389678,11017965,0.0317898589614601,0.00765000165548091,0.030056735249190447,0.03228363259543055,0.03526728860255719,0.031558679083763704
16.21657281058385,11034892,0.03347358542243,0.007775472939612939,0.02939545927255414,0.03207862148324176,0.033781015277896106,0.031496622123647636
16.21810794031617,11051845,0.0308288446408406,0.00791017722624644,0.028684374159365998,0.031418898816351244,0.031719184538073805,0.03308256595189776
16.21964306597936,11068824,0.0357155140122359,0.008053860507275919,0.02793108488411484,0.03028489532087296,0.029382052156425132,0.034215479980027476
16.22117818398274,11085829,0.0329700668947249,0.008206251787804954,0.02714317834358744,0.02870640256832214,0.02711507707237968,0.030387280965363164
16.222713290752186,11102860,0.0238887107298389,0.008367063603042173,0.02632813350703246,0.02676126543502067,0.025169618052147597,0.02303735463928835
16.224248382730078,11119917,0.0201042043254069,0.008535992566756145,0.02549323870319712,0.024566348599526923,0.02357978101136548,0.01954327429424876
16.225783456375236,11137000,0.0188888048088888,0.008712719950212628,0.024645516847374795,0.022262003174263807,0.022138355710138443,0.02043152330229516
16.227318597815945,11154110,0.0236492755553359,0.008896923259419959,0.02379160931408178,0.019992623021910634,0.02050942600019017,0.022707560587214848
16.228853713615685,11171246,0.0207821968006576,0.0090882447408244,0.022937869048138937,0.01788761809046383,0.01846530171571927,0.022687065606354785
16.230388800282963,11188408,0.0175406096447538,0.009286323331665956,0.02209016285333851,0.0160452013470049,0.016117284257491392,0.01677671464174543
16.231923943583656,11205597,0.0117890857238202,0.009490797286140815,0.021253834080258795,0.014523310795515379,0.013906069101212027,0.011945436611685383
16.23345905054382,11222812,0.012778169906283,0.009701269331672906,0.020433820383355488,0.013338919236125952,0.012285914259975139,0.011771509359571716
16.234994117721193,11240053,0.011620404635674,0.009917342252680122,0.019634485299214487,0.012474547305828221,0.011408770728867217,0.012455331214970692
16.236529230520677,11257321,0.0111587406089261,0.010138621238719227,0.018859612709904622,0.011890823558325868,0.011152157326522786,0.011226471165838131
16.238064296428554,11274615,0.0113040059871504,0.010364676310108203,0.018112539769359386,0.011541275092198645,0.011366620265767981,0.011046652630119095
16.23959940061009,11291936,0.0111871433935689,0.010595094311706282,0.017395982681807018,0.011385275402493424,0.011940472273150421,0.01197777177160052
16.241134539280207,11309284,0.0122218003682971,0.010829441101757108,0.016712182683938155,0.011396386869563895,0.012654478801892887,0.012506102777386036
16.242669620383683,11326658,0.0149476403880146,0.011067261286088016,0.0160629148990893,0.01156387557399884,0.013189804613103599,0.01420429698822115
16.244204728727826,11344059,0.0158724442560608,0.011308120086374475,0.015449398871671845,0.011887634931122357,0.013381201331878867,0.01510964149870856
16.245739860578222,11361487,0.0122379474945127,0.011551563525877218,0.01487244453898574,0.012368261779029215,0.013368776530304074,0.012379860315436352
16.247275012217447,11378942,0.0120264213339609,0.011797132703712907,0.01433244425964436,0.012995509473855178,0.013456778792162855,0.011703057570414139
16.248810092198188,11396423,0.0135845268412543,0.012044350498816582,0.01382943600906852,0.013738736622888634,0.01388855316941269,0.013808334676805586
16.25034518485288,11413931,0.0161099067863809,0.012292764894797767,0.013363053749438624,0.014542718949903896,0.014707090446191916,0.015895762641413534
16.251880286514144,11431466,0.0157952868635932,0.012541907571121927,0.012932658260796011,0.015330180182769469,0.015664344124016145,0.017622279497730205
16.253415393531398,11449028,0.0167474147968151,0.012791308817992526,0.012537344838043626,0.016011343138144445,0.01627421826414005,0.017788487079361186
16.254950502270788,11466617,0.0153057594420418,0.013040498430811029,0.01217598291456748,0.016498366093543586,0.016157457584749832,0.014811136998846461
16.256485609115146,11484233,0.0138282991492919,0.013289006605549315,0.011847254933654043,0.01672136099510355,0.015410676926824123,0.013654818854422563
16.25802071046394,11501876,0.0150711804418695,0.013536364833284928,0.0115496938818271,0.016642136224451733,0.01454322016313555,0.014600149795457382
16.259555802733214,11519546,0.0146314251445098,0.013782106792172902,0.011281718975398185,0.01626227864422395,0.014064389022914181,0.014561504973789788
16.261090969031365,11537244,0.0143771600103778,0.014025782925815538,0.01104165627503482,0.015623489500407827,0.014206378182688599,0.014464207494567775
16.26262603232287,11554968,0.0158577173399427,0.014266906385286654,0.010827822119201035,0.014800236535131102,0.014872494612423303,0.015585684394245085
16.264161162292304,11572720,0.0185254276096214,0.014505049864985447,0.010638459802185925,0.01388579764255049,0.015580709439767557,0.016533221019819723
16.26569626874633,11590499,0.0152647592053687,0.014739750835362681,0.01047185267219446,0.012975865099057854,0.015578656890840863,0.0157456272944517
16.26723134818375,11608305,0.0137965621389201,0.014970567007815462,0.010326296195614367,0.012152453073962722,0.014428323833031198,0.013197124838886075
16.26876648313274,11626139,0.01166550029987,0.015197076047193833,0.010200122716844092,0.011472254872911543,0.012558725378637633,0.0116928440624815
16.27030158384765,11644000,0.0121253340005906,0.015418838118701143,0.010091738425208255,0.010961673665001026,0.010945716180675951,0.011523874669616106
16.27183673262599,11661889,0.0114783330082249,0.015635447451621372,0.00999960719244988,0.010618740227933462,0.010166342136439115,0.01059357524205547
16.27337184001951,11679805,0.0100876351979584,0.015846483524054246,0.009922284522834541,0.010421282213309253,0.010017642331266998,0.010036950027678565
16.274906902609118,11697748,0.010151767995532,0.016051548977144198,0.009858406747340483,0.010338306777380785,0.010074448571522168,0.010102413446811037
16.276442002347153,11715719,0.0105178195672105,0.016250268672256252,0.009806699324350262,0.010341630631074263,0.010254302152717377,0.01045501171866709
16.27797713545374,11733718,0.0109852022729367,0.01644226749064093,0.009765985816252591,0.010414517330862303,0.01067663126765641,0.010862148885186277
16.279512213072376,11751744,0.0107516189547099,0.01662717295020862,0.009735184869148629,0.0105551964122376,0.011275035203825636,0.011055601377091244
16.28104731681221,11769798,0.012170931623613,0.016804646910810746,0.009713303536270791,0.010774665574906892,0.011816058362419028,0.011318315824788575
16.282582442943998,11787880,0.0125987451142584,0.016974354404859754,0.009699440934754715,0.011089602925904572,0.012183879905216924,0.012154569804544962
16.28411758775548,11805990,0.0127768033389252,0.01713597514227191,0.009692781901611727,0.011512623715870404,0.012470320987931506,0.013209796551704525
16.28565266297847,11824127,0.0131237239159224,0.01728919591656773,0.00969259226016537,0.012042681855601176,0.012832163258524432,0.013361512519577127
16.287187749766815,11842292,0.0132568925081368,0.017433736796823612,0.009698213559330194,0.012658536279869652,0.01333490728026921,0.013664935784477474
16.288722928771847,11860486,0.0134759097842789,0.017569332308374624,0.009709059203573052,0.01331701570039678,0.01387171485713678,0.01381650623284804
16.29025802759161,11878707,0.0142261093177505,0.017695711801550884,0.009724605666738915,0.01395682463987937,0.014197303137801695,0.013091373438543625
16.29179312704046,11896956,0.0140808746505832,0.017812644674331142,0.009744390613965977,0.014507635838901693,0.01411953815383906,0.01369746090005347
16.29332822350632,11915233,0.0166600324693051,0.017919910494943757,0.009768005462396177,0.014901850153463589,0.013695250316858788,0.01487107785929061
16.294863313393734,11933538,0.0138534285072904,0.018017307128126832,0.00979509083665047,0.015086957979047006,0.01319495899569595,0.01351288856057651
16.2963983931238,11951871,0.0129834006768751,0.018104651119057846,0.00982533194619,0.015035588782701092,0.012884146587010209,0.01258365128556027
16.297933542674702,11970233,0.0127956960324194,0.018181781958007542,0.009858456267259796,0.014751107243205632,0.012878490238339483,0.013056806454731128
16.29946867470367,11988623,0.013093728435429,0.018248549496624383,0.009894224437787468,0.014267692164913562,0.013140785320236718,0.013205210109208788
16.301003785681797,12007041,0.0132460175200487,0.018304828249033945,0.009932432015641108,0.013644831098847272,0.013501972476472395,0.013767484919643937
16.302538872096537,12025487,0.0143681177035618,0.01835051258452392,0.00997290503286958,0.01295749610566722,0.013707812306357063,0.0142737465129784
16.30407401348081,12043962,0.0124228856871952,0.018385518529227478,0.01001549985722617,0.012283973647483792,0.013566722810416558,0.012726404671431003
16.305609040168967,12062464,0.0127621638509565,0.018409776928964318,0.01006009168846582,0.011693918713705481,0.01309452000333971,0.012111684889544366
16.307144197403225,12080996,0.0138972910491503,0.018423245811617563,0.01010659161102163,0.01123824222032032,0.01247984252092604,0.013234835661219656
16.308679315678845,12099556,0.013791884315796,0.018425897363286533,0.010154920796891946,0.01094342923913566,0.011913168309688488,0.013335418597695546
16.310214391565502,12118144,0.0120718972497225,0.01841772744491037,0.010205025764635446,0.010809927993170008,0.011476674034178493,0.01177886798484335
16.31174950404325,12136761,0.0110963053873558,0.018398751081351243,0.01025687498288576,0.01081530381565895,0.011177255119365412,0.011044015443217148
16.313284649334676,12155407,0.011283620673925,0.01836900332000824,0.01031045197904806,0.010920824869657567,0.011046603219388986,0.011228022987092584
16.314819741537775,12174081,0.0114666841179863,0.018328542051831567,0.010365753367252881,0.011080014509771913,0.011197638532102285,0.011236206302725482
16.316354859303065,12192784,0.0113756526626308,0.018277441681055707,0.010422796091435142,0.011247579978202627,0.011748395279025985,0.01134402361338056
16.31788991701385,12211515,0.0127580988029712,0.018215801630572796,0.010481603886820692,0.011387030336007476,0.012625228833059434,0.012521161963773142
16.319425074865787,12230276,0.0132469957210907,0.018143731129372162,0.010542220968964615,0.011475924032464791,0.013450591108221078,0.013803896255754027
16.32096016551138,12249065,0.0125998306109656,0.01806137340032136,0.010604687947835275,0.011507972925433324,0.013736912415699607,0.013473213892508207
16.322495267163955,12267883,0.014205043924371,0.017968879890482303,0.010669062269694825,0.011492119771920847,0.013285835939194293,0.013549957902024774
16.324030376163734,12286730,0.0120068428136984,0.017866424801244014,0.01073540340943388,0.011448923846245403,0.01239461127571941,0.012907797163103047
16.325565488867696,12305606,0.0116175174554847,0.01775420118932961,0.010803774095995363,0.011405210633612106,0.01163903954577353,0.011623457643025192
16.327100601649548,12324511,0.0117434436403558,0.017632420599093444,0.010874238429572889,0.0113880237276905,0.011441297814492055,0.011510155724530687
16.32863571089964,12343445,0.0117681461478671,0.017501312659335404,0.010946860141818953,0.011418978150287024,0.011809037579016754,0.011766069200903412
16.33017081302495,12362408,0.0134079834827471,0.01736112464541659,0.011021701069775354,0.011509961568730914,0.01240901157231318,0.01272404674457833
16.331705904449,12381400,0.0137500422174725,0.017212121007538564,0.011098819915382854,0.011660856025545377,0.012844829036279436,0.013383980501170286
16.333241062254245,12400422,0.0129644396618035,0.017054574371033627,0.011178275596294042,0.011859611267815741,0.012915179619008847,0.012809462373323314
16.334776121488648,12419472,0.0126849614239989,0.016888798568980627,0.011260109955674062,0.012084540709205465,0.012701230846990532,0.012493607358557526
16.336311239786625,12438552,0.0125002375133124,0.016715089056404377,0.011344377307084319,0.012308593862318282,0.01244942358189601,0.012419044147218696
16.337846332995586,12457661,0.0124036571173244,0.01653378217365738,0.011431115186169195,0.012504610094739355,0.012349129552532869,0.012401254062949415
16.339381477770416,12476800,0.0125121544534967,0.016345210083150215,0.011520367210609686,0.01265092316886029,0.012403782548542717,0.012483125375252665
16.340916590238862,12495968,0.0129215807419416,0.01614973802668195,0.01161216654830123,0.012736107633465646,0.01251562073391664,0.01258954148312392
16.342451666940086,12515165,0.012763503813502,0.015947734961915074,0.011706551771086208,0.012762117148001939,0.01264949410274433,0.01274446189543662
16.343986784209893,12534392,0.0132611925463077,0.015739571185543703,0.011803570185612238,0.012745016621531022,0.012833861527009206,0.01297045069626624
16.345521858594445,12553648,0.0129566250912101,0.015525649976230042,0.011903265930909948,0.012713041361694197,0.013019874040332443,0.0129356122113246
16.347056966217707,12572934,0.0130177283685203,0.015306363590263702,0.012005703733020933,0.012702076761659286,0.013082325925837057,0.012970787648227693
16.348592103317714,12592250,0.0132927486162189,0.015082125158652912,0.012110957579809534,0.01274915513015523,0.01302494356709737,0.013226197845703941
16.350127186857453,12611595,0.0131456469991757,0.014853369148609706,0.012219114107693095,0.01288496012141114,0.013055600601596813,0.013153594971627415
16.351662292644434,12630970,0.0133709384164915,0.014620515146287587,0.012330293425818194,0.013126697000798857,0.013342012915078175,0.01361334086222955
16.353197416967195,12650375,0.0141027528070955,0.014384002016009048,0.012444636759613981,0.01347269499001854,0.013782889529371463,0.014096227796337377
16.35473255613121,12669810,0.0141726333007131,0.014144275571533043,0.012562315647839504,0.013900038410789097,0.014141279222242559,0.013971571970649289
16.3562676276521,12689274,0.0151069895460885,0.013901800238379634,0.012683529041083524,0.0143660578922136,0.014335887398210283,0.014867599059990537
16.35780278560334,12708769,0.0155048059708288,0.013657008235918124,0.012808531227224614,0.01481406805662105,0.014497235878329432,0.014742046864740524
16.359337868847938,12728293,0.0137435369829282,0.01341038614955072,0.012937589876838565,0.015182454031617094,0.014807498924029772,0.014008698557246334
16.360872952564694,12747847,0.0145734824756884,0.013162386410759862,0.01307103167207594,0.015416430198641516,0.01535833675743542,0.015200763134129358
16.362408111466646,12767432,0.0183520319246178,0.012913463851789547,0.013209224187076766,0.01548001759999921,0.01604051984036107,0.017458554730752068
16.363943185190447,12787046,0.017018302496419,0.012664113174669886,0.013352552712415136,0.015366434041620212,0.01648196399359839,0.01688117924787934
16.365478326686826,12806691,0.0167367146927268,0.012414779088949678,0.013501467932457496,0.015104639314991853,0.016278241636014972,0.0160567289364709
16.367013376106083,12826365,0.0163742158850118,0.01216595700807101,0.013656423606067428,0.014760442320771755,0.015464243348412517,0.015372444941355135
16.368548485952083,12846070,0.0146203291505541,0.011918090729780808,0.013817932082750376,0.014431197477896127,0.0146256885441781,0.014455003578760041
16.370083574612515,12865805,0.0145456273781877,0.011671660177683264,0.013986503161782536,0.014234689216265832,0.014361121183518398,0.014396671187560023
16.37161871618179,12885571,0.0148680902068989,0.011427117543858598,0.014162676128150595,0.014293202849565841,0.014731896165373489,0.014682967559913919
16.373153829320177,12905367,0.0152407558677476,0.011184936297537525,0.01434697580013333,0.01471535173366536,0.015378957573007841,0.015289677988110456
16.374688910549022,12925193,0.0161915585689833,0.01094557285820534,0.014539927158770151,0.015578395706062217,0.016038956313813024,0.015783608405545723
16.376224033655486,12945050,0.0171961542677062,0.01070946647289893,0.014742044973527716,0.016914189810191486,0.01680006408655511,0.016621907692410207
16.37775911770669,12964937,0.0197137152070156,0.010477074164601419,0.014953789974260626,0.018700815810525833,0.018017704934174567,0.01927659499766292
16.379294236285794,12984855,0.021688309583098,0.010248822374246616,0.015175595094262166,0.02086215725364043,0.020127249885441748,0.022012281534711728
16.38082938562483,13004804,0.0238971496421154,0.010025141737260278,0.015407819474561964,0.023274761577059884,0.023296639564065587,0.023047552865347168
16.382364485196206,13024783,0.0230758360379292,0.009806465081822325,0.015650730236540688,0.025781602518871124,0.02698950854000836,0.024506030107404965
16.383899608278348,13044793,0.0291033956721819,0.009593193615235071,0.015904522723740794,0.0282109117256196,0.03003823310106994,0.02729793304216581
16.385434674612522,13064833,0.0308017189286868,0.00938573987544451,0.016169256017346312,0.03039586603860131,0.03148484054360545,0.03183421014038531
16.3869698336984,13084905,0.0364601068617886,0.00918447451990297,0.016444902260898835,0.0321939533287727,0.031391475538054235,0.035439969362548084
16.388504928886775,13105007,0.0328440135343134,0.008989797226906317,0.016731238227208036,0.03350102355065897,0.030736317655344042,0.03350041660232098
16.39004003305174,13125140,0.0275632736152788,0.008802064977014376,0.017027926588200824,0.034260767322522735,0.030637666735824413,0.030045370071085566
16.391575142542834,13145304,0.0319813744621939,0.0086216318085321,0.017334449382301095,0.03446638284243192,0.031732640064007014,0.029189280460844822
16.39311025372632,13165499,0.0307047281012644,0.008448837950614076,0.017650111154661526,0.03415632669265823,0.03393317613365014,0.03095720420770865
16.394645362985152,13185725,0.0366398673215429,0.008284009175575612,0.017974030728344078,0.033404902449886566,0.03635202519237645,0.037098997910903916
16.396180466718913,13205982,0.0462293224274748,0.008127456179013165,0.018305135378287797,0.032309772684827265,0.03757606532910219,0.0424835595633055
16.397715561343777,13226270,0.0389262344356768,0.007979473988929894,0.018642157678697084,0.030978598471502423,0.036509004220089986,0.0372181892522843
16.39925064329243,13246589,0.0323424926016783,0.007840341405011868,0.018983635259556837,0.0295168127430575,0.03321930721568339,0.030788171677796038
16.40078578438939,13266940,0.0287391944305447,0.0077103143125481985,0.019327930611429206,0.028017940799978318,0.02890639551817084,0.0291355153503748
16.402320905493696,13287322,0.0221160305851191,0.007589644602543157,0.01967318631178469,0.026557634515206163,0.024999813276384748,0.025339575496214187
16.403856003087856,13307735,0.0225178388435159,0.007478559370405793,0.020017385119506497,0.025190757903169353,0.022322461706254133,0.021711552200679815
16.405391073670724,13328179,0.0210272973470304,0.007377267558731199,0.020358346112708283,0.023951793340125385,0.020976407727809832,0.022001651897981894
16.406926188671335,13348655,0.0219368464654256,0.007285955352591899,0.020693757120700755,0.022857315183659046,0.020702629269400852,0.02100845502380972
16.4084613442763,13369163,0.0190076900932703,0.007204795754690555,0.021021160451494093,0.02190986732607057,0.021158414487810542,0.019381693131619616
16.40999638732095,13389701,0.0233602099064939,0.007133948957737361,0.021337962253581855,0.021102086274750426,0.021950437338924024,0.022543263603805614
16.411531538422775,13410272,0.0242400344466728,0.007073538146137456,0.021641566170209407,0.02042028018440169,0.02261939287595861,0.025459093160603057
16.4130666445651,13430874,0.0244070929972917,0.00702368373450149,0.021929247616859347,0.019848025314516852,0.02273262128411794,0.02192904911407153
16.414601776686368,13451508,0.0220988712068586,0.006984477101515429,0.02219830576228905,0.01936828862743281,0.022056214043492305,0.020769295175256774
16.416136856830725,13472173,0.0200543554842668,0.00695599379013117,0.022446025191923184,0.01896525765736204,0.020684455533989246,0.02130801116267272
16.41767195574115,13492870,0.0188900983381288,0.0069382857730880855,0.022669762373078623,0.01862529546830631,0.019015368317200517,0.01879542120187088
16.419207069722233,13513599,0.0182125082316754,0.006931386792993958,0.022866942649280544,0.01833757322218244,0.017542789461394915,0.017473445985226144
16.420742195095436,13534360,0.017389279747183,0.0069353101366318275,0.02303511036340927,0.01809424762864433,0.01659227709887383,0.01730997711263041
16.42227725442636,13555152,0.0158072879358623,0.006950047641256383,0.02317195991370695,0.017890400271614964,0.01623194160755015,0.016137214180813646
16.42381239172859,13575977,0.0173663551083541,0.006975573063937893,0.023275397134517536,0.017723729266414766,0.016423016471121273,0.01623880746351438
16.425347529487876,13596834,0.0172272571726437,0.007011837877448307,0.023343535394924717,0.017594198252401726,0.017150491141470957,0.017688673541681226
16.426882590658945,13617722,0.0191414138642003,0.007058771180995958,0.023374757343523764,0.017503508088281855,0.018281604382319884,0.01787164992517502
16.428417718626932,13638643,0.0179264365112637,0.00711628887907026,0.023367744215458126,0.01745456378069622,0.019364741053641315,0.01902058050863595
16.42995283626692,13659596,0.0219304621071706,0.007184280361429473,0.023321496799847706,0.01745094926095603,0.019811772922812707,0.02099716888896864
16.431487940017057,13680581,0.0205760787977956,0.007262617196537381,0.02323537035961659,0.017496308122049255,0.019401967433335453,0.01892502379818023
16.43302302633193,13701598,0.0168254443712287,0.007351151384073825,0.023109095926144643,0.017593642364348544,0.01849573557261441,0.017755439838640977
16.434558164554797,13722648,0.0202715509730487,0.007449720552873592,0.0229427913149412,0.017744444170256272,0.017686603490075174,0.018938105363440108
16.436093278077237,13743730,0.016254393262166,0.007558134447656104,0.022736999598357434,0.017947604377146806,0.017367921446913452,0.01786024314162515
16.43762836340345,13764844,0.0163695914191646,0.007676188176489079,0.022492681225077343,0.018198222916973514,0.017659700378948623,0.01690780007742442
16.439163489591312,13785991,0.0181513733157982,0.007803664871665824,0.0222112112075718,0.0184864571586906,0.018484738091094955,0.018603428715532694
16.44069858041755,13807170,0.0191795117154591,0.007940318225435226,0.021894419647054818,0.018796641721682304,0.019501482455087017,0.01964096396900281
16.44223370475056,13828382,0.0191367552545666,0.008085897030515089,0.02154453491514697,0.01910716428289133,0.020143421771672124,0.019365098217682668
16.443768786622908,13849626,0.0211599445320447,0.008240119893612032,0.021164234213508305,0.019391203008877696,0.02001889326917316,0.02033655446218028
16.445303894713984,13870903,0.0201342753721866,0.008402703177827665,0.02075656367153986,0.019618719056115407,0.019279176207483515,0.02053333829207307
16.446839025294064,13892213,0.0197864144726563,0.00857334073911201,0.020324969504024556,0.019759437706181385,0.01846726481979409,0.019179943811805433
16.448374102778057,13913555,0.0172771461565477,0.008751702641383429,0.019873279558419072,0.019786660360833166,0.018070869751085735,0.017511327861922853
16.449909195563,13934930,0.0167336234670183,0.008937460698778068,0.01940561084156854,0.019681266342817735,0.018308833857402937,0.016860726147884395
16.451444299969445,13956338,0.020224804740099,0.009130264886075398,0.018926397581443738,0.019435161289808517,0.01914547690807533,0.0193509361955378
16.452979412334773,13977779,0.0229874673509031,0.009329751831802104,0.018440333865269068,0.019053502473589286,0.020230579519801898,0.022731595534103505
16.45451452901313,13999253,0.0199272083077143,0.009535545510026482,0.017952332301403175,0.01855510362457697,0.02090323012811599,0.020835509026057374
16.456049646375398,14020760,0.0196503135355492,0.009747257956437902,0.01746747943528385,0.01797078325582076,0.020581453077717596,0.019475639446629677
16.45758476080911,14042300,0.019309156336534,0.00996449000730753,0.01699098843163259,0.017339810271663085,0.019270941358545034,0.019809650707621022
16.459119868718428,14063873,0.0180863497536268,0.010186832059909574,0.016528149573990156,0.016704992294929822,0.017571720067332312,0.017526952001673517
16.460654966524086,14085479,0.0168353117435793,0.01041386485290658,0.016084279163608068,0.016107242459226755,0.016147454297166096,0.015970520367946578
16.462190121549522,14107119,0.0154218208922738,0.010645171037607617,0.01566464868628107,0.015580554296160969,0.01527268502762428,0.015721733706834058
16.463725188367324,14128791,0.0146279323074075,0.010880293053914521,0.015274508786420513,0.015148385704088392,0.014850825239846785,0.01477079255897639
16.46526030511161,14150497,0.0145260189333602,0.011118809176380803,0.014918904831335962,0.014821669138954753,0.014676952490904933,0.014566531679262596
16.46679539738318,14172236,0.015456618461602,0.011360258822660937,0.01460275493414789,0.014599203415495289,0.014604294032592278,0.015059104655342968
16.4683305321376,14194009,0.0146429523277704,0.011604197915963328,0.014330714972733041,0.01446965018890883,0.014571347666198206,0.014690759127940925
16.46986563522604,14215815,0.0146950524750405,0.01185015537447838,0.01410718836234525,0.014414926707788465,0.014579728862951632,0.014684964494393271
16.471400703184784,14237654,0.0148065360905074,0.012097667398804761,0.013936237778207078,0.014414026293396226,0.014642104331123047,0.014728399121299385
16.472935872823378,14259528,0.0152126650449162,0.012346290054673411,0.013821550743378718,0.014446600958852331,0.014730971887577389,0.014828642041368922
16.474470930002013,14281434,0.0149753927656553,0.012595520535842359,0.013766436823172424,0.014495626510582399,0.014797441232192796,0.0148833903232071
16.47600608136923,14303375,0.0150250645783382,0.012844923054591102,0.013773742543118986,0.0145488960625411,0.014832302142052722,0.014896557273495772
16.47754118327005,14325349,0.0150936585551462,0.013094004671640128,0.013845855363399476,0.014599291289015775,0.014863408230713726,0.014925369404005986
16.4790763020218,14347357,0.015013588462504,0.013342307132352571,0.013984666862457525,0.01464420605637062,0.014893454075083684,0.014936930556125641
16.48061136434539,14369398,0.0150473637254898,0.01358935109366845,0.014191542885049844,0.01468451891316182,0.014895509402247938,0.014984043050415726
16.482146505862342,14391474,0.0150601162670463,0.013834693154449495,0.014467347666981711,0.01472364511316843,0.014889504696540573,0.014967713308944357
16.483681583841292,14413583,0.0158433999636458,0.0140778485275247,0.014812360307582649,0.014766984076695057,0.014973311566715409,0.01511342101117315
16.485216733510306,14435727,0.0151259255687712,0.014318380732628191,0.015226369989205723,0.014821958708897569,0.015231459663681775,0.015297349677674368
16.486751812597802,14457904,0.0162064465169308,0.014555814579966318,0.015708551843839604,0.014898493560796193,0.015623145689072674,0.015622435741866782
16.48828688687926,14480115,0.0164206977722347,0.014789713401190811,0.0162575960245974,0.01500971190631902,0.01599287784674739,0.016471473288528507
16.489822021722038,14502361,0.0154713527657122,0.015019646525334513,0.01687167603199816,0.015172419519269783,0.016198515910511777,0.016144162229969082
16.49135714438992,14524641,0.0155493164589427,0.015245169908706082,0.017548400259932005,0.01540701347839646,0.016220798767652683,0.015723699465441818
16.49289225132949,14546955,0.0166548794001156,0.015465858493378445,0.018284908492675063,0.01573663067952174,0.016159007018199834,0.016374911850636203
16.494427339003778,14569303,0.016216059366184,0.015681296393795414,0.019077873819922722,0.01618544864429594,0.016152627517676287,0.016750477814363708
16.49596247242437,14591686,0.0166431154057854,0.015891086920900372,0.0199235707503276,0.01677636431594264,0.016329707734489496,0.01656015855525387
16.497497579344593,14614103,0.0177124864620887,0.016094825068342974,0.020817795560714288,0.017528254468806237,0.01681535882902813,0.016815049588412068
16.499032656276967,14636554,0.01752547729706,0.01629212708536207,0.021756010473943207,0.01845348886866712,0.01773989775917573,0.01700973814441199
16.50056776796754,14659040,0.0190510842644678,0.016482629746264132,0.022733392709302098,0.019555958816465338,0.01918455717242769,0.018681241913078538
16.502102910647327,14681561,0.0237971850106447,0.01666597342241877,0.023744791476045635,0.020829854195328984,0.021092962319241376,0.023094510220626162
16.50363801255628,14704116,0.0253821803128337,0.01684180438395504,0.024784763510335296,0.02225952165571263,0.023244301669438278,0.024212273188149273
16.505173138176374,14726706,0.027260708790794,0.017009799046873556,0.025847756053711084,0.02382057820382285,0.02533922775603903,0.023676949677695375
16.5067082159896,14749330,0.0250840691773599,0.017169633451949957,0.02692796874423678,0.02548144573918862,0.027138947462825982,0.02721031662735153
16.50824331030227,14771989,0.0288576633096556,0.01732101358291698,0.028019587446670415,0.027205985114949906,0.02855235572339033,0.029010877685279643
16.50977841742942,14794683,0.0254561596210905,0.017463653791070316,0.029116688417111396,0.02895588548169478,0.02962242165084355,0.02857717670197799
16.511313533702925,14817412,0.031453301738813,0.017597284958301825,0.030213330668777075,0.030693253738560338,0.030456196536146632,0.03195708460072208
16.512848655471455,14840176,0.0346826532914806,0.017721655009962988,0.031303600831002136,0.03238280267113216,0.031174339520331697,0.03205724301958769
16.514383779100417,14862975,0.0300819178053526,0.017836529394971892,0.0323816567141183,0.03399354180723704,0.031918269454334396,0.029490694356213945
16.515918833793823,14885808,0.0331826646145672,0.017941687145720638,0.03344172328074617,0.035499846655957186,0.032889701077114246,0.034169620027246266
16.517453950409603,14908677,0.0371123023204691,0.01803693927984602,0.03447831739134151,0.03688232030650174,0.03436249862292277,0.037840050002906404
16.518989058081786,14931581,0.0341439372067283,0.018122101532331784,0.035486006398530945,0.03812756035354615,0.0366182292189365,0.03376767510163183
16.52052415324222,14954520,0.0365233700020853,0.018197013560484906,0.03645962990226388,0.03922827792647522,0.03979191871350132,0.036251220148362025
16.522059299106076,14977495,0.0473189063767164,0.018261537002796722,0.037394324635265576,0.040182927340455914,0.04365309766578152,0.04617965562584049
16.52359442516644,15000505,0.0502457766922486,0.018315547084391745,0.03828543014816024,0.04099515126186823,0.04743621067495154,0.05102967487143699
16.52512952790493,15023550,0.0497145387681309,0.018358942424720037,0.039128641480632775,0.041673471352090576,0.049950361528133466,0.050752898429853394
16.52666460381949,15046630,0.0516990341090247,0.01839164173513241,0.03991998837071514,0.04223078590714642,0.05011555931797874,0.048290183366490214
16.528199715782467,15069746,0.0441579762999284,0.01841358468612233,0.04065588488454991,0.04268392014415619,0.04767684073611987,0.04557146178878751
16.529734860018948,15092898,0.0431039445744276,0.018424729186312123,0.041333075983270406,0.04305305700263624,0.043505529623279166,0.04471602217992772
16.531269966616442,15116085,0.0423087944623971,0.018425053800053413,0.04194866241497381,0.04336112591661394,0.03915893921720119,0.03930270956069257
16.532805032138654,15139307,0.032809797825596,0.01841455874731549,0.042500168549749924,0.04363304573222419,0.0360779508394523,0.03381435036993336
16.53434018506916,15162566,0.0407503836920288,0.018393262423024782,0.04298555358646287,0.0438947592607528,0.03509739505440433,0.037591485476164796
16.535875289695305,15185860,0.0405274433110337,0.018361206397008282,0.043403085489605225,0.044172018283169606,0.03644161719365624,0.04139573311094661
16.537410342629816,15209189,0.0360253974517525,0.018318452148361968,0.043751480120243325,0.04448913148688156,0.039821475384146,0.0371625195581511
16.53894547179907,15232555,0.0398916232774799,0.01826507636518137,0.044029867919357146,0.04486753069516905,0.04440471813045356,0.038927018122227576
16.540480607695233,15255957,0.0500579656541909,0.01820118111079557,0.04423772019173018,0.04532418000017568,0.048918631340004806,0.049554918065922327
16.542015681230318,15279394,0.0526974420476178,0.018126890140796867,0.04437489856536586,0.045870065862758325,0.05213338294436604,0.056027677670435386
16.543550819776318,15302868,0.0570224901282403,0.018042337158486688,0.04444164758159361,0.04650880634139612,0.053454676048430474,0.05571191917461356
16.54508588893107,15326377,0.0519773636443263,0.0179476888124213,0.04443854770440822,0.04723515940457888,0.053127298078157165,0.05246288233728909
16.546621015698253,15349923,0.0489219660262362,0.01784311561443902,0.04436652279770782,0.04803419947926134,0.05192796167433775,0.049044809040562715
16.548156131156794,15373505,0.0541511315377435,0.017728818719072944,0.044226816487441284,0.048880506613196734,0.05067123380332826,0.050886339672627526
16.54969123174935,15397123,0.0488187482628665,0.01760501385675583,0.04402097596521003,0.04973830543192058,0.04988641101392126,0.0530519408600473
16.55122631393503,15420777,0.0538756765346951,0.017471934736896986,0.04375083080922119,0.05056226611146469,0.049757134305435144,0.049134046742306675
16.552761438937438,15444468,0.045523964651736,0.017329826420707066,0.04341845685565443,0.05129933021515922,0.050214831686213865,0.04746471716594701
16.5542965383017,15468195,0.0513466373304638,0.017178962675265766,0.043026195598276265,0.05189144702486799,0.051055132176977575,0.050998150766246315
16.555831673086036,15491959,0.0522118065143961,0.01701962149930454,0.042576576200302085,0.05227950619885943,0.0520078390308564,0.053229569682017634
16.557366775067667,15515759,0.0523720553428874,0.016852109984204083,0.042072358880443896,0.052407806486003246,0.05275736430546038,0.05473959939521078
16.558901905139837,15539596,0.0555768608587971,0.016676736953134645,0.04151643688587887,0.05222902529887624,0.05296350737921631,0.055585085256834824
16.560436995311054,15563469,0.0516530501899916,0.016493840478785403,0.040911898325496285,0.05170891665271039,0.05234129821952843,0.05066462453530623
16.561972106309987,15587379,0.0474486596273567,0.016303757858916686,0.04026191078818563,0.05083019090436157,0.05079815333151349,0.04604304998143913
16.563507234431672,15611326,0.051429321538265,0.01610684721380621,0.03956977053895539,0.04959508232828387,0.048532593718905156,0.04825100929612542
16.56504231203024,15635309,0.0497759047165179,0.015903488206772728,0.0388388899086626,0.0480261564544651,0.04598204613019942,0.04999441033873738
16.566577399588493,15659329,0.0423789111103219,0.015694055994554885,0.03807268542556329,0.04616485195481991,0.04361644373731027,0.04498745515617909
16.568112557213304,15683387,0.0384707523009008,0.015478936279253844,0.037274611636144095,0.044068379048826725,0.04170614999845498,0.04043942275276542
16.569647653645266,15707481,0.0390228332614094,0.015258552460232885,0.036448247642728436,0.04180532783131752,0.04020673769416145,0.04039006757314459
16.571182749122656,15731612,0.0395150699394375,0.015033311185462993,0.035597079355862704,0.039449502996829255,0.0388227124997349,0.03974366111855037
16.572717840040696,15755780,0.035932850350132,0.014803637124466132,0.03472461356325303,0.037074417652812545,0.037225775711639014,0.035703204103425375
16.57425298618262,15779986,0.0312768304717418,0.014569953603020904,0.03383429178753528,0.034747771860841666,0.03530977548436927,0.0330530492148172
16.575788057136766,15804228,0.031690474052785,0.014332720547913298,0.032929622655897856,0.032527579543396516,0.03330047002242156,0.034630811712486685
16.5773231759939,15828508,0.0354800388588296,0.014092365746433121,0.032013908749552886,0.030458708375278542,0.031615650767416244,0.035363223872432896
16.578858275844357,15852825,0.0276927330191862,0.013849352160155863,0.03109049313920514,0.02857230242301401,0.030578122050593487,0.030561127297641415
16.580393416149757,15877180,0.030362537828026,0.013604127927778112,0.0301625601576602,0.026885560431307784,0.030172088304359232,0.026904068838771153
16.581928530227877,15901572,0.0288343400092894,0.01335716542241423,0.029233275841833908,0.025403400128776732,0.029956940485593525,0.029849370740173922
16.58346361458993,15926001,0.0338716581654702,0.013108930314473405,0.028305663621319147,0.024120333880279333,0.029205712191639303,0.03265960076284992
16.58499872845746,15950468,0.0272722358040227,0.012859880453103515,0.027382595607739292,0.023022965623970302,0.027316115962916006,0.027252057796071757
16.586533805487683,15974972,0.0196112578944293,0.012610495541744936,0.026466898124607133,0.02209260334758504,0.02429710402283292,0.02159127274479443
16.588068904742727,15999514,0.0236462196604739,0.0123612355728771,0.025561194021394954,0.021307343053606057,0.020865416623153395,0.020693169608155655
16.589604022511285,16024094,0.018818557565349,0.01211257050716253,0.02466800978046027,0.020644129264373357,0.01796543470568805,0.019816769731753173
16.591139155098976,16048712,0.0183854584981356,0.011864969204838325,0.02378973242372115,0.020080261689388642,0.016177945769783642,0.017075130781339147
16.592674236613565,16073367,0.0155389901274886,0.011618908467835622,0.022928639671513675,0.019594598730840622,0.01557965934471391,0.015535071186090203
16.594209387919232,16098061,0.0155583741879393,0.01137483230451257,0.022086757435790146,0.019168318572008666,0.015969747912421676,0.015189652684457025
16.59574448103775,16122792,0.0170137597352706,0.011133220661172623,0.02126609943593161,0.018785557583481584,0.017002839936011146,0.015841592637433947
16.597279574556193,16147561,0.0193823648026952,0.010894519123784654,0.020468424473537437,0.018433471449925878,0.01817704748787156,0.018726903984822945
16.598814664863568,16172368,0.0189741208621938,0.010659177704519195,0.01969537239213159,0.018102190478891764,0.018989520411783305,0.020766897484421246
16.60034981010452,16197214,0.0222957015742478,0.010427630820142914,0.01894839937655398,0.017784399402330855,0.019248333513941986,0.018994945252438156
16.601884883128516,16222097,0.0181782281036073,0.010200333559877338,0.018228897056029897,0.01747478109727316,0.019166737124443445,0.018656715344335884
16.603420003757872,16247019,0.022220836859567,0.00997769608628902,0.017537985457413918,0.017169188682291982,0.01911464380968294,0.02030183643752181
16.604955106709173,16271979,0.0188408666974633,0.009760147218212495,0.01687671934285219,0.016863970178783966,0.019291788429669148,0.019271913924490167
16.606490249815508,16296978,0.0173246265237724,0.00954808852892617,0.016245948364690236,0.016555237952280193,0.019555857035126585,0.018043215291976528
16.60802530674898,16322014,0.0190651470747634,0.009341936496632777,0.01564644834763714,0.01623847477466555,0.019471097349412214,0.01920874710944648
16.609560457815547,16347090,0.0176488760790302,0.00914205515689345,0.015078728492546095,0.01590829076258509,0.018614231404845367,0.01951914150666361
16.611095576814872,16372204,0.0180744281295544,0.008948837692781333,0.01454327384784315,0.015558795711413994,0.01698736658715755,0.018007892793610106
16.61263066028497,16397356,0.0163131189368185,0.008762647916177715,0.014040380489494653,0.015184178226723615,0.015110959646841886,0.015535663339654844
16.614165765671903,16422547,0.0125007184704296,0.008583829357358937,0.013570190635072655,0.014779776973709545,0.013620313941653526,0.013008340340386835
16.615700889265742,16447777,0.0124679814198177,0.008412719452849033,0.01313273695699997,0.014343465749295861,0.012816352490117219,0.012590403225734638
16.61723596666824,16473045,0.0126192790447203,0.008249647352998414,0.01272794065337261,0.013877111016324375,0.012641558138335994,0.013211159660576467
16.618771115706824,16498353,0.0129550608135897,0.00809490781830547,0.012355553765383616,0.0133877533758314,0.01289711280269112,0.012680841482284324
16.620306211404532,16523699,0.0142221138371026,0.007948804958291405,0.01201527351528566,0.012888442349295533,0.013288347280749981,0.012994587861003807
16.621841310823598,16549084,0.0143666231346688,0.007811608031657885,0.011706641848938581,0.012397894828909859,0.01340467682090656,0.014382346487412963
16.623376410337727,16574508,0.0126324283920545,0.007683575730947855,0.011429111727834694,0.011939185833378045,0.012964483100886763,0.013085137444329892
16.624911506337295,16599971,0.0118052543005609,0.0075649494044791685,0.011182038234009668,0.01153710067675355,0.012129335324120001,0.011890431193994409
16.626446655377947,16625474,0.0116810724360219,0.007455948518064276,0.010964677399365736,0.011214478259869605,0.011394896464047809,0.011697481801028238
16.627981733493645,16651015,0.0112316551865525,0.007356786942620492,0.010776226165639714,0.01098814387600215,0.01110968740612854,0.011170294522854379
16.629516857329776,16676596,0.0116803999168273,0.007267643625585401,0.01061577287895508,0.010865062549919978,0.011197777002405115,0.011547846332395993
16.63105196319461,16702216,0.0113589856763852,0.007188690389901852,0.010482359349785041,0.01083992331171096,0.011355971184929006,0.011240727621683844
16.632587047561493,16727875,0.0113147605164865,0.007120075687401023,0.010374957976509202,0.010894716999381594,0.011391071557948582,0.01127279287965266
16.63412216660887,16753574,0.0115110624324383,0.007061926341865658,0.010292484854837625,0.01100093400820222,0.011318562501370082,0.011621937163567558
16.635657256970866,16779312,0.0116678530660399,0.007014354305585971,0.010233817825076305,0.011124190567104739,0.011238905380595327,0.011374725847347127
16.637192374675944,16805090,0.011453798992892,0.006977447406743047,0.010197791629482948,0.011230585119053595,0.01121195194631222,0.011282979595284907
16.638727515989153,16830908,0.0113388566252625,0.0069512757631562646,0.01018321512343887,0.011293414046012543,0.011229775640187178,0.011294561063367532
16.640262617869162,16856765,0.011691899883322,0.006935889563726921,0.010188875130772627,0.011298688543673947,0.011248370570751655,0.011381130240340947
16.641797736120324,16882662,0.0113410917247908,0.006931316978582073,0.010213544898337116,0.011247930255075637,0.011234732187629786,0.01131511209254692
16.643332807916586,16908598,0.0113488264730191,0.006937566486752367,0.010255991328503133,0.01115728813180452,0.011217221010362825,0.011295249654180411
16.644867947963977,16934575,0.0116008642651527,0.006954627017454621,0.01031498908653986,0.01105290553441719,0.011297047003478193,0.011358550713145942
16.646403034419013,16960591,0.0117803849338276,0.00698246524804308,0.01038931521765743,0.010963541852357622,0.011553677199603523,0.011822601646787709
16.647938122788602,16986647,0.0115977979712835,0.007021029223084178,0.010477770835496425,0.010912201762068903,0.011891603211401158,0.011951745268854544
16.649473268234306,17012744,0.0114363160836599,0.007070248328353155,0.010579183829695827,0.010909176269618064,0.012043057651922002,0.011628322974546043
16.651008349505755,17038880,0.0118072056849878,0.0071300259279213725,0.010692401542299572,0.010948596471373029,0.011835805219334333,0.012100588021993295
16.652543480487303,17065057,0.0120548742716511,0.007200253743320612,0.010816325442435286,0.011009920156631006,0.011447292476121699,0.011788604680402099
16.654078598831752,17091274,0.0113839669770777,0.007280797062992336,0.010949887880996488,0.011064452527134087,0.011261657429640583,0.0113799285356778
16.655613700987836,17117531,0.0115865608247223,0.0073715037495959935,0.01109207450708256,0.011085589350199355,0.0114367093905966,0.011426638719006744
16.657148783420734,17143828,0.0114244808039086,0.0074722024440567365,0.011241925141617768,0.011060197152688396,0.011728717932480918,0.011496340214851946
16.658683900852548,17170166,0.0132671491408467,0.007582707269671616,0.011398544307786498,0.010997928335871321,0.011802031985906434,0.012715796477026049
16.66021899136194,17196544,0.0122817079545788,0.007702805774347691,0.011561087384716742,0.010935477872192017,0.011603037897741976,0.01202098949486976
16.6617541095255,17222963,0.0117059484502231,0.007832276088709655,0.01172878770908426,0.010933808427029162,0.011354613068054582,0.011392219474733501
16.663289193633886,17249422,0.0114345062661509,0.00797086916851937,0.011900934827194933,0.011068118237780524,0.01128564732118791,0.011422238195881534
16.66482435600255,17275923,0.0114875288320061,0.008118334562663643,0.012076908789278496,0.011412241825212287,0.011482081300086497,0.011363791140404115
16.666359419276567,17302463,0.0118694075597653,0.008274377398614193,0.012256129192054273,0.012020674902143706,0.011964350333355885,0.011749351928311433
16.66789455342206,17329045,0.0127953442708193,0.008438720878339197,0.012438129608325346,0.012912796232311315,0.012807500235332753,0.013069481543193597
16.669429639267825,17355667,0.0151658341506558,0.008611042984334308,0.012622484263994652,0.014062673403279217,0.014140186991994702,0.01498572205959442
16.67096478848607,17382331,0.017006095778516,0.008791031873266297,0.012808869434526412,0.015398180359984333,0.01599455090445464,0.016138384164283186
16.672499882293195,17409035,0.0164936186887358,0.008978334772296807,0.01299700773241141,0.016809154540894152,0.018111662025639515,0.01700367790989082
16.67403497468798,17435780,0.0227007347295378,0.00917260517998386,0.013186716026436979,0.018164413234604194,0.01993921596743161,0.0202879615085994
16.67557006206777,17462566,0.0195672863549504,0.00937347679994537,0.013377876257395855,0.019333001264071774,0.02095390481737196,0.022440399014040407
16.67710519802402,17489394,0.0239539340363743,0.00958057867741261,0.013570447916019544,0.020205901743967327,0.021062282131194463,0.020392566169898086
16.678640321634276,17516263,0.0187877129475655,0.009793512841842503,0.013764444480110277,0.020713176441551226,0.0206675226429414,0.019691405826971282
16.680175429345912,17543173,0.0211196820387576,0.010011877688281667,0.013959952456322453,0.020833494969238822,0.020352155741309465,0.020800953381727383
16.681710517622726,17570124,0.0206545419601418,0.010235261359042487,0.01415712155900609,0.020594103988794712,0.020510962838462574,0.021132289894713392
16.683245639772394,17597117,0.0202001825577818,0.010463251048462229,0.014356169128024364,0.020062155874178377,0.021161775225054878,0.021840850571033788
16.684780735289618,17624151,0.0243828472889748,0.010695408513223164,0.014557354811012084,0.019330103018148085,0.021901673266702004,0.022310271263002248
16.686315857340883,17651227,0.0202333720007232,0.010931304637609262,0.01476100660928354,0.018498719279554505,0.022041668180238054,0.02078313609820123
16.687850945628547,17678344,0.0213597142698678,0.01117048595549685,0.014967487389330701,0.01766190367988408,0.02102940050902829,0.019871344514804545
16.68938605317824,17705503,0.0194475290445843,0.011412510307753804,0.015177221096937962,0.016895816733891594,0.01893264464039194,0.020150082395605482
16.690921176292218,17732704,0.0175938680140795,0.011656921476033116,0.01539066607305025,0.016254119354101943,0.01646758299527382,0.017747699671863786
16.692456254983135,17759946,0.0154247182183218,0.011903249639280264,0.015608310164036781,0.015768577076978475,0.014462325405870613,0.013976027684190054
16.693991398286272,17787231,0.0137629582587508,0.012151048479712505,0.015830698305031345,0.015453285331656453,0.013320527597285322,0.012934991965175106
16.695526490027515,17814557,0.0133508502791362,0.0123998326783417,0.01605837145137906,0.015310270483368608,0.013018940244738876,0.013599581304602771
16.69706158288241,17841925,0.0131672680640831,0.0126491422727978,0.0162919182665601,0.015333818035437425,0.01345646962305322,0.013696177151139695
16.69859672919848,17869336,0.0125628042337959,0.012898516328477955,0.016531946356667042,0.015512542984236124,0.014598276574579825,0.014154148787878042
16.700131813368678,17896788,0.016719655535373,0.0131474665172028,0.01677904959039863,0.015828855130725055,0.01627667555646234,0.016105742301813865
16.701666943649936,17924283,0.01622881302333,0.013395541617432368,0.017033864209669146,0.016257109368005007,0.018036388250386653,0.01758009800524665
16.703202004811665,17951819,0.0207224812782957,0.01364225593846982,0.017296990583640964,0.016761923523760176,0.01931860153624225,0.0196980033907102
16.704737160420166,17979399,0.0239816415188291,0.013887171147429885,0.017569070987755436,0.01729871155510948,0.019809220424549356,0.022713212341835147
16.706272239830206,18007020,0.0204616196993305,0.014129798841349217,0.017850676791106163,0.017816827285955912,0.019592550515119787,0.02044393881452702
16.707807350680273,18034684,0.0169714330211195,0.014369699263105303,0.018142408985879963,0.018265919625189003,0.019012842440876466,0.016533707599685036
16.70934243385298,18062390,0.0162972249725726,0.014606411454008499,0.01844481055078597,0.018603502136994524,0.01843157027972926,0.016321998693718583
16.710877541145162,18090139,0.0180177426374681,0.01483949768815641,0.01875841028197516,0.018802406639784813,0.01808100941419849,0.018497454813647382
16.71241266883675,18117931,0.023975085207051,0.015068518339438217,0.01908368248514936,0.018855811613898203,0.01805064783404022,0.021291012832700712
16.713947758115342,18145765,0.0199814445682029,0.015293033476000563,0.01942103607972099,0.018778724169310833,0.018334475361126788,0.020943946934558345
16.71548291559781,18173643,0.0171499446767092,0.015512635776267257,0.01977085418624776,0.018605549959376626,0.018875080718535477,0.017274923137396404
16.717017972540162,18201562,0.0160510554959838,0.015726887780697002,0.020133385363709223,0.018384721253911687,0.019583410546486962,0.017283513507411613
16.718553090363656,18229525,0.0195644201129433,0.01593540878364074,0.020508872832933577,0.018171907923123874,0.02033583746299689,0.020383278452702925
16.720088210407315,18257531,0.0218688904393303,0.01613779782257094,0.02089741668067775,0.018023918203493458,0.02095967339420763,0.02064271557607867
16.721623329051614,18285580,0.0209496187143394,0.016333673316818308,0.021299027418169903,0.017994401180513046,0.02123800789924702,0.021905888044221198
16.72315844269365,18313672,0.023564994265983,0.016522666015811583,0.02171360292603699,0.01813188636870654,0.02097249019928399,0.02396842218547963
16.724693547747115,18341807,0.0199419129551193,0.01670441970161035,0.022140918263199208,0.018479385816266226,0.020106682347968287,0.02024670070127992
16.726228640642255,18369985,0.0163645792292924,0.016878591866334454,0.022580615710429686,0.019074051661190906,0.018832544554319996,0.017670543524039756
16.727763772178903,18398207,0.0173701784919136,0.017044860106366248,0.023032211391870522,0.019945264042278713,0.017568047091939053,0.017342532257274425
16.729298884300356,18426472,0.0145387162567765,0.01720290490656356,0.023495038394196283,0.02110993820515567,0.016803291831379658,0.015501410891492587
16.730833973486533,18454780,0.0157864831523468,0.017352428655596545,0.023968285513433774,0.02256547380415988,0.016981244845000843,0.017082903558791634
16.73236909033709,18483132,0.0238391644710262,0.01749315468950999,0.024450991633770545,0.02428171729446148,0.018541294440484763,0.022055134905999148
16.733904177095212,18511527,0.0215514223292009,0.017624812759063486,0.024941988428504164,0.026194344277362017,0.02194044342938857,0.02174843247817068
16.735439284227596,18539966,0.0255328574293433,0.017747159369056166,0.02543996334037496,0.028203244622993808,0.027317942586182947,0.02429893493442063
16.73697440803138,18568449,0.036518798136249,0.01785996350850113,0.02594340472667857,0.030177343274808324,0.033908472230009486,0.03549862098125978
16.73850949104842,18596975,0.0407003642526237,0.017963008779489184,0.026450599035020186,0.03196720250784848,0.03992112683211346,0.04098159058003975
16.74004463723645,18625546,0.0464549306803961,0.01805610790539558,0.02695970201192639,0.03342415007006199,0.04340157042175537,0.04206796797758154
16.741579735481007,18654160,0.043604123962669,0.018139078700106465,0.02746861617879696,0.034421780940448336,0.04351372591950682,0.044770169459540404
16.743114835918316,18682818,0.0379724832512323,0.01821176809401235,0.027975119639044824,0.0348768146755262,0.04104638591602884,0.039896873054006646
16.744649934929104,18711520,0.0323091525548198,0.018274039037411236,0.028476801264087373,0.034763387625617724,0.037696510386331324,0.03601075233437363
16.74618502891074,18740266,0.04033245550221,0.01832577419730496,0.028971087436930273,0.03411833227463925,0.03490742802346143,0.03743564424334121
16.74772016755636,18769057,0.0314568665829629,0.01836687742101801,0.029455270092387686,0.033035893862530835,0.03320271393526879,0.03457758475988771
16.74925524065637,18797891,0.0363239213682824,0.018397268581984094,0.02992645381315307,0.031653568536386595,0.03218408782268958,0.031934442370499194
16.750790351134643,18826770,0.0319539782406712,0.01841689278602323,0.030381688903625477,0.03013195828965968,0.0309294054183698,0.0313640595744731
16.752325495210165,18855694,0.0249225503940218,0.018425712285085806,0.030817889680940385,0.02863438395356766,0.028660611898328154,0.026412667802990397
16.75386056321301,18884661,0.0279538813878588,0.01842371029136798,0.031231862403606023,0.027310037733826745,0.02540605266857723,0.023615537263987765
16.755395710499148,18913674,0.0240979645718231,0.01841089033824637,0.03162042915572159,0.026283640425008185,0.022068513813607367,0.02429773280874686
16.75693082751336,18942731,0.0217099969061157,0.018387276962306638,0.031980311280367914,0.02565346139840593,0.019784124002202905,0.021322100867709214
16.758465910785436,18971832,0.0189358352404313,0.01835291535425783,0.03230825841414932,0.025494378143678387,0.019322974652049983,0.019156794397090997
16.7600010094902,19000978,0.02213487319678,0.018307869307220274,0.0326010586048678,0.025863628188487406,0.021089275522753307,0.021585378689391553
16.76153611994756,19030169,0.0252114606109892,0.01825222346589813,0.032855547040450336,0.026804511807917,0.02520144376310843,0.024373511798041973
16.76307123849425,19059405,0.0308038526912805,0.01818608253842125,0.033068651881259334,0.02834479002869008,0.031080937932592815,0.028646367389993436
16.764606361483775,19088686,0.0357814970084211,0.018109571097258116,0.03323742807380109,0.03048862639928404,0.03716241542216032,0.03742513150583637
16.766141432979673,19118011,0.0451827029375927,0.01802283646983751,0.033359088356151596,0.03320337751848986,0.04163344300612037,0.043513098011186836
16.767676554062472,19147382,0.0446029190594394,0.01792603628677436,0.03343105265675642,0.03640567503250135,0.04374440799060632,0.04464275543277297
16.769211668748646,19176798,0.0481694527916326,0.017819355925712654,0.033450957140236964,0.03995057091474842,0.04429840677137048,0.046084804159021
16.770746773458285,19206259,0.0477623319469476,0.017702996669493296,0.03341670578563454,0.0436306468546358,0.04489849914483446,0.04581303930535352
16.772281864628003,19235765,0.0425287864700974,0.017577178108075908,0.033326497415046306,0.0471870023997579,0.046820595654413585,0.04364183994939562
16.773816990617632,19265317,0.0491521438527969,0.017442132999651968,0.0331788499799261,0.05033305936401829,0.05030425852209815,0.04661814545766882
16.77535209583068,19294914,0.0572813370740216,0.017298120392742575,0.0329726425860411,0.05278756358670725,0.054370463749024885,0.05649360436463333
16.77688722850101,19324557,0.0626242897563918,0.017145406885053685,0.03270712089733338,0.05431220603869025,0.05722760588730558,0.06276751254606454
16.778422333224785,19354245,0.052048542433472,0.01698428554583393,0.03238194741246206,0.05474517730704827,0.05731835458666955,0.057425088853765766
16.779957406521188,19383978,0.0481559823100292,0.016815060604750694,0.03199719840120485,0.05402502210001245,0.05438914807269776,0.05000966366317483
16.78149254794534,19413758,0.045483468507455,0.01663803945624592,0.03155335301358762,0.05219886150122362,0.04961505925227109,0.048803076928396576
16.783027650713024,19443583,0.0481201924101762,0.016453567510171553,0.031051391556474343,0.049414443343666445,0.044682863125906615,0.048608408045778984
16.784562762744606,19473454,0.041153598556993,0.01626198658239092,0.030492702307624152,0.045896653106787325,0.04073310303312573,0.0422492740459102
16.78609782911505,19503370,0.03509257084629,0.01606366450372081,0.029879162055727618,0.04191476015298136,0.03793605927013086,0.03462814536555164
16.787632948814284,19533333,0.0361900321059478,0.015858961877323524,0.029213034813355486,0.037745410815736374,0.03570892483454099,0.03379164594172811
16.789168066871934,19563342,0.0370847425246346,0.015648271161976774,0.028497086406596567,0.03364044476507242,0.03326195745165155,0.036137450806318465
16.790703179686215,19593397,0.0301554685555028,0.015431989620388081,0.027734490431048437,0.029802055688144355,0.030184146608930092,0.031828523809574454
16.792238283671946,19623498,0.0223647809836062,0.015210525085883718,0.026928829014240242,0.026370056863724903,0.026724455246536126,0.02505747980664249
16.79377337526046,19653645,0.0254496903341842,0.01498429518530928,0.02608406892125991,0.02342042476167935,0.02355309602750848,0.023167227247066605
16.795308501702692,19683839,0.0187544018504051,0.014753718845515853,0.02520450315068566,0.02097276915816896,0.021250820357048734,0.022770749925900547
16.796843608503945,19714079,0.0228969690987397,0.014519238353436055,0.02429480468146177,0.019003359004511527,0.01997682588630849,0.02048453108802483
16.798378692145224,19744365,0.0181220253945917,0.0142812959197026,0.023359903817476376,0.017458936261398567,0.019446564355520772,0.01834022136412568
16.799913799693538,19774698,0.0177775596853929,0.01404033228662413,0.0224049421605906,0.016269209810038515,0.019086546537815316,0.017781014596844433
16.801448927429792,19805078,0.0205265414139558,0.0137968016446982,0.021435289804473023,0.015356205928066875,0.01830998472809793,0.01880705770085329
16.80298402123719,19835504,0.0208334307663884,0.013551171166543675,0.020456499719943233,0.014640384398735672,0.016858478061607195,0.018410610628730218
16.804519127999797,19865977,0.0138613356180942,0.013303895911307097,0.019474160290399126,0.014044808035468159,0.014959062972046128,0.015052373421917684
16.80605424404884,19896497,0.0145173645180438,0.013055442050366219,0.018493938951805705,0.01349901363227505,0.013117766816955033,0.01329241130562263
16.80758936573235,19927064,0.0111482298439537,0.012806277997018693,0.017521496598234255,0.012943359280400905,0.011753042838908753,0.012626283929859941
16.80912448941509,19957678,0.0099460917774542,0.0125568735144728,0.016562433117584895,0.012334100527049622,0.011006716642569565,0.00999297787457656
16.810659561449345,19988338,0.0097117992952829,0.012307706932979914,0.015622263285883441,0.011648275486042615,0.01078653292080245,0.009136253070972856
16.812194678368286,20019046,0.011422324687887,0.01205923176490127,0.014706241144278187,0.010886692711481174,0.010865409915465018,0.011656119860221583
16.813729786480565,20049801,0.0141955208446464,0.011811924593741772,0.013819492106950697,0.010073781229991106,0.010948097504846105,0.01323923215133534
16.81526488221739,20080603,0.0105380190536342,0.011566251637471874,0.012966839447262951,0.009252942101704012,0.010749806760345655,0.011621056774869546
16.816800011749383,20111453,0.009940937557061,0.011322668149643767,0.012152762443651375,0.008477949445166366,0.01010479994249195,0.009736475525720507
16.81833512166521,20142350,0.0078414164883937,0.011081641294453905,0.011381432690029513,0.007801905185044596,0.009055528212361674,0.008077293480918851
16.819870208445746,20173294,0.0074230230132563,0.010843625355753566,0.010656591661256608,0.007265947242842468,0.007875683533387865,0.007459661157865671
16.82140531808264,20204286,0.0071910941436385,0.010609061381733988,0.009981522872525413,0.006890698458159627,0.006990088936547524,0.007363846951798139
16.82294044686161,20235326,0.0068701815412615,0.010378391768523298,0.009359068869006245,0.006672580132615654,0.0067496401653282835,0.006856245302465031
16.824475541742586,20266413,0.0072563909739852,0.010152058767158821,0.008791597953351637,0.006585923888823,0.007124695295340726,0.007169876931654981
16.826010648539196,20297548,0.0076459072227507,0.009930481711097073,0.008280929263677142,0.006590431122716938,0.0076084533107919315,0.007691296787991625
16.82754576358745,20328731,0.0083545855420893,0.009714078449246297,0.007828379019775768,0.0066420093208663725,0.00762362760734808,0.008063569162313697
16.829080883240138,20359962,0.0072212520435312,0.009503257047812259,0.007434732583461133,0.0067040219678950585,0.007188760803164339,0.007461426200267492
16.83061600386677,20391241,0.0072347461276889,0.009298415013209861,0.0071002436911966685,0.006755940401547869,0.007033929314769877,0.007240122386815094
16.83215107288809,20422567,0.0095807220762826,0.009099944760556743,0.0068246477773672345,0.006797045308024449,0.007784269223456944,0.00824116043673727
16.833686184712903,20453942,0.0083239777844907,0.008908207747679144,0.006607140291833076,0.006844201609507862,0.009085890615552651,0.008481765449557449
16.835221286719918,20485365,0.009515557335615,0.008723571794275294,0.006446446983926412,0.006924339679669295,0.009872312222375147,0.0095023146084155
16.836756424085504,20516837,0.0109741717807494,0.008546379321342883,0.0063408075550918045,0.007063780909489351,0.009544860278574912,0.010161685281773889
16.83829154437204,20548357,0.0089025555079221,0.00837697016675536,0.006288024726135318,0.007277362584362454,0.008558495261539548,0.008723048712667878
16.839826644048667,20579925,0.0082165431090483,0.00821566342525028,0.0062854833198302575,0.007560485761798019,0.007742068654065905,0.007823491216975518
16.841361719600894,20611541,0.0075341002912961,0.008062762837969108,0.00633019410884164,0.007886405593595668,0.007413104004248154,0.007579035797267233
16.842896864414715,20643207,0.0074802766332778,0.007918547394830201,0.006418842394785906,0.008209792701975634,0.007378980044423239,0.007425624752705435
16.844431929459045,20674920,0.0076265064971863,0.007783302544055412,0.006547812355464026,0.008475847149792107,0.00745812431520549,0.007458483926723394
16.845967056372217,20706683,0.0078333894885017,0.007657270321637476,0.006713268127042935,0.008633193353883552,0.007630939692891561,0.007738185725136391
16.84750219304107,20738495,0.0081956835111341,0.007540692971828049,0.006911168604135123,0.008647207133976363,0.007836465641495545,0.008095722483198698
16.849037287665787,20770355,0.0080989954976592,0.007433793638938038,0.007137327766683143,0.008510947635463374,0.007949684911708776,0.008012145862262643
16.85057238490208,20802264,0.0080887413018414,0.007336770128292967,0.007387483418124069,0.008250837537996663,0.007942354867567166,0.00802987288444574
16.85210748112878,20834222,0.0080411798986594,0.0072498053741283305,0.007657328671527975,0.007925704421866528,0.007893247254320687,0.008046870733676824
16.85364262066568,20866230,0.0081400864110469,0.007173061039724576,0.00794257674498029,0.00761911631090572,0.007866949389654928,0.007961023220684108
16.855177704002692,20898286,0.0078317764776955,0.007106686473559391,0.008238973217963203,0.007426430885789008,0.007862714623153157,0.00789135906348811
16.856712823343784,20930392,0.0078840414626116,0.007050802468857752,0.008542405403909659,0.007438856905139018,0.007829079187369088,0.00778830975727152
16.858247927210073,20962547,0.0078487725408655,0.0070055163369860275,0.008848881916669538,0.0077276871639239755,0.007734775884468529,0.007771705253130031
16.859783012063442,20994751,0.007827485004217,0.006970913095837373,0.009154609548950835,0.00833137542486148,0.007747634460125691,0.007780699143692348
16.86131812194005,21027005,0.0080705989715016,0.006947056972756389,0.009456029677760682,0.009247824367887169,0.008285474481169262,0.007936972674011028
16.862853253115667,21059309,0.0086476320901097,0.006933993433419341,0.009749830957764135,0.010432922233444683,0.00964897306778516,0.009144376129818419
16.864388354470908,21091662,0.0130125601943307,0.006931747421065238,0.010032977894507036,0.011805444213582138,0.011579148027862973,0.012030190352267737
16.865923469872964,21124065,0.0147668393294053,0.006940322934084516,0.01030276026013204,0.01325747151619729,0.013403153559473031,0.01601975759480531
16.867458548381233,21156517,0.0194522109967753,0.00695970329953704,0.010556776104945778,0.014668043055897778,0.014684872811158847,0.017073679304792526
16.8689936809447,21189020,0.0155768772481352,0.0069898533528112835,0.010792984641730714,0.015918460446554074,0.01560366153375426,0.014837752308001998
16.870528769461853,21221572,0.0135623346952028,0.0070307145025300805,0.011009660636090136,0.01690613723557731,0.016722231078488782,0.014272144844538212
16.872063904625115,21254175,0.0173194901598177,0.007082212246386435,0.011205455119882742,0.017556167509898225,0.018518302218413447,0.015658313751118817
16.873598988655907,21286827,0.0185070095474654,0.0071442462922200085,0.011379340320032877,0.0178281855250114,0.020989902296633545,0.019900544090969106
16.87513411199078,21319530,0.0294538450757522,0.007216703361228816,0.011530650970522645,0.017718823549146754,0.02340883485059843,0.029357199350933113
16.87666922400639,21352283,0.0311435108013007,0.007299444914366643,0.011659034473642615,0.017259254447248566,0.024516210833383498,0.0313943961751971
16.878204321145464,21385086,0.022262430763449,0.00739231469805584,0.011764458089234745,0.01650891979234734,0.023355454866366355,0.02140047179477764
16.879739446557018,21417940,0.0160891543699593,0.007495140579826717,0.011847187100731764,0.015546406449380887,0.020110959870479707,0.01609592692467819
16.88127454988356,21450844,0.014007262485317,0.007607725630184579,0.011907755556764406,0.0144591367874693,0.01602772998879625,0.014740592006449966
16.882809627617352,21483798,0.0124915622579079,0.007729857149266149,0.011946951584425419,0.013333050219263103,0.01246296254408432,0.012218120705343337
16.884344769217556,21516804,0.0118408691326921,0.007861312631191423,0.011965788358994152,0.01224380826593498,0.010069796814787431,0.011207834806535564
16.885879877973206,21549860,0.0103262397118567,0.008001836551888008,0.01196547270549129,0.011250765240682001,0.00876232521525594,0.010417164165624462
16.887414996758796,21582967,0.0080542975139166,0.008151168025652994,0.01194738220779463,0.010393609665188926,0.008160418887951585,0.008134686064040024
16.888950075657153,21616124,0.0077459267124409,0.0083090207625548,0.011913034739330615,0.00969261821474817,0.007947505216079773,0.007479262082156468
16.8904852036241,21649333,0.0074972978674799,0.00847510674501441,0.011864055904987274,0.009151492549654243,0.007965705436628803,0.007886458920327922
16.8920202845849,21682592,0.0089448159785024,0.0086491028723346,0.011802159161485597,0.00876249661681713,0.008177012199288675,0.008237792677880459
16.89355540724488,21715903,0.0082164274758732,0.00883069151953605,0.01172910710695893,0.008512277263765182,0.008595456272104247,0.00859671020042456
16.895090521824518,21749265,0.0107274852292354,0.009019525120485856,0.011646697840447565,0.008387641601109871,0.00919951229490664,0.009452937098058119
16.896625624751653,21782678,0.0107932340448081,0.009215247528527416,0.011556734001404473,0.008379790783553057,0.009846877886937633,0.01022764999549169
16.89816071247061,21816142,0.0103281969379388,0.009417489577424604,0.01146100277495542,0.008486382908503504,0.010294977577848571,0.010962161704965681
16.899695827209463,21849658,0.0107520167576099,0.009625876085712026,0.011361253633550193,0.008710981559263,0.010383756800069087,0.010430978833611111
16.90123096523477,21883226,0.0094364208472891,0.00984001444982189,0.01125918763792805,0.009060061417805102,0.010214428510895539,0.009158153737474334
16.902766031576057,21916844,0.0098521621852632,0.010059487954138815,0.011156447068411462,0.009538275087012394,0.010107303610219205,0.009715249240350464
16.904301159624794,21950515,0.0110486109917429,0.010283902340519855,0.011054582874958325,0.010143274172691548,0.010416490996458862,0.011580078957636688
16.90583625451379,21984237,0.0129245325968569,0.010512821323027098,0.010955076983872807,0.010861021266758177,0.011411515651508483,0.01225554234749621
16.907371358203605,22018011,0.0121260050354811,0.010745820002793774,0.01085931257889518,0.011663320401632697,0.013135725140542195,0.01298953910560909
16.908906467044584,22051837,0.0155809172136606,0.010982459151489227,0.010768583453068652,0.012507947947082607,0.015123549735108906,0.014271615385910312
16.91044157740381,22085715,0.0161577690103846,0.011222292646526457,0.010684090581576726,0.013341917923626774,0.016394489075707726,0.015269601547509734
16.91197668566503,22119645,0.0179692295743326,0.011464868320660513,0.010606943963889014,0.014107362780334113,0.01614273985220172,0.01703562223830675
16.913511788228643,22153627,0.0167979012736243,0.011709728823137967,0.010538166408889337,0.014749019960665289,0.014533390363580324,0.016308342034518565
16.915046926581706,22187662,0.0103746206152081,0.011956419755558157,0.010478697346344702,0.015221915329747876,0.012584260145690635,0.012217007091178027
16.916582006948392,22221748,0.0104630844527862,0.012204461513607847,0.0104294062354595,0.015497671972663205,0.011274806609199179,0.010680774721562513
16.91811711584994,22255887,0.0123304319588576,0.012453400977166122,0.010391088697864492,0.015568404983832544,0.011023074874168618,0.011283080243259243
16.91965224954599,22290079,0.0116302888344849,0.012702768828020997,0.010364484924845747,0.015447222955995092,0.011872377649688305,0.011269816937850629
16.921187359518992,22324323,0.0136309374632061,0.012952087632212566,0.010350284402129263,0.015165637839163785,0.013613049163773431,0.01340486228548077
16.922722442268682,22358619,0.0190574728267289,0.013200887374191957,0.010349132343314976,0.0147684008135728,0.015572521688477559,0.01855080244520285
16.924257583624826,22392969,0.0189917347160925,0.01344871344539531,0.010361639597767595,0.014306988133158033,0.016779657766707787,0.017341115969004894
16.925792690531907,22427371,0.0121528137125328,0.01369508415486046,0.010388387482884407,0.0138332493822443,0.016699318693443408,0.013377221090289413
16.927327759538965,22461825,0.0169478115873766,0.013939535159619315,0.010429933237385329,0.013394136755169192,0.015668658616600474,0.015264865223187755
16.92886287611455,22496333,0.0174015888888343,0.014181619750417315,0.010486818047039423,0.013028494582016027,0.014495794704772563,0.017951989677361384
16.93039799204728,22530894,0.0149646296195563,0.014420874376460967,0.01055956208430246,0.012766011163532208,0.013798121052383348,0.014424862688497398
16.931933103730803,22565508,0.0128712303195196,0.014656847976416282,0.010648669075997413,0.012627682923104804,0.013743006355940909,0.011793881128754785
16.933468207575366,22600175,0.0141058356771696,0.014889095706554854,0.010754623483370113,0.01262711122299626,0.014136454412593192,0.012857211745219166
16.93500330000777,22634895,0.0155431123983094,0.015117179787354666,0.010877886587813055,0.012771594347535418,0.014602440722222585,0.01559484467535321
16.93653842158312,22669669,0.0175998362357061,0.015340676688601122,0.011018894800421647,0.013062312756197885,0.014830978946884208,0.017611689520061938
16.938073524514017,22704496,0.0134912667495405,0.01555915857151232,0.011178039736671024,0.013493312263596171,0.014799340234446515,0.015714718154555163
16.939608649253497,22739377,0.0130911509429427,0.015772219772554913,0.011355674505744867,0.014049688370096094,0.014744108498734665,0.012652396762695662
16.941143748182867,22774311,0.0123010470551443,0.015979452520599954,0.011552083715822847,0.014705622099828817,0.014904660892764293,0.013241640101268324
16.9426788616533,22809299,0.0166036633928658,0.016180472108697042,0.01176749064492108,0.015423473123004176,0.015277228784971383,0.015897390473217327
16.944213985988696,22844341,0.0178318719919585,0.01637489938005784,0.012002027246056214,0.016154616552805368,0.015548008384870571,0.016780020454267762
16.945749073822395,22879436,0.0168676410378781,0.016562362408134856,0.012255716089115755,0.01684267994254689,0.015295972507611588,0.01645567838952273
16.947284165353338,22914585,0.0147856110635536,0.016742513341805865,0.012528475829560726,0.01742908139705109,0.014407528614841722,0.014844121865057052
16.948819300528783,22949789,0.0128836524311368,0.016915017301174395,0.012820093264705979,0.01785992110295435,0.013311330403663665,0.012738461955814889
16.95035438852566,22985046,0.0117632525590556,0.017079539296141664,0.013130180183149032,0.018093133632883014,0.012739476280176376,0.012140668295694226
16.951889512831265,23020358,0.0137536611435506,0.017235778559843776,0.013458217351782173,0.018104542731686133,0.013371439984216115,0.012643843455987479
16.953424626296215,23055724,0.0148980750358466,0.017383435892770655,0.013803480037893914,0.017891352335607364,0.015737924965510783,0.015613210951511644
16.95495972536104,23091144,0.02275909560884,0.017522233131268716,0.01416506000468418,0.01747255921914852,0.01994087030598304,0.022177165641906773
16.956494849722933,23126619,0.0231211668513746,0.01765191241296568,0.01454185700218023,0.016886084117521134,0.024880624131654178,0.026089285287233407
16.958029952482402,23162148,0.0262467558646687,0.01777222556277844,0.014932538535265244,0.016183404962435966,0.02809910021542649,0.026829850345581593
16.9595650301295,23197731,0.0271946650730064,0.01788294619361087,0.015335564907211326,0.01542268573047974,0.027366418535611878,0.02742440247516211
16.96110016525365,23233370,0.0233135611458153,0.01798387146785837,0.01574919979534152,0.014661878212198425,0.0227575272037889,0.022192463693435086
16.962635268030287,23269063,0.0160210375808258,0.018074805202867986,0.016171440992871933,0.01395320839706851,0.016701594834044285,0.015709960020220258
16.96417037790842,23304811,0.0111807293689682,0.01815557875440585,0.016600104661601153,0.013339430612661685,0.011819475365710545,0.0128593204901577
16.965705491246162,23340614,0.0095415604794002,0.018226039730721247,0.017032786435575646,0.01285262148355866,0.00909874465251125,0.00960992143534897
16.967240604418325,23376472,0.0079408217189149,0.01828605525521891,0.0174668838940206,0.01251483844298276,0.008113462937224229,0.007548833197418596
16.968775713816385,23412385,0.0076763703941342,0.018335512219062364,0.01789961127190244,0.012340011334661451,0.008222160632959764,0.008343971689093536
16.970310815848425,23448353,0.0097486334604935,0.01837431749579722,0.01832801783986725,0.012336103869996336,0.009081254138040291,0.009963431397047811
16.97184590693908,23484376,0.0115251880472343,0.018402398117583412,0.018749009840576116,0.012506700542499308,0.010444091951070102,0.010514686346172803
16.97338102604568,23520455,0.0112885017999716,0.018419701742349817,0.01915938698778917,0.012851508539501106,0.012071638600461641,0.011480556017302265
16.9749161269792,23556589,0.0138784939502845,0.018426195163988517,0.019555836441046897,0.013365640092734835,0.013899053209854823,0.013062856380270235
16.976451248599798,23592779,0.0176285558254911,0.01842186629314486,0.019935009337229876,0.01403811790036234,0.016059304893391444,0.01617979184162669
16.977986344882236,23629024,0.0203297945779597,0.018406723459788197,0.020293510809456676,0.014850081265526938,0.018620406586334837,0.02001665104733353
16.979521454589687,23665325,0.0207992182929814,0.01838079492113445,0.020627977397599945,0.015773648313824405,0.02124469451717584,0.02137714131846281
16.98105657405121,23701682,0.0246303201747799,0.018344129318292907,0.020935082995888397,0.016771791332715093,0.023115339814882296,0.02346298537005182
16.982591657486275,23738094,0.0254465797126477,0.018296797058561735,0.021211580770042288,0.017799746875446856,0.023392958214811504,0.024731209231869437
16.984126785574855,23774563,0.0196544458233436,0.018238884692418224,0.02145437150883471,0.018808024105817465,0.021937950814499316,0.020199048546349636
16.985661870507915,23811087,0.0177949524784,0.01817050456064482,0.0216604915818412,0.019746217918129895,0.01954421043236007,0.017232081716223493
16.987196992740287,23847668,0.0198970314534536,0.018091781900400672,0.02182720395106584,0.020567742771448246,0.017383767284406798,0.01852883450121759
16.988732106622752,23884305,0.0204221256468547,0.018002866993034404,0.02195199306080592,0.02123397326757397,0.01629322693506781,0.018987619510581477
16.990267208584378,23920998,0.0175405328957885,0.017903927670906487,0.022032623612501134,0.02171782858211082,0.0165428287916953,0.01743226151563111
16.99180229507073,23957747,0.0160089897721977,0.0177951507271829,0.022067167146642825,0.02200590307891537,0.01794348911514952,0.015756159256283236
16.993337404219947,23994553,0.0167954851376574,0.017676738215001105,0.022054030887688918,0.022099079991136812,0.01993866291002112,0.017563777257847486
16.994872532318634,24031416,0.0253132943847486,0.017548913001217314,0.021991982244751084,0.022011627559459842,0.021794374448516,0.02450673453494065
16.996407634121972,24068335,0.0272749395351535,0.017411919610125014,0.021880178084079775,0.021769094680929198,0.023014101984024572,0.026028869766673023
16.997942747626205,24105311,0.0211353910491083,0.01726601273970919,0.021718174858291157,0.021405328766062093,0.0236273144789838,0.021445258069002944
16.999477869168285,24142344,0.0227667154105224,0.01711146730910984,0.021505948252297975,0.02095915437676056,0.024010429702703173,0.022528822073003694
17.00101295374447,24179433,0.0252028086035709,0.016948579089957786,0.021243909025703295,0.020471121387000753,0.024419784235088567,0.025195948527839566
17.002548080503576,24216580,0.02157336286135,0.01677764636413167,0.020932877497153488,0.019980595565749045,0.024651659141742964,0.02489122034873686
17.004083163181033,24253783,0.0262938831358472,0.01659900060183686,0.020574135152765134,0.019523616140220083,0.024095504536920557,0.025744484755064953
17.005618280705185,24291044,0.0221175703015647,0.016412969078920724,0.020169351529094274,0.019131248973919393,0.022227306904465442,0.02238688587554897
17.007153388202326,24328362,0.0159615248790916,0.016219907344503445,0.019720637027272586,0.01882875289305302,0.01921183790637743,0.017269862523295307
17.00868848210927,24365737,0.0154672070650503,0.016020179533896273,0.019230488941437807,0.018635063912442504,0.015979043130275213,0.016763043307875456
17.0102235998576,24403170,0.0147052214610054,0.015814156797472313,0.01870176432697934,0.018562571007843594,0.013617124054854168,0.014635134613000391
17.011758696813025,24440660,0.0117353250589678,0.015602233035550294,0.01813769583471264,0.018616873825306676,0.012788817254651023,0.011815778248176208
17.01329381031458,24478208,0.0130830976807261,0.01538480216886398,0.017541804888555324,0.018796312547063907,0.013742982989261153,0.013752138448926709
17.014828936676942,24515814,0.0188316303346601,0.01516227398579435,0.016917910224806126,0.01909119209684223,0.016481179826721738,0.01672463295421564
17.01636403150422,24553477,0.0212947187966354,0.014935074022777477,0.01627009372697155,0.01948270433177984,0.020497293850102277,0.020488577281963846
17.017899131997105,24591198,0.02790862316751,0.014703624702359475,0.015602607858681214,0.01994181613161239,0.02453135452639884,0.02744427693967253
17.019434234520368,24628977,0.0272037120690473,0.014468362350115253,0.014919882424643526,0.020428388885483706,0.027100791463848986,0.026691897760276525
17.020969375995765,24666815,0.0231284900150409,0.014229724165218217,0.014226444457796559,0.020891130439486035,0.027491468498779707,0.02359341841917312
17.02250447167862,24704710,0.0278935774332854,0.01398817268460935,0.013526945029507461,0.021268821196904895,0.02613637677463096,0.027088260636873716
17.02403955858619,24742663,0.0240278865293958,0.013744157066927179,0.012826001634506215,0.02149348661319619,0.024055386966583287,0.025422535798445244
17.02557467350372,24780675,0.0243162783735393,0.013498130897310811,0.012128205577902725,0.02149552417374833,0.02205880353126084,0.021113277098829524
17.027109812693215,24818746,0.0203257983147579,0.013250557948164815,0.01143809415164553,0.021210863552684905,0.020394744097193947,0.02250435397900552
17.02864489197304,24856874,0.0186086484635456,0.013001918005913441,0.01076012149882764,0.020589598415807618,0.018884775767478757,0.019876806443411756
17.03018002851525,24895062,0.0142275796518811,0.012752660298001,0.010098489958165733,0.01960478611539147,0.017270413567388804,0.015400158606031885
17.031715098126305,24933307,0.0171805204483475,0.012503274315295061,0.009457302445486674,0.01826041837251343,0.015501991345081878,0.01565971859571739
17.033250217641175,24971612,0.0151005476422531,0.012254210677981048,0.008840316316372498,0.016596053095167155,0.013778517224278496,0.013656603702666538
17.03478534323719,25009976,0.010887555898615,0.012005945499920475,0.008251078304376585,0.014687690294334525,0.012349789654136186,0.011059513672899993
17.036320431354316,25048398,0.0117042436879767,0.011758953267432381,0.0076928213436940895,0.0126428373264098,0.011294332701358043,0.012611511217587992
17.037855558278608,25086880,0.0119786042454985,0.011513686801271336,0.007168396479810817,0.01058992161620056,0.010450216482070595,0.012288317189738496
17.039390640621708,25125420,0.0097961252481302,0.011270621227994356,0.006680348866684452,0.008663639600038525,0.00951620286262485,0.009236691662120372
17.040925754457945,25164020,0.0069688509059177,0.011030202166534973,0.006230790224831953,0.0069869570367336615,0.00827650325398046,0.007918176709915474
17.042460856355003,25202679,0.0069642803636829,0.01079288916646448,0.005821475857778504,0.005654218643910056,0.006816311773247508,0.006503378663792197
17.043995982375996,25241398,0.0045504894967934,0.010559123554501226,0.005453734927709411,0.00471726683557544,0.00549245971345531,0.005159550759983377
17.04553108924401,25280176,0.0053998101557847,0.010329352110646794,0.00512850852275786,0.004178411075697046,0.0046271635864608765,0.00478133683348766
17.047066212933824,25319014,0.0045986276651521,0.010104002104807846,0.004846312393840412,0.003991506697673033,0.004256523386242515,0.0044993719456226655
17.048601310323356,25357911,0.0044464251059499,0.009883504148283288,0.004607275939243493,0.004071765628696948,0.00420113338684964,0.004306534184087978
17.050136417299207,25396868,0.0044076389749885,0.009668268200661686,0.004411123203514314,0.00431245523089098,0.004294848438536128,0.004345938109338185
17.05167153020809,25435885,0.0051524160933125,0.00945870013924522,0.004257208504579049,0.004605349233372165,0.0045038508176846685,0.0046027447704173035
17.05320664541346,25474962,0.0052001830725161,0.00925519512046332,0.0041445270616642695,0.004860630954768699,0.004920913356267313,0.005146761592503227
17.05474172010145,25514098,0.0062335519507255,0.009058141773259901,0.004071738544116136,0.005021953366026605,0.005657537091711403,0.006061299184348395
17.056276829117003,25553295,0.0075999795840087,0.00886790149981681,0.004037186195679237,0.005073336080411655,0.006585468903649552,0.006987846347627556
17.057811968693134,25592553,0.0062100902633014,0.00868483342754462,0.004038936858395719,0.005036382524308713,0.007182181523369757,0.006890888070874967
17.059347057052094,25631870,0.0058523365327986,0.008509291867112311,0.00407480234209451,0.004958781025505468,0.0069181051608469945,0.006284805059881313
17.06088216872827,25671248,0.0053226081533386,0.008341598635054242,0.004142377122966404,0.0048970764054822626,0.005949250477710095,0.005707233151762586
17.062417261110923,25710686,0.0054567529698795,0.008182074171677451,0.004239068510901112,0.00489835775853926,0.00517304917828777,0.005314064345869967
17.06395236951423,25750185,0.0054165620712964,0.008031015162467483,0.004362138284137895,0.004985752289377195,0.0053434477925215825,0.005261111390768744
17.06548749025533,25789745,0.0061342489100692,0.007888706647990181,0.00450873285724058,0.005151720657266979,0.006262474665926255,0.006052775788304161
17.06702258095257,25829365,0.0077128469289174,0.00775542036315775,0.004675915981180586,0.005361042178318649,0.007059921876615893,0.007481397092287437
17.06855771544734,25869047,0.0067979244737333,0.007631401001552612,0.004860721509873229,0.005562787059791077,0.0071486783160561816,0.007506750188035293
17.070092812735083,25908789,0.0075317259865319,0.00751688868775362,0.005060157237470595,0.005707894231071586,0.006673005502111406,0.007258288084108083
17.071627907915317,25948592,0.0061270327393123,0.0074120960604421365,0.005271269478300803,0.005767471628060141,0.006119344927109692,0.006494705241355099
17.073163035867193,25988457,0.0058920272600041,0.007317218356106593,0.005491161753421583,0.005746295447978506,0.005788542078743091,0.005711617065518607
17.07469815441114,26028383,0.0058955698853541,0.007232437061622185,0.005717011949574816,0.005687321967316331,0.00569716971665213,0.005768705456094942
17.076233259981063,26068370,0.0058740040038798,0.007157911794273334,0.005946115392188024,0.0056652508283413314,0.005772885319818665,0.00583835648373085
17.07776834902734,26108418,0.0064962326629103,0.007093782757249166,0.006175903931395515,0.005770193024178239,0.006014638542935604,0.006158284932575031
17.079303456259854,26148528,0.0062010358076711,0.007040169270827273,0.0064039729853934075,0.006085308509810112,0.006527148352819232,0.00630687590208435
17.080838577985794,26188700,0.0067219411822566,0.006997172753759724,0.006628088242155694,0.006664047377057251,0.00744400558899278,0.006738344235898438
17.08237367240338,26228933,0.0097173628449393,0.00696487520384445,0.00684620134395437,0.0075129453804987055,0.008755594568842654,0.00956056132115787
17.0839087740963,26269228,0.0136247099539756,0.0069433364993836365,0.00705647844173495,0.008584765826504893,0.010187358418914674,0.011656828409684926
17.08544387942191,26309585,0.0103656319175827,0.006932597362736339,0.007257292366399975,0.009783880890394368,0.01131642168238331,0.01138310088347456
17.08697898475429,26350004,0.0117541833687497,0.006932678079096475,0.007447234053137456,0.010982983770955957,0.011866004410193708,0.011859753248368268
17.088514124376626,26390486,0.0111444066491101,0.006943578860762448,0.007625119490271683,0.012047138322229322,0.011886362030949898,0.010921965298107874
17.09004921885325,26431029,0.0101946147803259,0.006965278503459577,0.007789972221487065,0.012859273789438668,0.011663165331115371,0.011155977733324468
17.091584340335007,26471635,0.0149280654916413,0.006997736974853921,0.007941050287111652,0.013341514419292102,0.011492097607765133,0.013196593841926113
17.09311944737014,26512303,0.0104789568367417,0.007040892412336207,0.008077811379248812,0.013467079111482178,0.011525699390647454,0.011528223591137227
17.094654536415774,26553033,0.0132031155415513,0.0070946631183778945,0.008199921532290443,0.013261154490696937,0.011737097157654629,0.010847497982317836
17.096189641548175,26593826,0.0127629028366116,0.007158949018153928,0.008307243317565046,0.01279116203495885,0.011947839621026121,0.013078188279346491
17.09772475908419,26634682,0.0100861083806901,0.007233629200421446,0.008399818020868923,0.012149946501304805,0.011914848575548968,0.011483930277843092
17.099259847870076,26675600,0.0099269711086531,0.007318560879757345,0.008477854124175503,0.011436642907957862,0.011484229156058663,0.010539026618323575
17.10079497928869,26716582,0.0135756445148734,0.007413588215270359,0.008541719998592835,0.0107399466511588,0.010722387864427873,0.012678016360833412
17.102330074789684,26757626,0.0111627045590002,0.007518527480584065,0.00859191589979064,0.010127595524122245,0.009895457837118376,0.010296513754933598
17.103865205559327,26798734,0.0091449278686854,0.007633185931107175,0.008629070336061752,0.009642960863743921,0.009306653539651216,0.008217650668826898
17.10540029331024,26839904,0.0095582352833083,0.007757341753422009,0.008653913691885975,0.009308252184518523,0.00916152901292078,0.009622179150383176
17.10693540903259,26881138,0.0099114015468352,0.007890766763397668,0.00866726895326383,0.009131141924240348,0.009569684216513935,0.009646334628577833
17.108470511844807,26922435,0.0098109626905923,0.00803320631111807,0.008670030324161419,0.009111744316139899,0.010567092143668086,0.009590923230277467
17.110005635283766,26963796,0.0122561417259661,0.008184395360789689,0.008663149669286654,0.009246788055601068,0.011995706092286174,0.013801764273988852
17.111540738615457,27005220,0.0172727081390872,0.008344045222358341,0.008647620876737351,0.00952967992692984,0.013349883922675627,0.01536146767252469
17.113075818323047,27046707,0.0119185122493015,0.008511854560942143,0.008624465425414271,0.00994686514066305,0.013918099274793344,0.012579556564670679
17.114610944738757,27088259,0.013737614571984,0.008687515260748534,0.008594717170965372,0.010472568536501827,0.01327976631853861,0.012011718503533917
17.116146040319133,27129874,0.0092560056532745,0.008870687813308053,0.00855941429487014,0.011064640589311265,0.011700862610110954,0.01095079837858786
17.117681175203078,27171554,0.012196939239163,0.00906103572782683,0.008519582671768186,0.01166438671396912,0.00995002868076105,0.01013370899839014
17.119216272107078,27213297,0.0113424231144289,0.009258191017357151,0.008476232861157269,0.012201381605856983,0.008706293245666751,0.010973081045990896
17.12075136428685,27255104,0.0082259824511534,0.009461786434843751,0.008430345412958017,0.012603289864071415,0.008221706284938523,0.009035579085062367
17.122286484789054,27296976,0.0080940995974455,0.009671443141215177,0.008382866599018863,0.012808228840284427,0.008518628405653275,0.0071192917615495845
17.12382159329632,27338912,0.008065524437773,0.009886760950222501,0.00833470547019736,0.012776706975941023,0.00965335064784006,0.008486758775131442
17.125356686254506,27380912,0.0123505946977348,0.010107333779255122,0.008286726404484093,0.012499852669565555,0.011554395736231704,0.012782688337781904
17.126891796591682,27422977,0.0151625295528218,0.010332751034149195,0.008239746294310908,0.01200151243623023,0.013673308304528712,0.015224427757379496
17.128426920618736,27465107,0.0154979845500573,0.010562587858568196,0.00819453533678349,0.01133364693976057,0.015073903123465442,0.01616090180212333
17.129962018309417,27507301,0.0157737305297473,0.010796405434243837,0.00815181641080405,0.010566174031425233,0.015046879454661606,0.015182784698501477
17.131497122473775,27549560,0.0097250466188104,0.011033768408767011,0.008112262523972258,0.009773833310074882,0.013634131781472622,0.012034229911750358
17.133032229472843,27591884,0.0104581374371,0.011274229304617972,0.008076501447746397,0.009023575338975525,0.011532953879454612,0.010470132266154439
17.134567335684352,27634273,0.0112153006385483,0.011517334780155312,0.00804511675249994,0.008365274440842209,0.009542743440210747,0.010268161390708332
17.13610243750269,27676727,0.0088714421848158,0.011762626492974437,0.00801865051125465,0.007827637032052668,0.008110620913609758,0.009158415860912688
17.13763756741485,27719247,0.0075049225858402,0.012009647794501576,0.00799760599222252,0.007419459307966179,0.007276360717627536,0.007597366065401779
17.139172685661666,27761832,0.0068953936629505,0.012257927175911105,0.007982452608708095,0.007134933624433547,0.0068768475665519895,0.0066082153814132644
17.140707788687415,27804482,0.0064821257890987,0.012506996526362824,0.007973627578301057,0.006960590421185435,0.006738331145461401,0.0064163715027134955
17.142242872952817,27847197,0.0067172696165689,0.012756386266066315,0.007971540057598607,0.006881541197373126,0.006742485358354763,0.007053136227756463
17.143778006645338,27889979,0.007704059996034,0.013005637872815251,0.00797657482411813,0.006885158908447604,0.006813558547414573,0.007256333308831404
17.145313114328097,27932826,0.0068403603477638,0.013254269764463828,0.007989094739529728,0.006961571841295829,0.006901164810199845,0.006544964975275952
17.14684819251135,27975738,0.0069608450383828,0.013501813255700124,0.008009443143859136,0.00710157319426813,0.006982989315502552,0.007024355432657675
17.14838330910246,28018717,0.0083913931017214,0.013747813163354949,0.008037947675911176,0.007293482642086646,0.007072470672475317,0.008112846922794927
17.149918424679957,28061762,0.0067561275413197,0.01399179990128074,0.008074918914041844,0.007520667372235742,0.007215242073436465,0.007017978983444012
17.1514535356392,28104873,0.0076159821162017,0.0142333134847337,0.008120652866217565,0.007761151799153018,0.007473550357662001,0.006971835280623552
17.152988638392138,28148050,0.0084969250898548,0.014471898618519542,0.008175430669025149,0.007989741526923708,0.007900108688359225,0.008564339136511754
17.154523764839205,28191294,0.0086582263173408,0.014707110956145157,0.00823951953085948,0.008182141604611929,0.008492321534834363,0.008046752124441805
17.156058840427093,28234603,0.0078690894315726,0.014938496283833775,0.008313165209764772,0.008319738995340886,0.009135378442753118,0.00841671998163242
17.157593967870074,28277980,0.0118111402197198,0.015165634374152822,0.008396602868329047,0.00839356828609916,0.009599552277444636,0.011966235354166403
17.159129072702587,28321423,0.0110489506864825,0.015388086397895713,0.008490037270758087,0.00840614228763677,0.009659708537130808,0.010445532693380053
17.16066418667409,28364933,0.0077733021174534,0.0156054381411099,0.008593653628277947,0.008370808965177246,0.009277590481905311,0.007767653018374705
17.162199270932575,28408509,0.0088094315182847,0.015817274949754198,0.008707603385837249,0.00830898529819663,0.008661666855142604,0.008750761028955575
17.16373439229894,28452153,0.007728061775843,0.016023207113874584,0.008832012214836961,0.008246389936249165,0.008121879253543227,0.008716189532136296
17.16526951190053,28495864,0.0087912545162817,0.01622284144696506,0.008966959410219827,0.008209573237133484,0.00788110620278587,0.0074552819726615175
17.166804626136113,28539642,0.0078857718960283,0.016415801614796218,0.00911248289652564,0.00822367431843362,0.008030307978819796,0.008294906294458846
17.168339731421057,28583487,0.009930593255472,0.016601723921547608,0.009268571324663319,0.008311676793349078,0.00856929069676179,0.009172752073711779
17.169874824187257,28627399,0.0092102985719916,0.01678025800147471,0.009435158597488108,0.008494614473411105,0.009372229891211167,0.009346918103788144
17.17140993576108,28671379,0.0092699613246913,0.01695107127560033,0.009612122587317641,0.008791658087131766,0.01014218917986046,0.010445467942220822
17.172945027622344,28715426,0.0107436114354695,0.01711383783492398,0.009799267929224354,0.009218926176227034,0.010550541657381268,0.01006414581236463
17.17448016579463,28759542,0.0095463602506468,0.017268257973845385,0.009996341736890315,0.009786487376045304,0.010499959307971898,0.009899578974052617
17.176015242302487,28803724,0.0117694271705663,0.017414030200040308,0.01020299402139961,0.01049362417401715,0.01021343144597339,0.011127812544216239
17.177550357813658,28847975,0.0099492213099522,0.017550889773719453,0.010418823364408702,0.011323946602349763,0.010060025457780036,0.009996466810802187
17.17908547392832,28892294,0.0102561053750131,0.01767857522286399,0.010643327866056857,0.012241651449641977,0.010347641493788818,0.009670337726195705
17.180620587034397,28936681,0.012218117927374,0.017796845838496694,0.010875925461092312,0.013191292453271563,0.011243401544922515,0.012793394891902943
17.182155693536426,28981136,0.0157936459235965,0.017905478731587824,0.011115947647979418,0.014101943096880277,0.01272877799276682,0.013977743503692129
17.183690789855515,29025659,0.0125907387559703,0.01800426925653007,0.011362638728310137,0.01489584144833514,0.014534329683699242,0.013039364895007198
17.18522590682871,29070251,0.0127538836616211,0.018093033274955716,0.011615161767844476,0.015500137139837333,0.016196398415477768,0.01460024025195419
17.186761006405135,29114911,0.0168953092012607,0.01817160141665342,0.011872582926645083,0.015859212363706632,0.017298238086293004,0.017083334707531612
17.18829611934951,29159640,0.0201664144273401,0.018239827353213913,0.01213389645081955,0.015944845871347185,0.017695991695431915,0.01935156070426188
17.189831241991133,29204438,0.0199969094202507,0.018297582218825728,0.012398011092150166,0.01576156235726385,0.01751832976886906,0.019546975791138083
17.191366336487242,29249304,0.0140675805429658,0.01834475602932818,0.01266375441135972,0.015346021270701286,0.016984551173915834,0.01650269850387515
17.192901433494413,29294239,0.0160851046531086,0.018381261165404252,0.012929896331582865,0.014760595100288487,0.01624229398529629,0.015395682846312153
17.19443656347597,29339244,0.0156730049129928,0.01840702924174114,0.013195144086337533,0.014083002800528401,0.01534479942713839,0.015429012992073006
17.195971654607494,29384317,0.0115340133965175,0.018422010594929466,0.013458132418277658,0.013394770698871229,0.014334755006114825,0.013391941225219991
17.197506771417466,29429460,0.0138013087285599,0.01842617778350913,0.013717473542204818,0.012771148454411105,0.013323667427924832,0.012990012412414445
17.19904187625115,29474672,0.0142917802353618,0.018419522713873912,0.013971725945767071,0.012274952521368131,0.012483173912356508,0.01426096387142839
17.20057699942975,29519954,0.0126254565630703,0.018402057718829856,0.014219433818619742,0.011954668322433321,0.011961101981888815,0.013112641702350237
17.202112103436182,29565305,0.0142134853892469,0.018373816119848087,0.014459115974515168,0.011846270794793182,0.011800831444021552,0.011282643608910322
17.203647218520864,29610726,0.0112563743971547,0.018334850624470073,0.014689299622030477,0.011976587603954446,0.01191357770584556,0.010958279901205
17.20518230730385,29656216,0.0114280988871101,0.018285235710199924,0.014908511764441683,0.012365881897930834,0.012117508628660045,0.011522579275605627
17.206717433632917,29701777,0.0123801172811157,0.018225062622463616,0.015115316625072298,0.01302768988050568,0.012256961380323273,0.012559243302465658
17.208252526493425,29747407,0.0128964424717336,0.01815444740445141,0.015308295703549031,0.013965049882923849,0.012357124771126568,0.013465043951305338
17.209787649559622,29793108,0.0140315724042187,0.01807352013018938,0.015486097128432342,0.015164230970873974,0.012691450084809567,0.013734011906711498
17.211322732056722,29838878,0.0161204215398552,0.017982437013699393,0.01564741509238245,0.0165876541398301,0.013712003897210053,0.013492134507750032
17.212857837485895,29884719,0.0148393566047903,0.017881365969883354,0.015791033794345703,0.018169495159636152,0.015912403688517034,0.01452690617216882
17.214392962132543,29930631,0.0198355950092006,0.01777049714911246,0.01591581697761136,0.0198158072290441,0.01960341275338446,0.01924083644101085
17.215928068939657,29976613,0.0254220890240398,0.0176500419768797,0.016020726154908033,0.021411146096309557,0.02450818162537031,0.025025468200211787
17.217463187688132,30022666,0.0278078690877706,0.017520224989385536,0.016104839244202793,0.02283131955866597,0.029428277487128545,0.029332807311601324
17.218998281456706,30068789,0.0362026228377025,0.017381293865664935,0.01616735226000425,0.02395984989683364,0.032570517971304606,0.03501029337884813
17.22053337995706,30114983,0.0328004673121805,0.017233507698831876,0.01620759647652811,0.024705288550174117,0.03263110398965808,0.03493485146226969
17.2220685127134,30161249,0.0305363771638254,0.01707714159455916,0.016225042186634602,0.025015184770516008,0.02975001461838976,0.027067421343435576
17.22360360975037,30207585,0.0231043715111466,0.01691249712081408,0.01621930754691507,0.024883915898598688,0.02538062230407487,0.022951250792020254
17.225138700676403,30253992,0.0201140070668183,0.01673988145746124,0.01619016744396268,0.024352648266546106,0.02124029770143946,0.021506386913609458
17.226673814913237,30300471,0.0197800349584843,0.016559616195330362,0.01613755539591744,0.023501536575619455,0.01838967595962203,0.0193854795328074
17.22820891579231,30347021,0.0187425138709087,0.016372044996503757,0.01606157125845385,0.022436362439062666,0.01707571913050573,0.019469724991697763
17.229744032667416,30393643,0.0199485580812886,0.01617751745174128,0.01596247921731976,0.02127246332901877,0.01705581506145169,0.01830742747272156
17.231279129004594,30440336,0.0160971668533793,0.015976404505805786,0.015840715332407187,0.02011959852406709,0.01788829120010496,0.015602441511527003
17.232814266890557,30487102,0.0161277117529237,0.015769076594776464,0.015696875277334932,0.01907011448714048,0.01906464429327665,0.016736958502775075
17.23434934427361,30533938,0.0190203364943687,0.01555593799284238,0.015531735503278035,0.018192354183753666,0.02010576906430201,0.020094190871269596
17.23588445592334,30580847,0.0261650875093386,0.015337377031042444,0.015346214794742477,0.017528574597926155,0.020655688370311627,0.023310082230962814
17.237419565422968,30627828,0.0226951329248249,0.015113810266793919,0.015141402267617954,0.017096993800260966,0.020524760693542872,0.02407002645246018
17.238954669173122,30674881,0.017387378545879,0.01488565923156785,0.014918534317169004,0.01689535851901791,0.019698036397221903,0.018094542120844655
17.240489796140952,30722007,0.0159022591081467,0.0146533491546029,0.014678984698755428,0.01690470000036415,0.018355853136862412,0.015328423413222181
17.24202491011037,30769205,0.0184697114563817,0.014417322910744951,0.01442427030767374,0.017092031943930077,0.016877265108940238,0.018508086322564742
17.243560007531805,30816475,0.0167460234000894,0.01417802558038375,0.01415602605822796,0.017411867452720595,0.01574769586089771,0.016656929012316104
17.24509511727252,30863818,0.0153946853858289,0.013935903269901963,0.01387599150700769,0.017807325608884688,0.015395689228440318,0.014195547468219298
17.246630235666647,30911234,0.0168335309798241,0.013691412414317098,0.013586009320668077,0.018211969819873577,0.016088094942939325,0.017834499333575164
17.248165326764028,30958722,0.0196610772549319,0.013445019142754179,0.01328801233510346,0.01855353380111869,0.01787826362009269,0.01833050376023034
17.249700451584008,31006284,0.0162174895011816,0.013197177612659396,0.012983983352420857,0.01876005143951496,0.020424795441518446,0.017628919890743056
17.251235541958163,31053918,0.0248397420004952,0.012948365497543595,0.012675983642182436,0.01876788496868277,0.022757601919307195,0.02458644424884362
17.252770658740957,31101626,0.0270517096296988,0.012699041455982824,0.012366085677957979,0.0185305164266326,0.023522621904087476,0.02623463608312699
17.254305766098394,31149407,0.0199626149497885,0.012449680767694824,0.012056401394889116,0.018026172195105855,0.02191786439207449,0.01970061499166894
17.25584086046454,31197261,0.0167319638063265,0.012200753545862126,0.011749039217464868,0.0172624971134971,0.018495817092934116,0.017751913447695063
17.25737597029486,31245189,0.0137888029047835,0.011952723902520756,0.011446086943240263,0.016276914473621437,0.014803032550890154,0.015397248701806351
17.258911091909034,31293191,0.0115197208600471,0.011706059495869593,0.011149607449838513,0.015132367535386652,0.012142840684743717,0.012317760520540861
17.260446189736765,31341266,0.0114571498596893,0.011461230481984337,0.01086162092892078,0.013909013032562294,0.010827531238575069,0.011610540991956826
17.26198129213603,31389415,0.0102159317870314,0.011218693309320968,0.010584069906941003,0.012693314962530029,0.010514331028205183,0.010509939382337755
17.263516395476625,31437638,0.0108579675393097,0.010978905251815031,0.010318821409217133,0.011566813042444389,0.010801633946701656,0.01014199418621995
17.265051527905214,31485936,0.0114140519588042,0.010742313521159263,0.010067639946118485,0.010596306690858972,0.011304617507087257,0.011590535186957301
17.266586622255737,31534307,0.0111113105916061,0.010509373928054525,0.009832193092887957,0.009827232555183241,0.011538870656474902,0.011862977938347338
17.268121738419698,31582753,0.0119413587121042,0.010280515953027751,0.009614001935146367,0.009280688121614342,0.011161269669036,0.011203964232367547
17.269656841073285,31631273,0.0104494800142572,0.010056175824669642,0.009414463049597366,0.00895449514166044,0.010306442109305236,0.010761333221293539
17.271191958235153,31679868,0.0097358881989741,0.009836771885088023,0.00923481348199931,0.008827088102222587,0.009477390444653986,0.00940000571909897
17.27272705471195,31728537,0.0092595828417974,0.009622722259882742,0.009076136754792685,0.008863315367715627,0.009098683163885748,0.009174817058475372
17.27426215845858,31777281,0.0093637143597377,0.009414426030217898,0.008939339179125356,0.009020728535799043,0.009256845817680494,0.009225535355709953
17.275797265832416,31826100,0.0099378304005815,0.009212275967004151,0.008825153337182784,0.009255326327689346,0.009793240202676473,0.009878032001974279
17.277332373207553,31874994,0.011845731350662,0.009016653212307515,0.008734128350074845,0.009526020700748103,0.010489950698386355,0.011041069006319931
17.278867476974735,31923963,0.0107543953871357,0.00882792655383982,0.008666625731382585,0.00979757011360528,0.0111371672689453,0.010878103411184094
17.280402604817702,31973008,0.0118337420535809,0.008646448102033067,0.008622816316042052,0.010042091510983252,0.011527234467293108,0.0116258706521826
17.28193769055963,32022127,0.0121898146735047,0.008472567261614758,0.008602682683878964,0.010239485227535466,0.011512721783033614,0.011904016628887137
17.283472824326388,32071323,0.0115382588885512,0.008306601293328986,0.008606015521380682,0.010377309358817378,0.01113147924115427,0.010877741668716702
17.28500790888985,32120593,0.010549793375077,0.00814887319811491,0.00863241982268671,0.010450386456512714,0.01062568331127894,0.01081222130415723
17.28654303412177,32169940,0.0108022185548269,0.007999670679630783,0.008681320246862304,0.01046055080412107,0.010258026055290494,0.01050890910477767
17.28807813415144,32219362,0.0099849917481157,0.007859281208781186,0.008751962741978536,0.01041645976655511,0.010121900027653718,0.010001047415390301
17.2896132364751,32268860,0.0106436192661907,0.007727966423015047,0.008843428130491545,0.010333382491070449,0.010163404811309668,0.010213558096185018
17.29114833747299,32318434,0.0105294449946238,0.007605973900603409,0.008954638115754518,0.0102325911981269,0.010292388616739829,0.010814539588314144
17.292683464436635,32368085,0.0106988772178745,0.007493531411001762,0.009084369853424912,0.010139958137972372,0.010389432596937748,0.010599822714834659
17.294218582790112,32417812,0.0103189749918481,0.007390853376908794,0.009231260632161595,0.010083428494039627,0.010350918721611282,0.01028906578265148
17.29575368896365,32467615,0.0104316631629551,0.007298133179085082,0.009393828484609911,0.01008924742185169,0.010276762398363877,0.010384735886981189
17.297288779403985,32517494,0.0105331569486413,0.0072155453471927705,0.009570484898814515,0.010177244545554883,0.010446445167611772,0.010531397532565144
17.298823881279784,32567450,0.0110693030161048,0.007143243886903335,0.009759554436164728,0.010355901500306196,0.010911008354680193,0.010703256221312112
17.300358990929293,32617483,0.0109685680784022,0.0070813653053524,0.009959284033157396,0.010618321213745062,0.011303154177916218,0.011105998144957913
17.301894104707536,32667593,0.0123380098554169,0.007030026387070667,0.010167863257315881,0.010940431397605163,0.011305110591511694,0.011410046341240484
17.303429218986256,32717780,0.011169481887746,0.006989323971630803,0.010383441902061969,0.011282598071142874,0.011089917680001447,0.011432194019778972
17.30496433015385,32768044,0.0114284918467066,0.006959334769611402,0.01060414784943857,0.011595271756389754,0.011002755777480121,0.011219266896257433
17.306499434615354,32818385,0.0112362912707848,0.006940115217228415,0.010828105011585152,0.011828379033090093,0.01107538516434934,0.011175403701503588
17.308034528792344,32868803,0.0113413061057117,0.00693170136991259,0.011053451160415634,0.011943083284022334,0.011247090704916885,0.01130182009988161
17.30956963950025,32919299,0.0133621652584734,0.006934108989743814,0.011278359890196757,0.011923552830378402,0.01174649980428495,0.012085235871762775
17.31110476305384,32969873,0.0120471959289984,0.006947333847919819,0.011501048585259507,0.011785817279479647,0.012669157122004806,0.012227760780311365
17.312639865500543,33020524,0.0128761866130885,0.006971350662775283,0.01171979496590031,0.011580935646242116,0.01339326613468659,0.012849845680332463
17.314174973565866,33071253,0.0155695588122286,0.007006114465921729,0.011932965696436017,0.011390547245329402,0.013143268570263964,0.014555777363915898
17.315710083614746,33122060,0.0125538545150535,0.007051559795411176,0.012139017692956281,0.011314560043162187,0.012156692406869594,0.012658855824068732
17.317245192028807,33172945,0.0118625504462332,0.007107600975342995,0.012336515948186525,0.01145257877141915,0.011633557483301351,0.011841174439204488
17.318780295206302,33223908,0.012426594899188,0.00717413227956263,0.012524145630522256,0.011882526096040236,0.012359981627159991,0.012488737904300062
17.32031538956208,33274949,0.01303822333842,0.007251028133846834,0.012700722769613518,0.012641044204320478,0.01389008564416452,0.013645753296069004
17.321850501534062,33326069,0.0167274993169754,0.007338145157882937,0.012865206514865566,0.013710394458493473,0.015258579432778927,0.016335044882877018
17.323385627432028,33377268,0.0167981741824541,0.007435319415068501,0.013016699719861136,0.015015382866955716,0.016049602932202176,0.01643471931463384
17.32492073366806,33428545,0.0160161541644704,0.007542365746860713,0.013154456107416038,0.01643189262649998,0.01655923788701985,0.015179363108609747
17.32645584659193,33479901,0.0168368934821191,0.007659084298038646,0.013277892697719444,0.017806013982092566,0.01728736016281224,0.01659567253939099
17.327990932740775,33531335,0.02120821633345,0.007785252562441822,0.013386581549745372,0.01897983034637012,0.018515567906127253,0.02036416568325035
17.329526048182732,33582849,0.0211021729524502,0.007920637596989777,0.013480261755632541,0.019818886657123665,0.02011261457147656,0.021641848115412678
17.331061159442477,33634442,0.0198102538757366,0.00806498174929772,0.013558825782507241,0.02023502954623329,0.021503501207035737,0.020022476850653236
17.332596262929957,33686114,0.02079741124626,0.008218012781939336,0.01362232557811311,0.020200229545367383,0.021976307624109414,0.020830990096734413
17.334131384711945,33737866,0.0220878266046514,0.008379445224128791,0.013670966856741493,0.019748301771767934,0.021226948684347755,0.023160353368379565
17.335666491500223,33789697,0.0209206118845953,0.008548971630401714,0.013705100377158457,0.018964844798669573,0.01959799086823445,0.020746614687662118
17.33720157975444,33841607,0.0162838002762304,0.008726272137281815,0.013725218282130542,0.01796815927189272,0.01775738255747347,0.016587738879520166
17.338736704958833,33893598,0.0167471553190975,0.00891101943319117,0.013731944239645858,0.016885938248499748,0.01621362608608106,0.015257341085066487
17.340271804416584,33945668,0.0151454117773024,0.009102858185464838,0.013726022818043642,0.015833388492622648,0.015126193234092537,0.015645894791170394
17.34180690405045,33997818,0.0157742798644088,0.00930143023086325,0.01370831039360105,0.014897003493381961,0.014420189606381464,0.015806265886696626
17.343342029618967,34050049,0.0135184132673981,0.009506365159520459,0.013679762253057892,0.01412723854982553,0.013964229964153136,0.01444330890382576
17.344877118746627,34102359,0.0135713075149975,0.009717268702106017,0.013641423073139392,0.013540131918662074,0.013667284533607283,0.01299015363513397
17.34641222654876,34154750,0.0138728931222805,0.009933751198934576,0.013594409962127636,0.013125750282681729,0.01349020240856765,0.012921736773571979
17.34794734933032,34207222,0.0139000149470832,0.010155404675692287,0.01353990302035466,0.012860206018936986,0.013412936443028425,0.014051637037727608
17.34948245422436,34259774,0.015697978999011,0.010381807006492516,0.013479132527397939,0.012717018779550672,0.013396888207708521,0.014535918735642325
17.351017566847837,34312407,0.0132843921000806,0.010612535608579629,0.013413362393191696,0.012674826152512949,0.013370964274580966,0.013229277778484747
17.35255265445667,34365120,0.0126321829242403,0.010847151042481632,0.013343881848951857,0.012719934208030885,0.013264338510415788,0.012573015600855489
17.354087771665963,34417915,0.0133175900730351,0.011085219891579729,0.013271986635771478,0.012844064806999976,0.013074600182287876,0.01333096822911357
17.35562288572033,34470791,0.0138328534974447,0.011326288886822463,0.013198974994089743,0.013039247575686004,0.012893487873457982,0.014086876304578106
17.357157993024973,34523748,0.0126488164583469,0.011569903507660972,0.013126131157336731,0.013292552076816438,0.01285054482222815,0.012787424927151432
17.35869309000166,34576786,0.0123898957309512,0.011815604429044427,0.01305471617882339,0.013583101229629095,0.013071453875041274,0.01251871205385885
17.360228201965448,34629906,0.0143552123861988,0.01206293306105113,0.012985957134828304,0.01388276531859957,0.013691381526452578,0.014033477151827563
17.3617633252382,34683108,0.0140293912274581,0.012311423132144499,0.012921041384201849,0.01416043543797059,0.014748302226877997,0.01545321764641914
17.363298427370346,34736391,0.0154841827812614,0.012560601481768113,0.012861108821548782,0.014388481708580318,0.0159282461868778,0.01559508803299428
17.364833533593902,34789756,0.0166863423911614,0.01281000299673543,0.01280724212393191,0.014549195171894123,0.016579917771599725,0.016464875844098375
17.366368640280832,34843203,0.0165197314842067,0.0130591574731578,0.01276046528847912,0.014639011945659267,0.01625726739453952,0.016753152958786575
17.367903743819774,34896732,0.0160588284205619,0.013307595176631992,0.012721738434286206,0.014669225024388874,0.01522330540564321,0.015992717396591933
17.369438840615963,34950343,0.0145773863619558,0.013554847736614868,0.01269195503247563,0.014663070800694572,0.014200666185635681,0.014400229119815498
17.370973955659355,35004037,0.0131710534111152,0.013800453590547402,0.012671939990849469,0.01465035783689942,0.013673373077488704,0.013129827677673728
17.37250905673249,35057813,0.0132088140695398,0.014043945112752518,0.012662450325510262,0.014661586381293982,0.013666123490439793,0.013334223620532533
17.37404416877092,35111672,0.0163201303940194,0.014284867773022245,0.012664174129046201,0.014723545769174319,0.014102208167224932,0.015310802379390177
17.375579288114977,35165614,0.0181710164834856,0.014522767294637135,0.01267773294459497,0.014857677964710696,0.014974737720541267,0.016715926260712378
17.377114382728518,35219638,0.0152666749462421,0.014757190812974363,0.012703682821928625,0.015081292141195402,0.016088969655286646,0.015902035527601104
17.378649505815414,35273746,0.015952010979003,0.014987705016888338,0.012742519258684925,0.015410512756003778,0.016994851640549976,0.0155336238981563
17.38018459702306,35327936,0.0159179755376897,0.015213866815156,0.012794676572605438,0.015862914521160714,0.017384576836053586,0.016331857247016152
17.38171970941438,35382210,0.0202551138154172,0.015435258209548044,0.012860537400025695,0.016457934387244223,0.01739768422389289,0.01872157653239165
17.383254839282767,35436568,0.0187234224708567,0.015651461601716626,0.012940432134564544,0.01721358779612544,0.01744100828686908,0.019191823391991464
17.384789926586205,35491008,0.0162962210478006,0.015862061567875722,0.013034640454408289,0.018139634095600553,0.017868825073929194,0.017149646252461234
17.38632505230996,35545533,0.0185828135119888,0.01606667267559442,0.013143407564026254,0.01922888810958469,0.018872762303735975,0.01825683512675933
17.38786015648857,35600141,0.0225100152032129,0.016264901560230548,0.013266930698784239,0.020448951725630396,0.020433632122964968,0.02211729902217721
17.389395263658507,35654833,0.0205415812960772,0.01645637824465398,0.013405377245853181,0.021738039135898318,0.022221837997533044,0.022040580409855213
17.39093037019677,35709609,0.0234259506416299,0.01664074171658009,0.013558880048134537,0.023006802008691023,0.023691702120908494,0.0221453813045115
17.392465472497026,35764469,0.025177906524034,0.016817644427384967,0.013727541707633966,0.024147420101039124,0.024452096218283568,0.025161003120733872
17.394000594887366,35819414,0.0235009010018912,0.01698675595596079,0.013911439838563903,0.025048841260293844,0.024546357575114513,0.024527755894957107
17.395535677916126,35874442,0.0224420618203511,0.01714775147741784,0.014110614425567597,0.025615228813433415,0.024345704636477547,0.023442330424120823
17.39707080165181,35929556,0.0270324549114084,0.0173003362205457,0.014325096167895348,0.02578379280167427,0.0242236446393447,0.02654691537461381
17.39860590671893,35984754,0.0271949128576407,0.01744421679239619,0.014554869641892156,0.025537453665878864,0.02432807765295717,0.027028474627350866
17.400141017340953,36040037,0.0236308105856478,0.017579124649525255,0.014799901563438389,0.024909506260365352,0.024548079802202392,0.02288890777069407
17.401676129883086,36095405,0.0209820163444695,0.01770480537778348,0.015060123127430937,0.02397873753130081,0.024618122815202946,0.02148747397212826
17.403211240727224,36150858,0.0250915447114135,0.01782102202452431,0.015335430573825488,0.022856059226398186,0.024294258411066055,0.02381756213455851
17.404746346271903,36206396,0.0262015248752184,0.017927555549296172,0.015625681229318948,0.021665606114550612,0.023503713243963213,0.02633716852533727
17.406281442932233,36262019,0.0230761441655231,0.018024205240097214,0.015930688858443648,0.020524534261280945,0.022362285150757232,0.024633217368864896
17.40781655467464,36317728,0.0223470917470703,0.018110790556176204,0.01625022428376085,0.019525871933713006,0.021071354713037293,0.020897235010893463
17.40935165032801,36373522,0.0196532750246792,0.018187146714210296,0.01658399258061049,0.018727916369930042,0.01981463690692952,0.018915110594474472
17.410886781257826,36429403,0.0181870868763445,0.018253132296483336,0.01693165629387358,0.018151603012716358,0.018732949827882817,0.018305989431428804
17.41242188887609,36485369,0.0191019915186239,0.018308620414972145,0.017292786730130152,0.01778572885259651,0.017941264135127213,0.018135731369072313
17.41395699704687,36541421,0.0178337665488107,0.018353507682363615,0.017666900651460194,0.01759748290281874,0.017510412789551844,0.017817019583310303
17.41549210215838,36597559,0.0176011370133471,0.018387709497725436,0.018053429517393842,0.017545311523250638,0.01741077131911706,0.017447753196074677
17.417027200615447,36653783,0.0177311726592982,0.018411161481912103,0.01845171981953005,0.017590549538834783,0.017510204959321644,0.01759387165724118
17.418562316079928,36710094,0.0184505808411077,0.0184238197277977,0.018861035185021427,0.01770528135109834,0.017682666525024378,0.01807154944118877
17.420097417665694,36766491,0.018153723692647,0.01842566011281034,0.019280530072691017,0.01787516807349828,0.01791851514389829,0.018191635697895666
17.421632528984272,36822975,0.0181894314283401,0.018416679243647434,0.019709275115572723,0.018097543140382512,0.01828398582512991,0.018136325770718692
17.423167619266366,36879545,0.0183806489875479,0.018396894330163283,0.02014622474471146,0.018376258297364265,0.018778370459307855,0.018450633194598415
17.424702739146927,36936203,0.0207347187313034,0.018366341884504526,0.020590253915522962,0.0187154924690683,0.019293150884606557,0.020337080444952773
17.426237857848445,36992948,0.0211174529271722,0.018325079750227742,0.021040111566195185,0.019114540102268544,0.01972634694578796,0.020225196537947392
17.4277729447763,37049779,0.0194396616859535,0.018273186788110882,0.021494444652674048,0.01956512960196507,0.02008899428761888,0.019873406857299977
17.429308050366004,37106698,0.0228768331933972,0.018210759142668412,0.021951825335026324,0.020051745621427794,0.02048765649656786,0.020973492032867233
17.43084317092258,37163705,0.0210678574260447,0.01813791416904339,0.022410715411981155,0.0205544103201608,0.021038357343355994,0.02133306593114332
17.43237827590122,37220799,0.0203250035506677,0.01805479048734822,0.02286948008757944,0.02105291125504032,0.021781586610159588,0.02123445778416627
17.43391338858976,37277981,0.0235240372422243,0.017961543436712465,0.023326419804783543,0.0215311140025804,0.02261508862079969,0.02238691748899411
17.435448505343498,37335251,0.0230390283785491,0.017858348705538908,0.023779755335075085,0.021980160226502503,0.02330681840170324,0.023272112125388343
17.436983595791183,37392608,0.0240675090763831,0.0177454028605627,0.024227638946817925,0.022400023572686976,0.02364321526128456,0.023646506399500833
17.438518709849028,37450054,0.0242817514805448,0.01762291493132514,0.02466819790161683,0.022799398614221724,0.023600902652393722,0.024337681092100466
17.44005381713798,37507588,0.0242268558590455,0.017491117825266887,0.02509950130213042,0.023194253802574193,0.02335942550877696,0.0240420892219655
17.4415889140799,37565210,0.0251948214377347,0.017350260172899652,0.025519606467149132,0.023605812287547122,0.023156305199074984,0.02362332414484098
17.4431240236927,37622921,0.022298024650386,0.01720060507372831,0.025926574060432157,0.024058383137544388,0.023153117875445058,0.02320860506710708
17.4446591423089,37680721,0.0222980965868028,0.01704243449863499,0.026318470347082436,0.024577301230775502,0.023408998631521346,0.022128052131196237
17.446194239779746,37738609,0.0233332130135443,0.01687604948215157,0.026693386110699022,0.025186924457517808,0.023919438505711085,0.022877998609102355
17.447729365508046,37796587,0.0257420823589412,0.01670175791901495,0.027049480349691547,0.02590846224266511,0.024668991586103185,0.0265831803868228
17.449264462920933,37854653,0.029025269001294,0.016519894413749212,0.027384954072909813,0.026757223179662407,0.02568456675214199,0.02790032704134395
17.450799581291953,37912809,0.0265158078163022,0.016330795633637468,0.027698117524225293,0.027739582871572802,0.02706095934582454,0.027000694815271464
17.45233469057963,37971054,0.0304677095293091,0.016134821262857053,0.02798736674586323,0.028849661476276475,0.02891321146508736,0.02847470092367638
17.453869787216448,38029388,0.0298793166080446,0.015932340913352404,0.028251224400746937,0.030066770652513577,0.03124415474301956,0.030016124757848588
17.455404893906483,38087812,0.0315047589047458,0.01572373287226718,0.02848835408752569,0.031354301994372724,0.03379266758868582,0.03186508575253859
17.456940006994298,38146326,0.0366781947613773,0.0155093903429895,0.028697566573601375,0.03266081151974462,0.03602230949243901,0.03668146498009492
17.45847512284121,38204930,0.0373560896371328,0.015289717387250344,0.028877838997489216,0.03392378553055414,0.03737846939982903,0.03975021629701367
17.460010211690765,38263623,0.041117951528018,0.015065132018572732,0.029028325006690697,0.03507577922336329,0.03767837644658971,0.039273530673410516
17.46154532224667,38322407,0.0338885945568505,0.01483605002836606,0.029148375155174808,0.036052236697330604,0.037274666386766346,0.03799246376837741
17.463080424745566,38381281,0.0349459033767994,0.014602907149055213,0.029237530187682166,0.0367994178862805,0.03681893703812854,0.03531804802101468
17.464615541629655,38440246,0.0349530845419592,0.014366138954390094,0.029295539096172836,0.03728138339863726,0.03684639233154837,0.03469062960752965
17.466150643249037,38499301,0.0378202190162241,0.014126195844638234,0.02932235739157543,0.037484423695623624,0.03747733829301394,0.037697130736867715
17.467685751999298,38558447,0.0392622121300336,0.013883526152861848,0.02931815302327162,0.037418366717649074,0.038322781520436826,0.039765846164712695
17.46922086423842,38617684,0.0429939893302881,0.013638587369000728,0.02928330329397589,0.037114511304409986,0.03863409304793507,0.039908627249995596
17.47075597634109,38677012,0.0383046168826361,0.01339184127967747,0.02921839329638397,0.036620820791362765,0.03776106523515617,0.03849552230860147
17.472291084698654,38736431,0.03532387319771,0.013143753088793909,0.0291242107031221,0.035995376210594184,0.035684419229062764,0.034664491313650854
17.473826185719076,38795941,0.0335463149990795,0.012894790531634327,0.029001738214915435,0.03529935375366251,0.033106013321052646,0.03225972631464891
17.47536130156322,38855543,0.0311249010029848,0.01264541880267739,0.028852141031195343,0.03459066627920586,0.030961837258836535,0.031605950891153825
17.476896402856788,38915236,0.030325887563437,0.012396112229252356,0.02867676228071348,0.03391912586157544,0.02987904358068244,0.03029606784145329
17.478431511714895,38975021,0.0296892232522778,0.012147336658890676,0.028477099165808595,0.033323311047119025,0.030038911949363357,0.029995528972859918
17.479966624493535,39034898,0.0322845032137776,0.011899561128101963,0.028254795120156405,0.0328291647391113,0.031273513825874046,0.031195044482599125
17.481501737565402,39094867,0.0320575439464405,0.011653252784148301,0.02801162033465031,0.032449748521054436,0.03308215891828436,0.03285087076152306
17.48303684731987,39154928,0.037377867904314,0.01140887599554639,0.027749453257657257,0.03218568660856183,0.03471491186159884,0.03555469852022443
17.484571950162916,39215081,0.0338038008118739,0.011166891467986616,0.02747026104373132,0.032025885466397126,0.03555459945113418,0.03632756759801325
17.486107042517087,39275326,0.0361231732934356,0.010927755367366149,0.0271760792276603,0.03194838831107688,0.03552456859280234,0.03430802583815399
17.487642171665875,39335665,0.0337655400943631,0.010691910699842669,0.026868980549263802,0.03192150558055707,0.035069049693524014,0.034693550212812424
17.489177283064375,39396096,0.0392070121406327,0.010459809995352249,0.026551084418277814,0.031905553628184515,0.03473339155285534,0.03633678729661175
17.490712373184866,39456619,0.0359142978768283,0.010231890676862218,0.026224506356333038,0.03185554382557767,0.03474542241341819,0.035029151874987584
17.49224748912682,39517236,0.0308271878404525,0.010008574941403402,0.025891335936900274,0.031725008013853195,0.03484470914567816,0.03347089562621235
17.493782601895695,39577946,0.0358555586441908,0.009790287607023471,0.025553644353939135,0.03147082777001551,0.03440088741419805,0.033959446015361196
17.495317707896785,39638749,0.0310988809657027,0.009577440165050966,0.02521344399091961,0.031058560874677663,0.03283701135613232,0.034315918155162065
17.496852803551945,39699645,0.030189393499626,0.00937043380158396,0.024872675985816283,0.03046747901434127,0.03015828891456247,0.031165951460006062
17.498387910450067,39760635,0.025740779766671,0.009169655398039434,0.024533188316372228,0.029694374736213263,0.027081824445265856,0.02632121516150512
17.499923024930236,39821719,0.0247116706080018,0.008975483610354627,0.024196732319843307,0.02875534843856185,0.024532509612941227,0.02425319523443192
17.501458143348327,39882897,0.0224361430608956,0.00878828459854669,0.02386494407102342,0.027684979586838965,0.023006837759585664,0.023636002625313533
17.50299323704198,39944168,0.0227791179329948,0.008608414201280388,0.023539338491930337,0.026532845568052667,0.022476009629372913,0.0223873402767465
17.504528352508732,40005534,0.0218136947589684,0.008436205644897644,0.023221279058142044,0.02535768898172805,0.02276797933018009,0.0223403841016167
17.506063461081038,40066994,0.0246557917796379,0.00827198651997406,0.022912002639924635,0.024220383741444036,0.023771344870551825,0.024206628552043915
17.507598559181325,40128548,0.0274277073381462,0.008116066290954817,0.022612593130987,0.02317646222849865,0.025188533213736458,0.025981541702828
17.509133668130215,40190197,0.0274114820307438,0.007968736389852177,0.02232397935364545,0.022269671070887162,0.02631663056043522,0.02688852936713821
17.51066878426861,40251941,0.0255817270242187,0.007830274739741294,0.022046944008460766,0.021527527629904838,0.026355591239505406,0.02614645493652548
17.512203879148753,40313779,0.0242773973354806,0.007700944500115369,0.021782123882949117,0.0209594510614784,0.02504374786309109,0.024008193176308985
17.513738998793894,40375713,0.0228390084686266,0.007580985354540221,0.021529995956073335,0.020557669231196927,0.02295696786750883,0.023083787684819272
17.515274114751534,40437742,0.0218711162936952,0.007470625600596698,0.021290907892662345,0.02030069489608295,0.02112684219790457,0.021573969785418257
17.51680922342932,40499866,0.0204475177834174,0.007370073198819997,0.021065067091849063,0.020158458329301406,0.020298641407107527,0.02034513391760595
17.518344321251437,40562085,0.0204687308588032,0.007279517545323768,0.020852552893984026,0.020098251840131084,0.02045453959742355,0.020469207501363565
17.51987942927434,40624400,0.020578011746708,0.0071991279057942986,0.020653322546649835,0.020090366519361674,0.020957201137569385,0.020646578465131054
17.52141454384191,40686811,0.0217205004235212,0.007129056010485306,0.020467228103918808,0.020112492223123526,0.02114357192825255,0.021770931730136864
17.522949636774488,40749317,0.0214666581707234,0.0070694349347179865,0.020294026225111818,0.020152210335011324,0.020858449246085035,0.021370630906072368
17.52448475356763,40811920,0.0205947824511447,0.007020375200707944,0.020133378772562178,0.020207291436192664,0.02050053740212913,0.020529439753669932
17.526019866037334,40874619,0.0206267825798397,0.006981970289071512,0.01998488126982139,0.020283883023997664,0.0205821546095733,0.020646320933550462
17.527554970594178,40937414,0.021531220623345,0.006954292477530939,0.019848063610690976,0.02039305580873707,0.021225303117284353,0.02129418007291255
17.529090088055366,41000306,0.0227902947642226,0.006937393560328158,0.019722402970893137,0.02054642172336711,0.022054191343602716,0.02277058928004747
17.530625190399633,41063294,0.0233199391184381,0.006931305642589632,0.019607341575272427,0.020751668650736813,0.022548963137250477,0.02255309921165944
17.532160298402523,41126379,0.0220054276844699,0.006936040005465519,0.019502289960847345,0.02100888267595839,0.022485022100896424,0.02234046227218349
17.533695408428787,41189561,0.0227034242055864,0.00695158780425946,0.019406643562529836,0.021308324405513623,0.022045318075448576,0.02209002306657945
17.535230516859865,41252840,0.0222442999584444,0.006977919730727841,0.019319790607104436,0.02163013321993288,0.021573428249279606,0.021374823471838746
17.536765620093835,41316216,0.0214503160327284,0.007014986069451719,0.019241121267638973,0.021946069377475615,0.021288975427889305,0.02153367999750967
17.538300714545358,41379689,0.0217966063306916,0.007062716793390403,0.01917003590560002,0.02222307021377494,0.021238571805863575,0.02146178388302069
17.539835820775007,41443260,0.02109325104538,0.007121022697456754,0.019105951386511486,0.02242808001107537,0.02142455885656838,0.021158698587499462
17.541370935119435,41506929,0.0226021787063175,0.007189794058939625,0.019048309553419678,0.02253335776409133,0.021866798079987305,0.02271570021963496
17.542906053932057,41570696,0.0237231190503346,0.00726890134685405,0.01899658118663102,0.02252139387462486,0.022505023134051172,0.023931356781010587
17.54444114956451,41634560,0.0217581178416528,0.007358193992678992,0.018950270967401484,0.022388544960001946,0.02310303382504095,0.02178130119376096
17.54597626647747,41698523,0.021888620632234,0.007457506425492748,0.018908918002221616,0.022146676372497735,0.023338773246067458,0.022094907500907784
17.547511377018967,41762584,0.0238734091691976,0.007566649999628068,0.018872102626567924,0.021822451765166357,0.02303825897417022,0.024321242277498833
17.549046477609007,41826743,0.0226734041652381,0.007685418790705005,0.018839445104121284,0.021454216740388082,0.022324244589100862,0.02311320401219888
17.550581588555595,41891001,0.0215562397627082,0.007813590734042534,0.018810606966005894,0.021086897049399162,0.02152580406416936,0.021684085798142804
17.552116706201875,41955358,0.0209331844920008,0.007950924334153765,0.01878529243608966,0.020765687493021517,0.020938860797685317,0.021086552289103867
17.553651803109446,42019813,0.0207462620126967,0.00809715841859706,0.01876324812825367,0.0205294998050786,0.020659641795875962,0.020693855460642695
17.55518689952622,42084367,0.0207898213845087,0.008252019379433949,0.018744261678790196,0.020405252106772603,0.020606707771027806,0.0207112663188803
17.55672201557063,42149021,0.0207989310149963,0.008415217805780181,0.018728162163604695,0.020403999964840845,0.02065311310487262,0.020702011215604915
17.558257123854233,42213774,0.0212044481889288,0.00858644358505132,0.018714819893471034,0.020519521791699434,0.020725730194348018,0.02089399400134304
17.559792244456048,42278627,0.0210743635793405,0.008765376573418518,0.018704144939979534,0.02072962055860985,0.020818980920742514,0.020917791966681015
17.561327350093812,42343579,0.021094522667857,0.008951676646094094,0.018696087677571038,0.020999892399146437,0.020965173834425487,0.02086998325450657
17.562862460807146,42408631,0.021110098013847,0.009144995363431593,0.018690638124027603,0.021289309386908692,0.021205302980444367,0.021471006714903807
17.56439754941953,42473782,0.021702005671959,0.00934496518084439,0.018687826807708537,0.02155658541731862,0.021563431774548884,0.02178794154306663
17.565932659439042,42539034,0.02152186713747,0.009551215221455443,0.01868772525583058,0.021766280837804002,0.022021016287074913,0.021545177688233462
17.56746776368629,42604386,0.0233471196500864,0.009763353569338865,0.01869044753483795,0.021893555915848774,0.02250425668753879,0.022737527704384992
17.569002882014342,42669839,0.0242282474586712,0.00998098355945187,0.018696151919321342,0.02192693163158946,0.02289567314055958,0.024459233481215016
17.570537987349358,42735392,0.0233493169205959,0.010203691569812039,0.018705042981303946,0.021868675193353285,0.023065591026199556,0.023348061383594534
17.57207309950573,42801046,0.0217280609043187,0.01043106108775425,0.018717374661782388,0.021732978359860072,0.02291839521945471,0.022121820777627574
17.573608214842828,42866801,0.0221535080478046,0.010662663485276396,0.018733453108996483,0.02154244721900679,0.022451030382630327,0.021938170968776115
17.575143306444453,42932656,0.0225329620234287,0.010898058523644701,0.018753639841070636,0.021323702104942742,0.021796759901996088,0.02181479553457363
17.576678417323652,42998613,0.0215148049630292,0.011136809536189882,0.018778356688242587,0.021102935917360427,0.021191651971397427,0.02167187081632584
17.578213520561693,43064671,0.0210875826033423,0.01137846281666878,0.01880808771394196,0.020902254600603885,0.020834473741114704,0.021327233701311673
17.579748635769736,43130831,0.0211072259083863,0.011622566433113088,0.01884338465656651,0.02073725577217786,0.02073922977194732,0.020830939926306084
17.58128373613378,43197092,0.021087425254303,0.011868656479009415,0.018884868622120684,0.020616114442473417,0.020753803225405036,0.02114967101931024
17.582818841227027,43263455,0.0209807778612217,0.012116272691682495,0.018933235386672867,0.020540017307110546,0.020753683606066976,0.02086052239677145
17.584353970497258,43329921,0.0209931574114834,0.01236495198494946,0.01898925728596541,0.020504628468674287,0.020765305408714567,0.021004500063689317
17.585889074137313,43396488,0.0212979306980342,0.012614218035973512,0.019053782125610645,0.020502078739143906,0.020841197589004698,0.020998235580142
17.587424171663724,43463157,0.0209289838736877,0.012863604637335196,0.019127739235210224,0.020523000585603426,0.020900630495458924,0.020936243123769387
17.58895928246811,43529929,0.020946385371219,0.013112645349909078,0.019212137531848646,0.020558234350161343,0.020847302832981182,0.020885433485170895
17.590494402880193,43596804,0.0210507294063436,0.013360870627434669,0.019308062895105556,0.02059997533534,0.02080381679206077,0.02094454060957267
17.592029506344208,43663781,0.0209751681169464,0.013607808782776303,0.019416674753150974,0.020642321786795502,0.02100220877620442,0.020907417126809005
17.593564612195962,43730861,0.0210027114748677,0.013852997966039213,0.019539206740692486,0.02068131843617257,0.021385839703146357,0.02097687616926423
17.595099716815252,43798044,0.0223378590722527,0.014095975914256865,0.019676956677185876,0.020714663221825177,0.021564073345887835,0.022108027743249315
17.596634816598506,43865330,0.0232153474974941,0.014336284553413195,0.019831280599375434,0.02074127979864786,0.021322480851250325,0.022653154439343362
17.59816993072084,43932720,0.0215460602311948,0.01457347436204262,0.020003586440850187,0.020760925276855795,0.02097441340984562,0.02126626440642454
17.59970503277991,44000213,0.0214068969884116,0.01480709463569364,0.020195315803319052,0.02077396086475631,0.02097308715162994,0.021278516177998273
17.601240141914236,44067810,0.0224598061331541,0.015036708401873149,0.020407941805615434,0.020781374452463582,0.02130935028586051,0.02248436218809326
17.602775254482054,44135511,0.0217866501765386,0.015261882716113066,0.020642947243964153,0.020785106511764587,0.02156000276303969,0.021871744213946144
17.604310366858304,44203316,0.0211665575882086,0.015482193033018996,0.020901811390313458,0.020788717225048617,0.02146996861054591,0.021149510004871808
17.605845475434588,44271225,0.0211961705025952,0.01569722401449166,0.02118599293787432,0.020798403538501174,0.02121441421836979,0.021189683680753094
17.607380576619114,44339238,0.0213347798859215,0.015906570320199712,0.02149691167394307,0.02082433192898654,0.021071594239822924,0.021171591192206247
17.60891568935543,44407356,0.0212972066763898,0.016109840314109888,0.02183593425636079,0.0208821791247581,0.02108137529838097,0.021317288629228055
17.61045078749693,44475578,0.0212166475764566,0.01630664780517317,0.02220433924868527,0.020994668654921948,0.02111225331589927,0.021174865191829206
17.611985912401014,44543906,0.0212377636805806,0.01649662742708786,0.02260332224001541,0.02119280477299211,0.02109771372062419,0.021418076907920077
17.6135210155047,44612338,0.0215411045484829,0.016679415413553323,0.023033935698498303,0.02151638662211311,0.021101584833490953,0.021231287343597305
17.615056115679874,44680875,0.0212742328698622,0.01685467000199183,0.02349710745290858,0.022013463496511412,0.021248957800607843,0.021199670969249552
17.61659123167741,44749518,0.021248781721847,0.01702206323521444,0.023993604210145673,0.022738372580875358,0.02171136613029723,0.021568126537258817
17.618126337502975,44818266,0.0228247039335756,0.017181277039766494,0.02452399522767158,0.02374820955035836,0.022770109305723676,0.02203679943695896
17.619661451872176,44887120,0.0226693023831105,0.017332013571345027,0.025088661631603518,0.025097947538233717,0.0248264993757013,0.02402748318140247
17.62119654889253,44956079,0.0321692508747704,0.017473986531432992,0.02568774711326863,0.02683442701686882,0.028211787966157552,0.03086030596292603
17.62273164724439,45025144,0.0365207080328457,0.017606930455694912,0.026321173805688696,0.02899011194591579,0.03282085763031578,0.03742866848760136
17.624266765488198,45094316,0.040825788652225,0.01773059643158177,0.026988612185219217,0.031577185407125785,0.03790578871128907,0.03855221127614988
17.625801877781512,45163594,0.0380019627111497,0.017844749390581248,0.027689447239712436,0.03458285847583518,0.04239633715675873,0.0385675251071346
17.62733698054239,45232978,0.0418818073725332,0.01794917426405864,0.028422795515467416,0.03796688476794178,0.045593994601233326,0.04149580604473559
17.62887209227927,45302469,0.0497516947100089,0.01804367568578626,0.029187499260299097,0.04166150327777473,0.04760212583287407,0.04788931160717616
17.630407187301643,45372066,0.0524703727439461,0.018128074208538854,0.02998208821140474,0.04557383324343035,0.049110723363103424,0.051596319832237
17.631942306089517,45441771,0.0488847360465717,0.01820221306563691,0.03080483309480792,0.0495911108819897,0.05080052408191746,0.051197879560188495
17.63347742295194,45511583,0.0554832561170056,0.018265951194928447,0.031653677672938405,0.05358718754798703,0.05285316992964994,0.0546659669521431
17.635012512349732,45581501,0.0580513654300934,0.018319167819840842,0.032526275133842535,0.05743063569781475,0.05483852330602484,0.058832201154437144
17.63654763651517,45651528,0.0572078497365133,0.018361764814839667,0.03342004693913833,0.06099312709196215,0.05604828912585408,0.05514418507689779
17.638082747936213,45721662,0.0509833263208967,0.01839366042414923,0.034332079751633056,0.06415651829880098,0.056129720972585895,0.05097995468434739
17.639617843062137,45791903,0.0512823500658998,0.018414794819658964,0.035259225968850345,0.06681956474735057,0.055557889283444684,0.05255248045908269
17.641152961967503,45862253,0.0585720735118069,0.018425128678291335,0.03619812215195824,0.06890250162924764,0.055526594755959925,0.056336433501241505
17.642688057391773,45932710,0.0593637154599696,0.018424642220735414,0.037145128062048643,0.0703496543630153,0.05738475746024074,0.0611760425714439
17.644223169308834,46003276,0.0730906228594287,0.018413336424181435,0.03809645506382452,0.07113070386871419,0.06203892981355477,0.06665640966670804
17.6457582723294,46073950,0.0670852664992548,0.01839123268366752,0.03904809667793209,0.07124003625389272,0.0694299656532048,0.07040195202215391
17.64729338455607,46144733,0.0756518325715183,0.018358372356318625,0.03999592229342172,0.07069517567869332,0.07807971271361806,0.07538995380154934
17.64882850233727,46215625,0.0821397361389827,0.018314817240993334,0.0409356652273994,0.06953432414322908,0.08518591236581591,0.08100903477176176
17.650363600433646,46286625,0.0827083618003052,0.018260650213599478,0.041862953529729754,0.06781351320778342,0.08779087576969102,0.08270736040974896
17.651898718469212,46357735,0.086700276629004,0.01819597187001846,0.04277339365122036,0.06560338336434042,0.08449965453223648,0.08528766125986373
17.653433809666467,46428953,0.0758781896402971,0.01812090603676877,0.043662512278507835,0.0629861634936386,0.07633226123801329,0.08465791031067815
17.65496891355008,46500281,0.0653386900493808,0.018035592271631717,0.04452589168546918,0.06005217113698987,0.06596022201795107,0.06869284681997005
17.65650402645254,46571719,0.0565474188044659,0.0179401912052333,0.04535912645043893,0.056896688520052474,0.056095050921018755,0.0524276219356201
17.658039144723134,46643267,0.0450267100265105,0.017834882562417886,0.04615788268798816,0.05361649649505517,0.048352320450564486,0.048135102383958336
17.65957424332143,46714924,0.0475894143855438,0.017719866490632327,0.04691792060175026,0.05030643475482332,0.04312591586609364,0.044666019991364325
17.661109361475837,46786692,0.0360823842855986,0.01759535662748074,0.04763516838022825,0.0470557448612421,0.04006074105518256,0.037866406818640036
17.662644452805548,46858569,0.0398147478790205,0.017461591245691677,0.04830568032635675,0.04394511277019858,0.03853084520217783,0.036500863503997706
17.664179577748925,46930558,0.0385773311472992,0.017318816900278977,0.04892575412544905,0.041043444526750114,0.03787976053996378,0.03910833348185592
17.665714668715964,47002656,0.0404789514617475,0.017167308714159002,0.04949185767180428,0.03840624629948469,0.03748978830574909,0.03969884096568093
17.66724978598193,47074866,0.0393808427192678,0.017007346094679326,0.0500007575571539,0.03607407049778497,0.036821610356951535,0.039413600239199924
17.668784904606497,47147187,0.0357402705849797,0.016839232620275552,0.0504494598215253,0.03407300758441806,0.035514979605893844,0.03695641249890418
17.670319999796458,47219618,0.0304245929191258,0.016663287730671363,0.05083526690952765,0.032415816211085566,0.03353299922102493,0.030967413223879733
17.671855110340637,47292161,0.0272217475962154,0.016479838343894222,0.05115580780464535,0.03110419233638778,0.031222106718366983,0.027280969595251163
17.6733902114465,47364815,0.0315486745815862,0.016289232805971565,0.05140902114822345,0.030131866748417908,0.02917154313546943,0.028463286331801018
17.674925320628546,47437581,0.030753982242018,0.016091827858081827,0.051593191724232684,0.029487593549404688,0.027941801378993096,0.03200656655665856
17.67646043424041,47510459,0.0334444177625748,0.015887995596442567,0.051706946914346304,0.02915786335785777,0.027874475519250812,0.03213973467753085
17.677995548652447,47583449,0.0276717380045333,0.015678120283918736,0.051749267901940024,0.02912861930818198,0.029046309077900477,0.02788116394270706
17.679530660251686,47656551,0.0288733887234574,0.015462597618108644,0.05171949305052566,0.029385750410803015,0.031208499832554457,0.02706727216030172
17.68106576544178,47729765,0.0317540220762544,0.015241833977526601,0.05161731839569592,0.029914284765141675,0.03369117854709555,0.033500260115421
17.682600860642943,47803091,0.0394668080240573,0.0150162456473511,0.051442795346956616,0.03069651750578916,0.03556658412858116,0.03908839623501411
17.684135984066035,47876531,0.0358878353090829,0.014786251711613964,0.05119631804765054,0.03170959694295789,0.03619282957292605,0.03593234755606916
17.685671090261984,47950083,0.0324699569616009,0.014552292002129655,0.05087863513158163,0.03292308251039,0.03568983073413525,0.03339992135822773
17.687206196523736,48023748,0.0378968651822718,0.014314804490683621,0.050490818924537044,0.0342974372962707,0.0348367966276517,0.0354072215585003
17.688741299241755,48097526,0.0349115664496773,0.01407423692768767,0.050034266044647224,0.03578370238863442,0.034517919838811514,0.03686559320707009
17.690276415582307,48171418,0.0413419414905335,0.013831039579855053,0.04951067325116346,0.03732488721408145,0.03523931766669714,0.036482371616195476
17.69181152114614,48245423,0.035618414687128,0.013585674237409074,0.04892204289995761,0.03885887528211483,0.03693450971813378,0.036675297934600885
17.69334661237353,48319541,0.0363613205495491,0.013338603530935734,0.0482706470527594,0.040322722695076335,0.03898823008473074,0.03709403785231414
17.694881727048855,48393774,0.038927631551918,0.013090286596045077,0.047558995272948656,0.04165756816360593,0.040538018060583145,0.03807435751032465
17.696416840822966,48468121,0.0409399275077028,0.012841194919675876,0.04678986190724674,0.04281334627869536,0.04105206705622551,0.04076392570122194
17.697951950090705,48542582,0.0432790972142508,0.012591798125274991,0.04596623220746352,0.04375286443879104,0.04075818693400078,0.043012187548642736
17.699487051263525,48617157,0.0443500207449488,0.012342566404108262,0.04509129078157923,0.04445438128187744,0.04049346840009436,0.043324822668048456
17.701022161306735,48691847,0.0430221211011628,0.01209396630048965,0.044168388846899116,0.0449124851447445,0.04113734867207301,0.043235436251838455
17.702557276570317,48766652,0.0405735495376716,0.011846466525144508,0.04320104784784374,0.04513719234205829,0.04309570551356068,0.042364731106588706
17.704092372946622,48841571,0.0429960931492079,0.011600536979276316,0.04219294269623064,0.04515156369111401,0.04603035271308261,0.041914406408959125
17.705627487799173,48916606,0.0433209064677428,0.011356634760613998,0.041147828124317186,0.04498822714152184,0.048890869737296026,0.045276510102161764
17.70716259702218,48991756,0.0508134367552487,0.011115222985439453,0.04006960084464664,0.0446853633231509,0.05041548527363004,0.05061332578869658
17.708697697032257,49067021,0.0536506724938695,0.010876756749678439,0.03896222832777172,0.04428268461034313,0.049955148116777294,0.05467950641910696
17.710232804611564,49142402,0.05289193423307,0.010641682467744846,0.03782972990228966,0.04381782797249838,0.047933235987122194,0.05470567479892085
17.711767916116074,49217899,0.0445615851198599,0.010410443375736916,0.03667619048063939,0.04332348538347666,0.045476547070149136,0.045267831106380385
17.71330302791848,49293512,0.0391917536444206,0.010183475454955616,0.03550573161722987,0.04282537617332381,0.04360512108201934,0.036890545549668544
17.71483813640814,49369241,0.0420335926536832,0.009961206601865497,0.034322497884774324,0.04234109357124836,0.04267567158508563,0.041020280666944055
17.716373237991014,49445086,0.0459167338115456,0.00974405581364226,0.03313064445778889,0.04187974861768429,0.04232443851147068,0.04616123627571214
17.717908349283075,49521048,0.039357030070545,0.00953242964518112,0.031934310167096164,0.041442288704948566,0.0418007168878097,0.04070017863487538
17.719443446467977,49597126,0.0428489504355994,0.009326729836831485,0.030737654849551595,0.041022391014988224,0.040534066764721294,0.0398204819947416
17.720978566264424,49673322,0.044211845334166,0.009127338851260925,0.029544772061705353,0.040607738145827584,0.03860707563397146,0.04281983317887098
17.722513664757894,49749634,0.0418492868125322,0.008934637842947138,0.028359791284294177,0.040181670214480464,0.0367297992552725,0.037625054852843495
17.72404877857672,49826064,0.0333625245686182,0.00874898502979527,0.027186746274781588,0.03972493995629368,0.03574734208943061,0.03448664330578408
17.72558388400216,49902611,0.0376670187273651,0.008570732905523983,0.026029678364678024,0.03921760123934816,0.03613243330480826,0.03573982499448404
17.72711899747184,49979276,0.0345479913541488,0.00840021520583253,0.024892554631515122,0.038640729911953296,0.037719776839928734,0.03368047800674382
17.728654095361918,50056058,0.0349510903380463,0.008237755574112327,0.02377932411049127,0.03797795191329764,0.03965576717587687,0.03734717689281209
17.73018921402871,50132959,0.04866784406043,0.008083656115607397,0.02269384113196916,0.03721652143501783,0.040688307584893474,0.04787525341872846
17.7317243099347,50209977,0.043276931461624,0.007938211344713711,0.021639962735608233,0.03634803410106638,0.039895608231319615,0.045025652591907224
17.733259419346936,50287114,0.0314786017672745,0.0078016916172919375,0.020621433160195452,0.035368503290739185,0.03736408279032996,0.035087506158385726
17.734794538594095,50364370,0.0365787422256852,0.007674354529263402,0.01964196560669494,0.03427813445254511,0.03411400385114176,0.0315510295473265
17.73632964419681,50441744,0.0278668073108385,0.007556441765635294,0.018705222686059196,0.03308071610527944,0.03133927154771729,0.029763681603943937
17.73786475240298,50519237,0.0289955289412275,0.007448174004144749,0.01781477679659327,0.03178282140979933,0.029725213291167167,0.02935392762519684
17.739399859591394,50596849,0.0307823552413862,0.007349755380252638,0.01697414467040396,0.030393153037562085,0.0292835629136515,0.030889543142716153
17.740934962157482,50674580,0.0319132994725536,0.007261371389373915,0.016186770600419932,0.028922078715058464,0.02950049526705031,0.030400536666157562
17.742470076216765,50752431,0.0319138200683862,0.007183187597073281,0.0154560129269339,0.027381562031429878,0.02958041749679129,0.03042169130719503
17.74400517843387,50830401,0.0299646944574015,0.0071153524051504845,0.014785167297860714,0.025785665657369054,0.02881427084279998,0.030442554101051157
17.745540284897096,50908491,0.0264677035190601,0.007057992757841492,0.014177422878766183,0.02415141817343251,0.026959517193797182,0.025856544434736284
17.74707539197769,50986701,0.022193134929604,0.007011216847020449,0.013635882750366264,0.022500237151970776,0.024321007127326565,0.022116233656235544
17.748610496063574,51065031,0.0242118417106975,0.006975112835586864,0.013163545466317185,0.020859511019531957,0.0214670492884394,0.02126609777873926
17.750145613112117,51143482,0.0174129609263965,0.006949748435834231,0.012763290425211182,0.019264151928448797,0.01887915708629446,0.01966721719119762
17.75168071993161,51222053,0.0183802088237432,0.006935171819995155,0.012437882299841493,0.0177578673470958,0.016809756669205186,0.017623642844943284
17.753215832452703,51300745,0.0150597084550324,0.006931410236693047,0.01218993782919036,0.016393555830508985,0.015332582247751532,0.015787222025672704
17.754750947039916,51379558,0.0141611228600342,0.006938470859913369,0.012021926328831277,0.015232754481682202,0.01442102017662282,0.014286705228536166
17.756286040641324,51458491,0.0138827879728499,0.006956340088876827,0.011936148785709484,0.014343641715872588,0.013971962015123823,0.013945319011096025
17.75782114855086,51537546,0.0141616830874637,0.006984984616517358,0.011934717173980848,0.013797498935991893,0.0138251013015483,0.013934888760370412
17.759356267093533,51616723,0.0140017205214665,0.007024350699352945,0.012019543811582874,0.0136638372146696,0.01383013208489358,0.013926692985185868
17.760891373267317,51696021,0.0140847382091851,0.0070743636042668485,0.012192313116223593,0.014004272189351845,0.013924759138629457,0.014151935569945005
17.762426482833984,51775441,0.0141553441054472,0.0071349295779801645,0.01245446608885718,0.014865855626389,0.014201769521391752,0.014064140606357169
17.76396159216868,51854983,0.0146822303075749,0.007205934465761152,0.012807173999760942,0.016274561472870125,0.015012146067197578,0.014417230465351899
17.765496697663213,51934647,0.0171601128840157,0.007287244359174339,0.013251315389544313,0.018229786306630566,0.01698169125267914,0.01750017535859353
17.767031795725998,52014433,0.0234138857265819,0.007378705851792312,0.0137874518210338,0.020700725790423778,0.020620962636128413,0.022685469744074954
17.768566901977945,52094342,0.0229695604017546,0.007480147662432939,0.01441581158405594,0.02362535446591968,0.02562404372544868,0.02556347272501873
17.77010201277219,52174374,0.0304698715482002,0.007591378661616277,0.01513625129849723,0.026912269212230444,0.030670679098338947,0.029469931771657812
17.771637124478588,52254529,0.035980539056594,0.007712189192546771,0.01594823604418681,0.030445612199121896,0.03428309158556114,0.03510161933991078
17.773172233483677,52334807,0.037458519530631,0.007842351470641107,0.016850814929234664,0.034092581381842346,0.036009545183675266,0.03631338223156978
17.774707336190612,52415208,0.0343093189620491,0.007981620017838227,0.017842597467373364,0.037712789372727554,0.036713953517923587,0.035462032706441896
17.776242448068288,52495733,0.0367285199316058,0.008129734022526425,0.018921745079373473,0.04116848342501174,0.037836560639020675,0.03789317445345741
17.77777754644534,52576381,0.036508223667718,0.008286412368617914,0.02008591054118191,0.04433426829070393,0.0404981491570666,0.040960011721287895
17.779312665756166,52657154,0.0483723420591495,0.008451363606950736,0.021332288624801493,0.047105755992964723,0.04496908539855911,0.04439721210682938
17.780847764371963,52738050,0.0521841840428018,0.00862427267190189,0.02265749623164284,0.0494054847572264,0.050430083516112535,0.05149825571864713
17.782382876643755,52819071,0.0577951410236704,0.008804817791786693,0.024057682188592486,0.051186573859051704,0.05519356576583029,0.05754340234444602
17.783917979995994,52900216,0.0579537795364153,0.008992656387689797,0.025528404879005866,0.05243296433826827,0.05764401655789435,0.05730506595975681
17.785453089734972,52981486,0.0528189957220929,0.009187436617948245,0.02706470985903896,0.05315731277380661,0.05732985250259141,0.054788543406814445
17.786988202222076,53062881,0.0557747097907745,0.009388791315084495,0.02866107534938562,0.053396564123705206,0.055168010039294293,0.05419984846623085
17.7885233138354,53144401,0.052740780212441,0.009596340868710208,0.030311431556296852,0.05320622069917064,0.05260901701412766,0.0539524186473641
17.790058420969686,53226046,0.0531248873741257,0.009809693948656406,0.03200916813378773,0.05265399702294267,0.05063518375767616,0.050801500001192476
17.79159352003627,53307816,0.0469445437947834,0.010028448250550943,0.0337471469578223,0.05181362944799957,0.04934839301560358,0.04869578528439912
17.79312862619323,53389712,0.0513792226750987,0.010252194021101434,0.0355177422664743,0.05075941850883208,0.04821751779222645,0.05059958758570135
17.794663735798757,53471734,0.0491716514052311,0.010480509473225612,0.03731282195787185,0.04956194420159406,0.04670490671658437,0.04870098497834911
17.79619884522774,53553882,0.0421167502835321,0.010712964169708006,0.03912379826692574,0.04828506268359997,0.044851531653848656,0.042943949848004606
17.797733950871734,53636156,0.0412234616548428,0.010949119843001742,0.04094166401385332,0.04698420471585763,0.043370502136563356,0.041594507992856244
17.799269067754437,53718557,0.0430814964869962,0.01118853415117656,0.042757056947489935,0.04570580034498162,0.043188379905223645,0.04158460304449286
17.800804173627917,53801084,0.0432676821352125,0.011430752815985101,0.04456024184876535,0.04448766463110547,0.04482302656302234,0.042873994036056046
17.80233928349199,53883738,0.0518595482181528,0.01167532209138547,0.04634125278418292,0.04335989423848416,0.047904209541266785,0.05292710383270491
17.803874393719063,53966519,0.0600513047102527,0.011921780890807324,0.04808988699175498,0.04234621937617851,0.05098606436902654,0.060155754037730574
17.8054095006982,54049427,0.0448396344789533,0.01216966455405314,0.049795792508184195,0.041465402203593904,0.05202874031443107,0.0502548985977402
17.806944600835084,54132462,0.042016705789065,0.012418505732165488,0.051448538733319484,0.04073257002884215,0.04968223343181781,0.03998470334339652
17.80847970899683,54215625,0.039047070363351,0.012667838274245663,0.05303771018962,0.040160322429542164,0.04441996128891307,0.03933039249205219
17.810014821537308,54298916,0.0428941145970425,0.01291719210547291,0.05455294527610345,0.039759549410304344,0.038279872703366996,0.04297020904376417
17.811549934827124,54382335,0.0437250529541563,0.013166097106760115,0.05598403945802384,0.03953985190241986,0.03343409847196745,0.04213358478234576
17.813085045253544,54465882,0.0309004868940501,0.013414084009940864,0.05732103011497558,0.039509578752358145,0.031076885666631936,0.03271768376460955
17.81462014922046,54549557,0.0291926719026389,0.01366068529126528,0.05855428308984323,0.039675461378765334,0.03136934275918223,0.02623099079373697
17.816155261452167,54633361,0.0314186990126189,0.013905438966905622,0.05967459269244932,0.04004186040672304,0.03380922946977097,0.030501084690003136
17.817690360025647,54717293,0.0357587989375702,0.014147880692136159,0.0606732279225705,0.040609628618907385,0.03745833341276454,0.03861592361091968
17.819225477889926,54801355,0.0411956401191393,0.014387559140115826,0.061542081333798536,0.041374702908205774,0.04126095585013165,0.04193309640287182
17.820760574907585,54885545,0.0440910594670122,0.014624016747301542,0.062273673625991066,0.04232640375047951,0.04457481616979414,0.04569151378211825
17.8222956839488,54969865,0.0550564492167377,0.014856813358876335,0.06286131667717788,0.04344580691590768,0.047433950422266995,0.05125397734529835
17.823830801349075,55054315,0.0554935129936479,0.015085509992290752,0.0632991293595754,0.04470415969690299,0.05020819399416135,0.0530502615006203
17.825365905324666,55138894,0.0486209888960715,0.015309672795052022,0.06358212859254732,0.046061821272158646,0.05296935590711171,0.04941264564868234
17.826901010436234,55223603,0.0436455984611174,0.015528881855342295,0.06370630520313633,0.04746805232044121,0.055125217589981554,0.04704646009006333
17.82843611306933,55308442,0.053312454925136,0.015742723901330406,0.06366866663551474,0.04886183177788392,0.0556864437276792,0.05536596997079483
17.82997122767882,55393412,0.0637576416308327,0.01595079823453012,0.06346728885773201,0.05017411425406945,0.05408345081085235,0.06383869732549505
17.831506332575383,55478512,0.0536738669183574,0.016152710105873568,0.06310136249410209,0.05133146428625977,0.05086566285279787,0.0538472048474872
17.833041442191764,55563743,0.043148246752408,0.01634808124743231,0.06257121343163995,0.052261121151219316,0.0475589802968619,0.04376162699397509
17.834576552897023,55649105,0.0449187635655529,0.01653654328023354,0.06187833040270446,0.05289689276673623,0.045792705499554776,0.04490942300036156
17.83611166107688,55734598,0.0469869390691381,0.016717740900958088,0.06102537191066409,0.05318542261635245,0.046470196887408145,0.04492990478294735
17.83764676313369,55820222,0.0438860635417242,0.016891332558050295,0.06001616292500994,0.053091955775454294,0.049368192536889094,0.04672055971918655
17.839181873373562,55905978,0.0588157888938742,0.01705699298420192,0.05885566526090058,0.05260477217237202,0.053071279750486165,0.057421010674932146
17.84071698814962,55991866,0.0590315312936651,0.01721440975090723,0.057549974133699916,0.05173757429507337,0.05544564536547383,0.0602615922637869
17.84225208599939,56077885,0.0537684576281518,0.017363284349005755,0.0561062873616922,0.050529366979735535,0.054855214657790606,0.0523109112826408
17.84378719900144,56164037,0.0497756342878321,0.01750333957482598,0.054532785416147596,0.04904162596346371,0.05132804703602516,0.04893977718668757
17.845322305699188,56250321,0.0479362486518214,0.017634309675267173,0.05283866945542847,0.04735329527977286,0.046485739047504956,0.04654881649282695
17.84685740251236,56336737,0.0417689530980776,0.017755947878164566,0.05103402173195447,0.045554007653438366,0.042303107383220726,0.04176180273345312
17.84839252132356,56423287,0.0405668726955511,0.01786802755461926,0.04912969216502101,0.043736601527627886,0.039939760693465415,0.04074117939130211
17.849927623030403,56509969,0.0430357082349849,0.017970334763223232,0.04713733573050075,0.04199002538200501,0.03940898720284536,0.04139916042792541
17.851462739439967,56596785,0.0384721379981059,0.01806267900230689,0.0450691343580394,0.040392972786886874,0.03986877657603442,0.04010119548055432
17.85299784923365,56683734,0.0374264345407548,0.018144885028927013,0.042937844960164416,0.039009324772509534,0.040220563420078605,0.03915329379711561
17.85453294883258,56770816,0.0341010061621006,0.018216798027354368,0.040756591500912695,0.03788495198515308,0.0398380919261795,0.038727061405941246
17.856068052262078,56858032,0.0425329619344768,0.018278283308822356,0.03853874001815984,0.03704592421848235,0.03897215585074638,0.03857858214724873
17.857603173456013,56945383,0.0365560313181219,0.018329225434562522,0.03629779797634759,0.03649755521163692,0.03844754499006312,0.039991715952873486
17.859138273655915,57032867,0.0392033096251548,0.01836952723006227,0.0340473650987432,0.03622377316635204,0.03892493466891847,0.04060529449487778
17.86067338436277,57120486,0.0366348760972634,0.01839911374354658,0.031800825126841535,0.03618653957827554,0.04029469147054402,0.0389666820255667
17.862208484439023,57208239,0.0405658910214894,0.018417928858908802,0.029571398008267212,0.03632555582218983,0.04153422395106858,0.040043596256845136
17.863743605230702,57296128,0.0433808457488762,0.01842593742526098,0.0273718621316525,0.03655871208686408,0.04122975216519949,0.043364011120477566
17.865278708180455,57384151,0.0420002926402141,0.01842312413133176,0.0252146099899412,0.036784186103757686,0.038654982020121305,0.03911005956598874
17.866813807160735,57472309,0.0283053584794134,0.01840949447958658,0.023111356480420377,0.03688516068603737,0.034532822617954574,0.03167620100981384
17.868348915953586,57560603,0.0326599400558151,0.018385073950230257,0.021073108311041977,0.036737756692428195,0.03060943229235495,0.032006178316160504
17.869884030904664,57649033,0.0302835863093252,0.018349908416574114,0.019110086746636265,0.036222263901188996,0.02847713366269111,0.03221730229687676
17.871419131056644,57737598,0.0269795922613616,0.018304064664533333,0.017231632968674818,0.03523688582687753,0.028784311260857093,0.026213285105830885
17.872954247454665,57826300,0.0308922873875113,0.018247628075577775,0.015446044557070302,0.033712233372992416,0.031019566269109847,0.027753938845475726
17.87448935914813,57915138,0.0351935387564097,0.018180705569360148,0.013760635125556761,0.03162439397196121,0.03346432320519059,0.03717167907954561
17.876024462549378,58004112,0.0362807170651305,0.018103423448268752,0.012181593377084817,0.02900374282059953,0.03374941491175328,0.03601643676566112
17.877559571301003,58093223,0.0276495438119818,0.01801592657584496,0.0107139474521572,0.02593730121118671,0.030446306240607186,0.0281535526690599
17.879094681769175,58182471,0.0295282394728016,0.017918379843381873,0.009361572950365571,0.02256330603137046,0.024379977223929206,0.024229029332933222
17.88062979033673,58271856,0.0175302570578569,0.01781096716064949,0.008127159873672352,0.019057739389895842,0.017955980580084952,0.01869706923794497
17.882164893403157,58361378,0.0134416861065583,0.017693891105158288,0.007012213485223651,0.015614382353844651,0.013158983731443512,0.012736910026677865
17.883700004492844,58451038,0.0104803346875784,0.017567371073835204,0.006017058995398618,0.012421205967339474,0.01046117616726205,0.010471662724856143
17.88523510287757,58540835,0.0087225992394203,0.017431647049156833,0.005140904559007108,0.00963707437668817,0.009269729615246112,0.009740595562136932
17.886770219118304,58630771,0.0090337601979625,0.017286971850621752,0.0043818314964222255,0.007372339491008958,0.008675820328274433,0.009029651792128505
17.88830533249397,58720845,0.0080344502863188,0.017133619720655406,0.003736907934767938,0.005677321994119189,0.00784918859537477,0.007932872809561505
17.889840439408445,58811057,0.0054980176833186,0.016971879855670724,0.003202215471734658,0.004540033254908937,0.006456379647566221,0.006143083205206335
17.891375536282172,58901407,0.0054550974605708,0.016802057316414525,0.0027729374432400016,0.0038938135746437626,0.0049277231636161815,0.004842882213655943
17.892910653455083,58991897,0.0040373048664935,0.01662446844080194,0.002443440172964528,0.003632978978546947,0.003976609044781195,0.004137812395518227
17.894445753373628,59082525,0.0039498616287505,0.016439451941050516,0.002207391386007028,0.0036332738481412163,0.0038188253783837077,0.003883919101622113
17.89598086630693,59173293,0.0041882884607513,0.01624735258417362,0.0020578332772036335,0.003772968455934951,0.004095034892019782,0.004126152742625736
17.897515971712316,59264200,0.0052307525892401,0.01604853461910673,0.001987311210471564,0.003950651715942312,0.004423900308741312,0.004623885899571127
17.899051082862847,59355247,0.0046929323016832,0.01584337070957344,0.001987974295650872,0.00409659072736725,0.004732509318561319,0.005119547727522317
17.90058619612286,59446434,0.0056095778619612,0.015632247613273878,0.002051693337681782,0.004176186419019725,0.0051241946225653815,0.005041417298488617
17.902121291077307,59537760,0.0059385101475914,0.015415565765406924,0.0021701711883807123,0.004185937024143873,0.005614671450596628,0.0053988783451420636
17.903656397741745,59629227,0.0055135560066337,0.015193728971831945,0.0023350613513761567,0.0041439781897180394,0.00594037768154208,0.006432281834213847
17.905191512453126,59720835,0.0061925446819725,0.014967155377687877,0.002538072414025606,0.004078358873299085,0.005675476379980523,0.0058060765393936915
17.906726614846285,59812583,0.0049862943239472,0.01473627463751554,0.0027710717049762874,0.004016438200297822,0.004798476805424077,0.004606261988179015
17.908261734755108,59904473,0.0041149898633332,0.014501516992021828,0.003026195551254973,0.003978103507467801,0.004006656692064482,0.004158610040175307
17.909796835154502,59996503,0.0040699895074093,0.014263330148338457,0.00329592351412461,0.003974175080376423,0.003985383453935286,0.004048891776371217
17.911331945809053,60088675,0.0054632993570321,0.01402215802190953,0.003573184405171876,0.004009665097756023,0.004456573708882096,0.0047940502042711376
17.912867046445832,60180988,0.0046864138835697,0.013778457913093673,0.0038514109236578425,0.004090062549094704,0.004578490155462762,0.004589201698664783
17.91440216668378,60273444,0.0043570748654793,0.013532683984574679,0.004124621505240357,0.004227856426265757,0.004275042053092266,0.004286680115673437
17.915937269692286,60366041,0.0044592901748564,0.01328530491008979,0.004387452749674959,0.004446395163644224,0.0044249854567150835,0.004447693076134062
17.917472368481494,60458780,0.0060353403162432,0.013036784431622867,0.004635221996204628,0.004778996919831387,0.005570468961603939,0.005331117519877179
17.919007475976436,60551662,0.0068240965935867,0.012787588409108446,0.004863947570991493,0.005262629082541258,0.00713872015254028,0.007100560001095898
17.92054258852786,60644687,0.008319226289977,0.01253818665726424,0.005070364114694009,0.005927236865981804,0.00823602785449191,0.008145571422604095
17.922077702503252,60737855,0.0098983649967576,0.012289049385152977,0.005251931383143107,0.0067833387528362715,0.008672953185083578,0.009419572379553277
17.92361281428678,60831166,0.0105904808216966,0.012040646300807353,0.00540682842419537,0.007811364027612698,0.008932150965506591,0.010216817029205079
17.925147920279237,60924620,0.0092404787143811,0.011793445716874837,0.005533936490777231,0.008956161986071891,0.009550298555961546,0.009047457817147527
17.926683016897996,61018217,0.0104114811126781,0.011547913659025133,0.005632811323720021,0.010129084821485484,0.010731366807153987,0.009525379847601413
17.928218133303776,61111959,0.0127689125376282,0.01130450781569883,0.005703646819672877,0.01121829912844105,0.012186345790736523,0.012425665088721992
17.929753233119733,61205844,0.0160121115036926,0.01106369228237074,0.005747223814508216,0.012105766576289175,0.013187172573059966,0.01339864935760937
17.931288345439402,61299874,0.0139232309317836,0.010825915937803115,0.005764861995057418,0.01268787048296767,0.013100444572395486,0.013586464756568366
17.93282345030782,61394048,0.0116999174316721,0.010591629611978536,0.0057583551277478,0.012894965473092906,0.012014893060900892,0.01370811072728853
17.934358560413237,61488367,0.0119811427523188,0.010361272517730521,0.0057299066362225615,0.012705643092195315,0.0106635867529082,0.010157851764303805
17.93589367212233,61582831,0.0081105210846749,0.010135278984594098,0.005682059084780916,0.012152120464641007,0.009747136841047567,0.008380097642985878
17.93742878181845,61677440,0.0098343791777225,0.009914075084197884,0.005617621741508261,0.011315319473672928,0.009499751883048763,0.010369713712610612
17.93896388590159,61772194,0.01059305695055,0.009698077819228419,0.005539596566405786,0.010310443524182698,0.0097309309169894,0.01069101971162243
17.940498996951995,61867094,0.0100777569196302,0.009487692145610273,0.005451103350251141,0.009266095189699935,0.00996966814908182,0.00940999959084566
17.942034095189495,61962139,0.0090785709267883,0.009283316887922586,0.005355310107663442,0.008301544554716885,0.009696241508854892,0.010059474979738484
17.943569209292047,62057331,0.008639476900873,0.009085333082906107,0.005255358695214889,0.007506998683160724,0.008779333362273807,0.008775420855153475
17.945104319488046,62152669,0.0070348405070599,0.00889411615358731,0.005154305176140403,0.006931282320025761,0.00765810428745124,0.007116858439515135
17.946639422186177,62248153,0.0082778216205718,0.008710026526644103,0.0050550551266423625,0.006579161291413027,0.006888323778728419,0.007432479382319938
17.948174529851773,62343784,0.006763518625003,0.008533409325917365,0.004960308964845745,0.00641856772262137,0.00661031495558588,0.007184774489881466
17.949709638852756,62439562,0.0068021866023138,0.008364597581005877,0.004872516280964589,0.006395431455243106,0.0066191112781110945,0.006612818222762997
17.951244745573742,62535487,0.0067639600863412,0.008203909549948787,0.004793834436075094,0.006452113035112129,0.006746306902825316,0.0066972794848148874
17.952779862382354,62631560,0.0068585051308451,0.008051646574868981,0.004726095633208028,0.006544712855010668,0.0069271779921634994,0.006858312597058282
17.954314969681032,62727780,0.0071171907328207,0.007908097311040557,0.004670785244365803,0.006654920007344555,0.0070613596472882175,0.007034423768101249
17.95585007982167,62824148,0.0079488717580821,0.00777353084750907,0.004629023736390648,0.006793568472374843,0.0070745836818951816,0.007994470373741923
17.95738517328892,62920663,0.0077683554444691,0.007648202154328926,0.004601562274920552,0.006995193731961651,0.007036462287791349,0.007685237979167944
17.958920294156194,63017328,0.0071799670816032,0.007532343724862669,0.004588782695748985,0.007305210377998455,0.007046079482109137,0.007141755432053962
17.960455391155328,63114140,0.0073011852459836,0.007426177615702792,0.004590709527178551,0.0077630950383565395,0.0071219849007168054,0.007192728552715981
17.961990508246835,63211102,0.007488516957047,0.0073299006618768835,0.004607026009001029,0.008386095712174958,0.007374617463915387,0.007406707007909798
17.96352561013761,63308212,0.0086985365041117,0.0072436964092134,0.004637098946459167,0.009157599616743933,0.00815073306075489,0.00838857033988636
17.9650607248313,63405472,0.0103221235361902,0.0071677255837006015,0.004680010837332396,0.010023469958913771,0.009764725094304974,0.011168935711626686
17.966595832912468,63502881,0.0144961745055786,0.007102132258915096,0.00473459458216061,0.010897358201265358,0.012075655153670931,0.013519097503479348
17.96813093080225,63600439,0.0128039358854107,0.007047039926687611,0.004799475686085396,0.01167422617153224,0.014449337520290356,0.013456816368749245
17.969666046336382,63698148,0.0133110685220988,0.007002551402988449,0.00487311825651849,0.012249106847051045,0.01614626320744876,0.014912293460717135
17.971201144474563,63796006,0.0162293880131018,0.006968751475395288,0.004953867651817217,0.012537031040986387,0.016711200725224605,0.015879521830480935
17.972736252989375,63894015,0.0147267830048866,0.006945703103737127,0.005040004989139319,0.012489950237989648,0.01608136082768491,0.015585841266402903
17.974271368223896,63992175,0.0168679134202043,0.006933449922251439,0.005129791361226301,0.012106933548672108,0.014496473478769943,0.016093044889739543
17.975806470935,64090485,0.0120412241686671,0.006932015095602264,0.00522151645406426,0.011435717077088337,0.012388702529419204,0.013402102687395535
17.977341588729043,64188947,0.0095591355839704,0.006941401326813891,0.0053135486397626755,0.010565328906452539,0.010280196286991635,0.010035575530196043
17.978876686817173,64287559,0.0092827673355914,0.006961590680524094,0.005404372009768324,0.009611594811166004,0.00862742956868002,0.009054267469442474
17.980411792743254,64386323,0.007954392410358,0.006992545377677695,0.005492633663004384,0.008698368223519723,0.007645958473657378,0.007693321035880082
17.981946902862045,64485239,0.0074347809239462,0.007034207184341331,0.005577173448368674,0.007938411108148623,0.007260227648302516,0.0073469852169984196
17.98348201354501,64584307,0.0074477319698349,0.007086497603473433,0.00565705603808693,0.007417239041721117,0.007237471724442781,0.007327857329470451
17.98501712118029,64683527,0.0074122928597256,0.00714931802475942,0.005731595340116489,0.007182656814183271,0.0073753220180220545,0.007381728203629813
17.986552237608816,64782900,0.0076635301606951,0.007222550701343649,0.005800373328539205,0.007241276216527686,0.007585522125675574,0.007515649069043383
17.988087343768377,64882425,0.0082098303628888,0.007306056814033198,0.005863249544694913,0.00756186387046024,0.007859319986498041,0.00821506357877408
17.98962245148578,64982103,0.0083342627169371,0.0073996796786079035,0.005920368747608771,0.008084123062161216,0.008188734517973624,0.008376506911271508
17.991157557144614,65081934,0.0085703062307206,0.007503242780654227,0.00597215699436933,0.008730685854757484,0.008510275021076208,0.00881922391832724
17.992692657145106,65181918,0.0090358586384546,0.007616550797534114,0.006019313837720347,0.009419842842390698,0.008728911371341266,0.009274871144267262
17.994227763222206,65282056,0.0087043484340562,0.007739391243709995,0.006062797814202322,0.010076792943410311,0.008815859818056052,0.008729797654479666
17.99576287173876,65382348,0.0084289115364891,0.007871532602211417,0.006103804592534781,0.010641812593906685,0.008862286878181708,0.008437557751864097
17.9972979790743,65482794,0.0092215869386978,0.008012725754330974,0.006143741059089618,0.011074659348981275,0.009027881965246037,0.008918929140231872
17.998833096872776,65583395,0.0097314140064416,0.008162705986840806,0.0061841943532473225,0.011355274357626365,0.009490474838790237,0.009755306927397095
18.000368206252425,65684150,0.0111079226440986,0.008321189063469044,0.006226895116381635,0.011481506502544652,0.010421014197186104,0.011010151815462865
18.00190330364266,65785059,0.0129583415724814,0.008487876029668804,0.006273679652599126,0.011464980982039097,0.011815646362924885,0.013045142302932647
18.00343841584481,65886124,0.0158061303864183,0.008662455948919855,0.006326449069640489,0.011326228908146945,0.013248029376726315,0.013051413232606085
18.004973524027108,65987344,0.0114853509513258,0.008844598034079536,0.006387123675730065,0.011090106950075007,0.01398828790625539,0.011983765871820784
18.006508639729955,66088720,0.012159982505089,0.009033960707925885,0.006457601514877211,0.010782170075811044,0.013603262824551689,0.013526962057797364
18.00804374420153,66190251,0.0148636252982535,0.00923018506787859,0.006539712083219855,0.010426354140114261,0.012385657577514973,0.0144290138720228
18.009578848968996,66291938,0.0107392455591698,0.009432903029284399,0.006635176386726749,0.010043967643073842,0.011052242579296738,0.011278704259448484
18.01111395042177,66393781,0.0112344154962111,0.009641732386591018,0.00674556402700682,0.00965384623087597,0.010110048283388259,0.00961991355983496
18.012649060004428,66495781,0.0097973782323626,0.009856281504322453,0.006872257157201418,0.009273320376571508,0.00962129615036125,0.009694766164899695
18.014184174070355,66597938,0.0099853850274257,0.010076145950481659,0.007016413904529098,0.00891966733772815,0.009390219027712598,0.00955242228081041
18.015719273997213,66700251,0.0086514911095237,0.010300909012760505,0.007178937343672111,0.008611661811849636,0.0091585972706958,0.009168040243053191
18.01725438617967,66802722,0.0092325228162532,0.010530151320585254,0.007360456659301382,0.0083708799491772,0.0087702163463806,0.008920876113370672
18.01878949200565,66905350,0.008545596924493,0.0107634384650217,0.007561297596819137,0.008222479898391713,0.008398856387068991,0.008548823262087382
18.02032460281869,67008136,0.0085080471472395,0.01100033288879161,0.007781476561366015,0.008195121397165129,0.00851141003333119,0.00862343875749466
18.021859714986604,67111080,0.0113562469062922,0.011240387985696595,0.008020686871520065,0.008319869105360854,0.009352859884400704,0.010072437984761071
18.023394824893884,67214182,0.0107971503278314,0.011483151168833706,0.008278298216679563,0.008627961986523585,0.010531558775863314,0.01073273260028889
18.02492992894166,67317442,0.0100817214639051,0.011728164732548152,0.00855336057730769,0.00914754092290849,0.011344366608297065,0.010062682126799343
18.026465038379836,67420861,0.0112021484052566,0.011974969115900274,0.008844617068798421,0.00989962353813056,0.01147742996520235,0.01107069974226967
18.028000149574375,67524439,0.0139638833826111,0.012223099019469552,0.009150514319041184,0.010893787660282902,0.011215952484993432,0.013249783442441824
18.02953524412122,67628175,0.0133693681088672,0.012472084234453638,0.009469222971255378,0.012124227086765398,0.011065487699182556,0.012178794655620735
18.03107036277985,67732072,0.0100786036209522,0.012721462538319836,0.00979867956136921,0.013566972283236426,0.011416807079783568,0.010429485689489473
18.03260547234736,67836128,0.011781764229345,0.012970758971054517,0.01013658929633556,0.015178679566964164,0.012535652169275347,0.011051804557105516
18.03414056925624,67940343,0.0151605186206914,0.013219503541398973,0.010480482190314288,0.016897826277661766,0.014562359540663143,0.014961663427012335
18.035675679347925,68044719,0.0203013908901199,0.013467232054799138,0.01082775153618937,0.018648204848978507,0.01735246933319411,0.020468568050989788
18.037210784278905,68149255,0.0189531239278697,0.013713475079557894,0.011175677486767038,0.020344476221413103,0.020419458142274038,0.02121485549637352
18.038745895114836,68253952,0.0195422024801372,0.013957770718343511,0.011521485498042335,0.021899474881722718,0.023155819829827933,0.0204921349011368
18.040281008219303,68358810,0.0218857919235342,0.014199658372093289,0.01186237917624403,0.02323210214528023,0.025124802553353705,0.024814477294616978
18.04181611997261,68463829,0.0296781857029294,0.01443868199794126,0.01219558657694652,0.024274985773444148,0.026162873083300148,0.02833245625996756
18.043351226771687,68569009,0.024782792148475,0.014674390977450998,0.012518402496397388,0.02498080866379141,0.026300994498218842,0.02580167455922712
18.044886325030053,68674350,0.0284203267871379,0.014906340974363325,0.012828229308310981,0.025326490140053802,0.02567933108845824,0.02424218082198553
18.046421440256047,68779854,0.0226186034649371,0.015134099051955573,0.013122621038457712,0.025314699341633568,0.02454404538839082,0.024825242521061115
18.047956539728744,68885519,0.0248933230986579,0.015357231493555917,0.013399302204466655,0.024972585822179497,0.023259781068519315,0.024848378213190962
18.049491648900467,68991347,0.0225399816441128,0.015575321871763834,0.013656222429038356,0.0243480138873461,0.022241963412474208,0.023472678306122007
18.0510267641174,69097338,0.0230896688754714,0.015787958928576103,0.013891568226149772,0.023503932608329222,0.021814672158587838,0.02085354028537848
18.05256186729232,69203491,0.0216383573791722,0.015994739802947622,0.014103790900053663,0.022511741004534073,0.022071427698430807,0.020896302622346055
18.05409698372729,69309808,0.0275621976563988,0.016195278528292285,0.014291633622394117,0.021444523663871343,0.02278636650869799,0.02326679728726143
18.05563208094041,69416287,0.0226689028369023,0.016389193294024083,0.014454132328471281,0.02037117349797614,0.023421670663285956,0.022798636746094694
18.057167198562023,69522931,0.0222561006479549,0.016576123956756457,0.014590640147868933,0.019351792805718804,0.02333315872309889,0.02314174075741465
18.058702304165703,69629738,0.0265266835618295,0.016755714527201836,0.014700816164615934,0.018435066420277722,0.022162783384320178,0.02513060417092585
18.060237408537088,69736709,0.0206665690850951,0.016927628198353216,0.014784635783055132,0.01765726823909692,0.020123935828439483,0.020999167759422142
18.061772522390264,69843845,0.0144233675580096,0.017091542396920862,0.01484237972131781,0.017042916070455705,0.017870929701087442,0.01616720636882039
18.06330762777668,69951145,0.0159004522622868,0.017247146553634463,0.014874622913523419,0.016606434801855564,0.016062059430179687,0.015494723524527635
18.06484273539977,70058610,0.0152208172653117,0.017394148805019286,0.014882221519956457,0.016354204818918777,0.015033409086692684,0.014726262128269474
18.066377841640016,70166240,0.0142166068468078,0.017532271996532373,0.014866292295900144,0.016286455458616962,0.014779113589818088,0.01449899145153336
18.067912942894534,70274035,0.0166079807591539,0.017661255778854235,0.014828190577441855,0.016398454905522077,0.015077061105202464,0.01705820844423212
18.069448049785205,70381996,0.0180496095704636,0.017780858165724334,0.014769483960153432,0.016680757815954413,0.015610349405283119,0.017556543475776436
18.070983158676896,70490123,0.015190558131179,0.017890853595752685,0.014691924930225121,0.017118487804955854,0.016112608678356233,0.014836689298453809
18.07251826595115,70598416,0.0139017826486984,0.017991034687725605,0.01459742082902719,0.017689921480016073,0.016523203908266875,0.014283927959637118
18.074053382149057,70706876,0.0162435989954995,0.01808121341917231,0.014488001519556688,0.018364861576157836,0.017022263986897927,0.017232875968991593
18.075588489499104,70815502,0.0223183954865091,0.01816121894144227,0.014365790458098306,0.019103377261686195,0.017903858360974825,0.020571683488228597
18.07712359853224,70924295,0.0200756869978898,0.01823090122575206,0.014232968710411326,0.01985560536858183,0.019384714228483948,0.019831481625586445
18.07865870563148,71033255,0.0185218781755251,0.018290128900657537,0.014091746582429681,0.020563037013223207,0.021426841870620543,0.019354623482781774
18.080193807196448,71142382,0.0219127353943621,0.018338790380134612,0.013944332218899739,0.021161637989416678,0.023626839046914143,0.023841289366452783
18.081728913678152,71251677,0.0316186248151966,0.018376794373640645,0.013792901280094815,0.02158673468581544,0.02529660596455256,0.027076780662209785
18.083264021444748,71361140,0.0254228229031431,0.01840406916625823,0.013639572762503868,0.02177925682325343,0.025797777654398293,0.025613544447808227
18.084799140872818,71470772,0.0219957076754499,0.018420563448241997,0.01348638173825728,0.021692643873838485,0.02492312561261893,0.02500018470285752
18.08633424035891,71580571,0.0251818734369128,0.018426245909268155,0.013335263001182693,0.02129942645721019,0.022999991787977805,0.022583852908172303
18.087869358231988,71690540,0.0192600756306975,0.018421106007549266,0.013188020997381977,0.020596381833963135,0.020644219107294,0.019293465354477634
18.08940446294336,71800677,0.0196563462338088,0.018405153471715438,0.013046327625881256,0.01960734854578577,0.018411079308286227,0.01938038886235401
18.090939564850355,71910983,0.0165169520896361,0.018378418400844927,0.012911698608786272,0.018382836253469814,0.016604442462125085,0.01803782420551995
18.0924746742414,72021459,0.0141679906925534,0.01834095090800413,0.012785488247125883,0.01699623889359644,0.015288677844428972,0.014844584821829633
18.094009787472856,72132105,0.0132588104606047,0.01829282151407307,0.012668884155579714,0.015536828543809613,0.014388366529987748,0.014270270397878052
18.095544887075597,72242920,0.0137156709260697,0.01823412149417996,0.01256290351612308,0.01410026321641865,0.01376876184660422,0.01395372547219354
18.09707999714496,72353906,0.0110383877287222,0.018164960490745532,0.012468388909552321,0.012777790895509364,0.013269129661725833,0.012982529091292338
18.09861510022384,72465062,0.0128841394438504,0.018085469482115105,0.01238601629943701,0.011645858282924323,0.01271995128550336,0.013024334802567886
18.10015022029232,72576390,0.0122241326435378,0.01799579680749279,0.012316294606335527,0.010757425333303759,0.011992355456214179,0.012126031282453237
18.10168532614809,72687888,0.0101645598189614,0.017896113112443976,0.012259577341400584,0.010136625586628919,0.011096830689761842,0.010821841722113455
18.103220427983565,72799557,0.0115898684826224,0.017786605614438053,0.012216066442775049,0.009777413660811682,0.01025904035480232,0.010456181229280676
18.104755535923296,72911398,0.0101926481295262,0.01766747977108825,0.012185824613437002,0.009646672669312387,0.009829803541880733,0.010060626058699021
18.106290646329988,73023411,0.0100797414267682,0.017538960095395992,0.012168786397829586,0.009691175364913459,0.00999468968666851,0.010021700118994448
18.10782575558304,73135596,0.011378607633201,0.017401288877995257,0.012164769292978033,0.00984729519955793,0.01052847724499403,0.010922928052543654
18.10936086007848,73247953,0.0120825889017544,0.01725472572534666,0.012173485783142698,0.010051854183132706,0.010930411290388315,0.012106630272526196
18.110895969860277,73360483,0.0110021595688368,0.017099545649361517,0.012194555640598707,0.010252274746908334,0.010894851647374948,0.010926514078556123
18.11243108129487,73473186,0.0106377629949656,0.016936041159986658,0.012227517534780609,0.01041432545389044,0.010607064722751209,0.010442275571450476
18.1139661907654,73586062,0.0106357844273093,0.016764520520312836,0.012271840166433023,0.010526210762720242,0.010495781267400273,0.010591883347044334
18.115501294671617,73699111,0.0108197715432058,0.016585307159154513,0.012326932717770309,0.010598406640805063,0.01074190332303087,0.010709390628141694
18.117036402977757,73812334,0.0115420163884365,0.016398737376572835,0.012392154956583478,0.010659435081674898,0.011137797910065023,0.011531026800557304
18.118571512054327,73925731,0.0115067241442311,0.01620516288279761,0.012466824619057178,0.01074850662865768,0.011398279829394578,0.011479295786736088
18.12010661828856,74039302,0.0113636954814341,0.016004948642617353,0.012550224938319154,0.010906514302173834,0.011462917602559115,0.011274393713589088
18.12164173156988,74153048,0.0116030002364053,0.0157984703397894,0.012641611431638153,0.011167117003304467,0.011458200023815025,0.011580752397904895
18.12317683479169,74266968,0.0117085091832586,0.015586119084431546,0.012740214237124393,0.011549557439331596,0.011503491296394145,0.011676318222022038
18.12471193783528,74381063,0.0118814229525905,0.015368293418705563,0.012845244867169084,0.0120544940531334,0.011668834839162099,0.011978851100092891
18.12624705051591,74495334,0.0138146477940359,0.015145402061539559,0.012955897227525326,0.012663447604924282,0.012061873125320565,0.012876302919407738
18.127782155776952,74609780,0.0122206485575989,0.014917867175212913,0.013071347042493686,0.013341766261085838,0.012816872184448517,0.012387963642610529
18.12931726342577,74724402,0.0125071205480388,0.014686115771668113,0.013190756498787074,0.014044396983398353,0.013940670563171253,0.01269303835757068
18.13085236984216,74839200,0.015414501648347,0.014450584773593933,0.01331327152735555,0.01472315472318192,0.015203062163055371,0.01574079907311789
18.132387484764017,74954175,0.0174764247398963,0.014211716162625499,0.013438023713262765,0.015334118024709551,0.016223127358630334,0.01729150936655216
18.133922591221943,75069326,0.0162988449518008,0.013969962361299583,0.013564126786815062,0.015843762497570496,0.016693430257374065,0.017136728288006272
18.13545769894619,75184654,0.0185024987844148,0.013725777074409825,0.013690680810987925,0.016232920682430797,0.016561841601682576,0.017599953988997125
18.13699280432168,75300159,0.0145528611338081,0.013479620672654924,0.013816769112810313,0.016498040736207246,0.016044046923807113,0.015530157690817479
18.138527917009785,75415842,0.0139272564127246,0.01323195510618477,0.013941461195659975,0.01664990964592227,0.015481961003466195,0.014513257653041407
18.14006302012816,75531702,0.0162370967923169,0.012983249446741684,0.014063811007279539,0.016710389282465873,0.015175073932323731,0.015710462124840934
18.14159812333071,75647740,0.0147694843672463,0.012733970444382136,0.014182863687931977,0.016708062224952795,0.015308300994273598,0.015580495871311394
18.143133236206737,75763957,0.0169169864669108,0.012484585924957858,0.014297656824771274,0.016673714546728485,0.015971567368739396,0.01589355897763186
18.14466834192386,75880352,0.0176910876716288,0.012235568205365518,0.014407223242557523,0.016636473687844145,0.01714543015069048,0.01843927374254702
18.146203450064167,75996926,0.0177304539148115,0.01198738462425908,0.014510600877770626,0.016621097132456568,0.018597186174257756,0.0184885001099658
18.14773855700728,76113679,0.0185635015345142,0.011740503090475071,0.014606837021817934,0.016646564564412502,0.01984353803496096,0.018155344971232192
18.14927367226753,76230612,0.0214756421233731,0.011495386958668053,0.014694998474893067,0.016725792796047724,0.02036626660254615,0.021048845883240044
18.150808779099453,76347724,0.0202954222045974,0.011252500448752424,0.014774178818908412,0.016866078633098164,0.019973349727948998,0.021263688045525496
18.1523438870104,76465016,0.0206106432626089,0.011012299390300767,0.014843512037634163,0.017069818073453227,0.018947087199801652,0.018543282199474955
18.153878992386165,76582488,0.0179631837679662,0.010775236635953839,0.014902181774297234,0.017335113619896435,0.01781482930294149,0.018023888743458418
18.15541410466696,76700141,0.0171846311790589,0.010541757126796777,0.014949434637421601,0.017656083056087034,0.016995331339848985,0.017274806790365436
18.15694920719397,76817974,0.0169836567625074,0.010312303019174879,0.0149845915302243,0.018022871229822806,0.016650114173952173,0.016016774527627228
18.158484309400645,76935988,0.0161754638892121,0.010087304917360637,0.01500706200070498,0.01842159405458964,0.0167554134563042,0.01687435487483644
18.160019420657115,77054184,0.0182821734730373,0.009867185153079683,0.015016355724402545,0.01883447053977322,0.017200103757989624,0.018091957900935846
18.161554524354557,77172561,0.0180913964294335,0.009652360592083516,0.015012094841269688,0.019240425220003556,0.017830999672855168,0.017643691550553543
18.163089642794667,77291121,0.0175946750287678,0.009443232665278783,0.014994025476993533,0.019616337599869447,0.01850723675545342,0.01872128850792732
18.164624746463897,77409862,0.0212807053285933,0.009240199172817263,0.014962028632001655,0.019938841733025126,0.019170378658169982,0.020139079307094247
18.16615985761776,77528786,0.0176160309391208,0.009043639437187095,0.014916127913786338,0.020186546569962147,0.019855486776664197,0.01863870721568127
18.167694959733936,77647892,0.0207309690795673,0.008853925678021998,0.014856498398267649,0.02034223404427452,0.020613339062499455,0.01930674816880402
18.169230074962545,77767182,0.026103053751609,0.008671412414897285,0.014783469641358848,0.020394715004200738,0.02139853333599528,0.023561540182260667
18.17076517395569,77886654,0.0238303503922509,0.008496446778493372,0.014697532577531109,0.020339951922501955,0.022013797925902332,0.02346225314182966
18.172300291637217,78006311,0.020128128816956,0.008329354266862179,0.01459933449372997,0.02018127098664452,0.02218910288381798,0.02112418681100563
18.173835398712317,78126151,0.0201602448293724,0.008170452760463468,0.014489684389384411,0.01992863552853166,0.021776280180943033,0.021961361135211726
18.175370504400647,78246175,0.0204270841119383,0.008020040416326799,0.01436954244711957,0.019597123262367382,0.020893863804403848,0.02101060319750681
18.176905605099357,78366383,0.0186204441184667,0.007878400754743956,0.014240016031345778,0.019204918262429923,0.01986528074438673,0.018850268596541674
18.178440722704167,78486777,0.0198446195856681,0.007745798564573462,0.014102346679981979,0.018771144522223476,0.019007118851745407,0.019675663717452396
18.179975828085176,78607355,0.0220454862992351,0.007622486088479473,0.01395790442012255,0.018313918106191162,0.018464352334952652,0.019638473308913513
18.18151093039125,78728118,0.0169795976819673,0.007508694645957034,0.01380816490232388,0.017848796501171396,0.018182845785260398,0.017676787596657265
18.183046038709783,78849067,0.0178074474200997,0.007404637857187213,0.013654695286942086,0.01738784896570154,0.017970518849781576,0.01770897856770349
18.184581149403886,78970202,0.0193124465993869,0.007310511985121626,0.013499136220075623,0.016939335663834522,0.017609424529820117,0.01798841961685477
18.18611625885337,79091523,0.0176019008503554,0.007226494499588414,0.01334317942178264,0.016507930997834333,0.016997315857568536,0.017127423321280914
18.18765136345471,79213030,0.0171802602351321,0.007152743739859122,0.0131885449824271,0.016095386360356352,0.016221060205482495,0.016659167366338816
18.189186472225767,79334724,0.0165744103946549,0.007089398136908906,0.013036956343138294,0.015701487488615537,0.015477121814165586,0.015419730623913419
18.190721581538124,79456605,0.0146262570771009,0.007036577166590448,0.01289011842212935,0.015325182610833241,0.014917330886637374,0.014459209866182293
18.192256687780045,79578673,0.0156439398029185,0.006994380387510804,0.012749691604295203,0.014965732034722404,0.014571710340345226,0.01486150160193205
18.193791799903305,79700929,0.0143663038716244,0.006962887038663977,0.012617266170273058,0.014623765066715668,0.014379188104307546,0.014949385118422625
18.19532690174393,79823372,0.0136801772847584,0.006942156706329185,0.012494341728771308,0.014302126403424521,0.014250598805483797,0.014286149712270269
18.19686201475686,79946004,0.0144478379157471,0.006932228145109694,0.012382299268531745,0.01400634967308343,0.014118284269335297,0.014212753018842034
18.198397122792212,80068824,0.0137489703862453,0.00693312022001428,0.01228238595038645,0.013744694299739717,0.013965743953997235,0.014017911459494761
18.199932222263616,80191832,0.0136776598656375,0.006944831106088702,0.012195691698077053,0.013527616900994861,0.013819432893802525,0.013749000462164563
18.201467334503164,80315030,0.0138042031447644,0.006967338959068636,0.012123132213504922,0.013366717032015368,0.013707541750496759,0.013814920754488931
18.20300244341104,80438417,0.0136599714015268,0.0070006012607599566,0.012065437936531441,0.013273254947564568,0.013631240411382629,0.013756381554505488
18.204537557806095,80561994,0.0136942340963937,0.007044555592295473,0.012023139468268641,0.013256423285026572,0.013572094534517758,0.013682983094343782
18.20607266166007,80685760,0.0140013786728042,0.007099118677526836,0.011996561258191247,0.013321683410732699,0.013526284241659635,0.013769131609807281
18.20760776378692,80809716,0.0139430786581963,0.007164187962229512,0.011985815436359102,0.013469467233605559,0.01355830099277459,0.013658561292536613
18.209142872941147,80933863,0.0142367700154192,0.007239641347940667,0.011990801554222436,0.01369452634930761,0.013821334721949309,0.014839657325933066
18.2106779854812,81058201,0.0153590768931286,0.007325336683922314,0.012011208532686399,0.013986091370319871,0.014442665250261893,0.014713546179757812
18.21221308546435,81182729,0.0141824830964945,0.0074211116278962794,0.012046519716918582,0.014328865876926854,0.015316559047584402,0.014378194067803614
18.21374819393709,81307449,0.0157601464643078,0.0075267871106909435,0.012096023210909398,0.014704723045299347,0.0160680429727703,0.015519158588738365
18.215283307251163,81432361,0.0164122235020023,0.00764216402493629,0.012158823040354457,0.015094781922658174,0.016332938245798314,0.016638133523818214
18.216818409513746,81557464,0.0162352551902892,0.00776702386710603,0.012233854034708508,0.015481542750155822,0.01608262658664409,0.01705283878631079
18.21835352165137,81682760,0.0162845639460527,0.00790113321891435,0.012319902377312961,0.015850719581824563,0.015620363908988456,0.01697937202856891
18.21988862778569,81808248,0.0146651087833755,0.00804423820468881,0.01241562243356015,0.016192446890907194,0.015299138294119762,0.015102609704804556
18.22142373654,81933929,0.0142857010068319,0.008196070134997041,0.012519562363290007,0.016501772692132,0.015332709149970418,0.014300414592084936
18.222958844293004,82059803,0.0157336435887018,0.008356342770039264,0.01263018601563928,0.01677837376636441,0.0158280765445021,0.01553595489560687
18.22449395960761,82185871,0.0186361360703584,0.008524755265937572,0.012745899645485434,0.017025646706012827,0.016809158366587702,0.01746037017277234
18.226029066690884,82312132,0.0180304272586624,0.008700988768956973,0.012865074940353135,0.01724934392088924,0.018105774407525956,0.019292580857404824
18.22756417410165,82438587,0.0214586594681762,0.008884712357760217,0.01298607861217543,0.017455995875486355,0.019312630216367463,0.021897947265174342
18.229099278229164,82565236,0.0214634652559579,0.009075579633396762,0.013107295235498053,0.01765128829996459,0.01999690472376935,0.019744531973897035
18.230634387572337,82692080,0.0172233486324466,0.009273232267171383,0.013227153920747728,0.01783857431102218,0.019991051092868067,0.016651392788257568
18.23216949849795,82819119,0.0203745654430736,0.009477297660542243,0.013344149947511659,0.01801763077767108,0.019477068999642574,0.01897856541229402
18.233704607389456,82946353,0.0223219333162612,0.00968739107959513,0.013456867647979674,0.018183787006683483,0.018812477641726465,0.021788683979509407
18.235239710646955,83073782,0.0181170250289056,0.009903116387973553,0.013564000288639117,0.018327550607523082,0.018300359223784896,0.018078492453961596
18.236774816706134,83201407,0.0175420349662475,0.01012406855094599,0.013664368323701822,0.01843488069989602,0.018078600122834163,0.017583531099074852
18.2383099219449,83329228,0.0196319743697133,0.010349831011713311,0.013756932515730845,0.018488240152417207,0.0181243866893423,0.021112845196778987
18.23984503473996,83457246,0.0194326219694589,0.010579979926521965,0.01384080741698709,0.018468499746432415,0.01829160405113819,0.019047716081957537
18.24138013948352,83585460,0.0152526072121127,0.01081407959091437,0.013915268276335302,0.018357615748949813,0.018358344354007614,0.015603284751678846
18.242915244548787,83713871,0.016939649582194,0.011051690449175453,0.013979759441648594,0.018141811768803546,0.018116759345214124,0.016067114921063948
18.244450358252195,83842480,0.0171549058225926,0.01129236640123469,0.01403389545207547,0.017814789310900973,0.017494529788447687,0.018388460165814524
18.24598546503592,83971286,0.0185831514650159,0.011535651827617734,0.014077459978294064,0.01738035192493287,0.01661848064829149,0.020001118125226217
18.24752057321309,84100290,0.0194165442683932,0.011781089930728607,0.014110404082497018,0.01685375819554436,0.015743600055601825,0.018096517232455436
18.24905567916805,84229492,0.0144736524244857,0.012028217978312078,0.01413283877744979,0.016261315131905874,0.0150968402776579,0.014340137078059862
18.25059079115589,84358893,0.0137483313205705,0.012276571967453302,0.01414502676643745,0.015637955026257103,0.014777815766159956,0.013604101782700186
18.25212589370368,84488492,0.014686662310569,0.012525681750055155,0.014147371081657818,0.01502302896181746,0.014777025060406738,0.014375746416553184
18.253661006881128,84618291,0.0139609673393147,0.012775081512871198,0.014140402407803284,0.014454898556388335,0.015013803553213185,0.014761366575871947
18.25519611523048,84748289,0.0165953135529231,0.013024299133446606,0.014124764455327373,0.013965408081031893,0.015308502842267441,0.016308571601569545
18.256731215164645,84878486,0.0192041880485164,0.013272864765366333,0.014101198427356878,0.013575280412144463,0.015387152046408493,0.019020668421424653
18.258266326640065,85008884,0.0159420938037785,0.013520313592886123,0.014070526037117856,0.013291529643637723,0.015048839533529194,0.015291196169965176
18.259801434248992,85139482,0.0135322908240305,0.01376617718538057,0.014033633883787568,0.013107515295453303,0.014374549731454026,0.013265625814161753
18.261336546127367,85270281,0.0136511361480299,0.014009993887894931,0.013991455868260295,0.013005651854914582,0.01369711052699179,0.01347115515673708
18.262871646936876,85401280,0.0136089581079205,0.014251302181436814,0.013944958277053342,0.012962232156526097,0.013309983720562139,0.013746515235025033
18.26440675650209,85532481,0.0134494833016702,0.014489650809019984,0.013895123026976954,0.012953219397766091,0.01323796514906932,0.013320418868369474
18.265941871173546,85663884,0.0133914053500892,0.01472459035673082,0.013842935606498874,0.012959635232136273,0.013305911732831088,0.013365821318488721
18.26747697566284,85795488,0.0135089571165172,0.01495567611853225,0.0137893726970304,0.012971224536701322,0.013356956105974326,0.013396597042843206
18.26901207804528,85927294,0.0134088935573489,0.015182474229802173,0.013735390647941104,0.012987514855919332,0.013352503872575545,0.013443291642817873
18.270547186341236,86059303,0.0134058377261095,0.015404558804394664,0.013681918095453912,0.013016050069881128,0.013319905816050954,0.013363591804902193
18.27208229691428,86191515,0.0136539351264054,0.015621511098156037,0.013629850482759083,0.013068327995539988,0.013286377318241381,0.013375656128031635
18.273617406144687,86323930,0.0137845354911993,0.015832922078687965,0.013580046066228748,0.013154592931887844,0.013274503191452123,0.013427484788369689
18.275152510429365,86456548,0.0134308347806614,0.016038393203932366,0.013533324695242653,0.013278956308577458,0.013333571864625327,0.013383708966021368
18.27668761773058,86589370,0.0139048255138713,0.016237538653991905,0.01349046861162068,0.013436245372683304,0.013546320863357301,0.01393172188857487
18.27822273595627,86722397,0.01490587690666,0.01642998437848598,0.01345222622613649,0.01361151248679089,0.013955906755112477,0.014403849842509262
18.279757838420203,86855627,0.0138774928948595,0.016615364696097087,0.013419318201723903,0.013782409071738996,0.014458039962952644,0.014645135212782776
18.281292944576983,86989062,0.0155531452307382,0.0167933329728248,0.013392442697963613,0.013923850218245602,0.01482277386986926,0.014497910878079098
18.282828050800408,87122702,0.0145333435798294,0.01696355365237475,0.01337228573804954,0.01401370096492394,0.014890897955611895,0.014425211671194241
18.2843631649414,87256548,0.0146008958249533,0.017125707021391455,0.013359530360550407,0.014037970035582539,0.014723569377181927,0.014825485952573875
18.2858982719114,87390599,0.0151960386733097,0.01727948615023223,0.013354867560696294,0.013994079263854327,0.01451961788881794,0.015044294280291182
18.287433379559435,87524856,0.0149206442680689,0.017424602315806302,0.01335900691519892,0.013891324626905288,0.01443292710981772,0.01484450703888135
18.288968484273152,87659319,0.0155257701478581,0.017560781946809174,0.013372687786753042,0.01374842412449499,0.01448908946820554,0.014463436296702777
18.29050359384711,87793989,0.0142336588166415,0.01768776929456114,0.013396689858485696,0.013588875256566775,0.01457951914117561,0.01411175436405802
18.29203870464971,87928866,0.0153293044957007,0.01780532488944709,0.013431842451605834,0.013435475643855275,0.014498966018063988,0.014408072908575952
18.29357381306604,88063950,0.0150919135677702,0.017913227111004636,0.013479032651216543,0.013305596457854797,0.014123995374707208,0.014954502115576886
18.295108915497817,88199241,0.0141157751900962,0.01801127260934897,0.013539211653560054,0.01320859988331601,0.013616858139337149,0.013927809815260648
18.29664403100447,88334741,0.0134366113604812,0.018099277914566024,0.013613400158813412,0.013146173666876511,0.013301985914747481,0.01335429190450566
18.298179133310203,88470448,0.0134306373327319,0.018177075811266902,0.013702686920753751,0.013115513150200476,0.013274753588082463,0.01340704265238212
18.29971424143821,88606364,0.0135065250316089,0.018244520845292114,0.013808232097751082,0.013114421578744026,0.013316595880275733,0.0133421788876592
18.30124935175248,88742489,0.0136116215401984,0.018301485778430562,0.0139312598367836,0.013146820639425924,0.013274841308402879,0.013368490945757535
18.302784460633703,88878823,0.0134600851116129,0.018347863205060252,0.014073052069286884,0.013226953800593225,0.013293136731571146,0.013377215549694323
18.304319564479215,89015366,0.0135789125442714,0.018383565756127117,0.014234938093387155,0.013380867250565243,0.013530641654156829,0.01384651053970178
18.30585467091972,89152119,0.0150953885801436,0.01840852640764065,0.014418282350072809,0.013644438566745364,0.013881678121868598,0.015103891934370041
18.30738977633404,89289082,0.0138170044637934,0.018422698084168652,0.014624465291277984,0.01405812136187317,0.014155255909153893,0.014130203784096962
18.30892488830007,89426256,0.0134733839956289,0.018426054112404774,0.014854866324223929,0.01465946837069027,0.014377759459765618,0.013688846103418608
18.310459992013175,89563640,0.0141749568628336,0.018418588158679822,0.0151108363146856,0.01547507716685156,0.014820340196090366,0.01443718457777791
18.311995106198307,89701236,0.0161213833876948,0.018400314166789687,0.015393681456073015,0.01651387777279523,0.01592239239244091,0.01620932343093745
18.313530216067026,89839043,0.0216888629950913,0.01837126665727056,0.01570462499149462,0.017763252632286872,0.018204205587517973,0.019083225996182243
18.315065318029905,89977061,0.0251221531719104,0.01833150052205466,0.016044785716192483,0.019189040371017232,0.021848070108981855,0.02313022280309433
18.316600430707847,90115292,0.0273859411304077,0.01828109012847828,0.016415151883485395,0.020739424678160152,0.02611925004513355,0.027179441493114066
18.31813553936248,90253735,0.0304596166474745,0.018220130812334645,0.016816537871413323,0.022351849298307098,0.02951468839087002,0.02992367221911639
18.319670640403025,90392390,0.0270442418856029,0.018148737620124197,0.017249563289628754,0.02396171608086412,0.03085541099418018,0.028783970794754418
18.32120575234708,90531259,0.0264131456763845,0.018067044089432854,0.01771462759590866,0.025511063130465896,0.030205364297036318,0.026945639352851814
18.32274086050631,90670341,0.0297412275991998,0.017975204756868497,0.018211865173293654,0.026955634970995235,0.02863633160078375,0.028815698468223686
18.324275972300903,90809637,0.0304879023608169,0.017873392112042613,0.018741134573903487,0.02826944033881397,0.027278429927063832,0.029854782039846765
18.32581107310972,90949146,0.0299274645446516,0.017761798905169567,0.019301979719336105,0.029446125813962932,0.026678245308112386,0.028206214875403035
18.327346181330615,91088870,0.0291741737359319,0.01764063396052922,0.01989362795052116,0.0304975176817754,0.02676206030390936,0.028604057133130117
18.328881293320293,91228809,0.0284111900228667,0.01751012561237571,0.020514952522954856,0.03144980472374591,0.027111829292746387,0.027564971507945648
18.33041639450752,91368962,0.0234037845216561,0.017370520905480715,0.021164461395278538,0.032338390224579704,0.02735242491485191,0.024042934583410645
18.33195150318841,91509331,0.0235028089344371,0.017222081078106695,0.021840306626963665,0.033202234872060005,0.02749911340548814,0.02460305344374082
18.333486615719288,91649916,0.0304151442935897,0.017065085894179467,0.02254025716737462,0.03407830010915735,0.028021454559697283,0.028835397117151634
18.335021728473187,91790717,0.032377073062013,0.01689983131009413,0.0232617082650544,0.034996607436667805,0.02959966396638833,0.03266503922653156
18.336556826962155,91931733,0.033736370694228,0.01672663016554352,0.02400168230929016,0.03597603981349713,0.032791511323726215,0.0364205097177482
18.338091940225407,92072967,0.0409833863205743,0.01654580531621605,0.024756867015730523,0.0370210387223065,0.03768223900739272,0.03835173454875616
18.3396270428972,92214417,0.038237859922746,0.01635770020437915,0.02552358510387316,0.038119171181416306,0.04354217140308736,0.040125766485888066
18.34116215307229,92356085,0.0545183716788172,0.016162666833399682,0.02629786472696341,0.039240026401956674,0.04885909083414733,0.04670018996781622
18.342697267106935,92497971,0.04865451717973,0.015961072834317434,0.02707543525485026,0.04033555125590255,0.052059214309796625,0.051025963732232046
18.344232370579657,92640074,0.04835670826935,0.01575329973817445,0.02785176555682262,0.04134236052939608,0.052459286484630094,0.05076812267919752
18.345767481485574,92782396,0.0551128436763007,0.015539736361761518,0.028622123702742894,0.04218622788599534,0.05057138108351936,0.054251832029083194
18.34730258541989,92924936,0.0501206662055239,0.01532078683836802,0.02938158629357237,0.04278860358565526,0.047542941077028486,0.0524768193338771
18.348837689550276,93067695,0.0432507371466443,0.015096862456240513,0.030125111450403017,0.04307482444986658,0.044363592819950795,0.042105557489849996
18.350372800995,93210674,0.0373535517231658,0.014868383785986374,0.030847576651911273,0.04298298366831152,0.04148344847654488,0.039479235314396774
18.351907905399248,93353872,0.0387016462985749,0.014635783180028722,0.031543820564247815,0.04247230856524276,0.038931742230193564,0.04212349669881993
18.35344302057715,93497291,0.0391468886037163,0.014399495909378949,0.032208721234824086,0.04152966801348592,0.036647354416569446,0.036131614493914346
18.354978121511717,93640929,0.0299905869238938,0.01415997075563594,0.03283721731204936,0.04017310483856214,0.034707270287375414,0.029745049766343814
18.35651323664732,93784789,0.0304858627823336,0.01391765430534406,0.0334244039377747,0.03845151561511636,0.03330128245366273,0.03240760614815326
18.358048341016698,93928869,0.0386367348140767,0.01367300676286831,0.03396554365107812,0.03644061241644988,0.03252416258857206,0.03806438294745093
18.35958345232015,94073171,0.0381593059669266,0.013426485983863536,0.03445615709780994,0.0342353611964096,0.03217290147884858,0.03669926851413388
18.361118556302824,94217694,0.0294492189989399,0.013178558447779263,0.03489204743727642,0.03194040663935781,0.0317119290834408,0.030745251343402592
18.36265367058401,94362440,0.0278648371386242,0.01292968815017685,0.03526936932577156,0.029659609093216133,0.03051581766184252,0.027011174028583065
18.364188770344725,94507407,0.0262077469833992,0.012680347729637028,0.03558465427700114,0.02748664176237836,0.028331927769958395,0.026302594577624613
18.36572388373736,94652598,0.0227832631734516,0.012431002119620413,0.03583487431626557,0.025497561570568674,0.025576571181216225,0.025691704299951528
18.36725898599249,94798011,0.0253589344603223,0.012182124850460193,0.03601745705449753,0.023746783537387788,0.023086251642023395,0.024240374655727884
18.368794094617208,94943648,0.0222276942473229,0.011934181712400913,0.03613033390088739,0.022266204486769282,0.021548076816242573,0.023532259806382162
18.370329205973007,95089509,0.0216707219506032,0.01168764017329186,0.03617195626304502,0.021067656247059786,0.02119767260993923,0.022469410858495024
18.371864316438057,95235594,0.0198690199281963,0.011442965050016475,0.03614131966762506,0.020147579009647143,0.021863076290663183,0.020564840229114284
18.373399422407175,95381903,0.0211731822099046,0.011200617623482673,0.03603797778464537,0.019492957127672166,0.022981264236090728,0.021262157333014377
18.374934530759887,95528437,0.0241496766665309,0.010961053137377722,0.03586204864443728,0.01908731194008526,0.023658680847901334,0.024529900831569168
18.376469637875985,95675196,0.0252448895363682,0.010724723252904701,0.03561421730641159,0.018915725932415826,0.02317524038524666,0.023949424957901456
18.37800474015189,95822180,0.0210463880019868,0.01049207350581624,0.035295730751541944,0.018968130064688032,0.021615318330847177,0.020636057287216843
18.379539854840637,95969391,0.0195550647952847,0.010263539385803227,0.03490838072439387,0.01924051940513015,0.01979961218080704,0.019867895562588955
18.381074957467863,96116827,0.0192701180988088,0.010039554858113683,0.034454501600982596,0.019734089637197496,0.018558701870621263,0.019653797031409976
18.38261006525588,96264490,0.0197428501223165,0.009820539137116181,0.03393692612902703,0.020452674441544992,0.018262933171518506,0.018681463618569864
18.384145174571728,96412380,0.0193677572355576,0.009606905174790872,0.03335897304568326,0.021398990346365054,0.01893010349280994,0.01916665012452926
18.38568028179913,96560497,0.0214160039742523,0.009399055738307254,0.03272440861707704,0.022570391222625913,0.020361672068184906,0.02020211914226846
18.387215393678744,96708842,0.0204553204307071,0.009197381306629043,0.0320374037194189,0.023954782026647248,0.02211515364839885,0.02072267859061378
18.38875049625547,96857414,0.0220108776771788,0.009002263430173511,0.03130250559769805,0.025527220912088207,0.023720575429856942,0.022775625179154442
18.390285606580072,97006215,0.0234783581660449,0.008814067335291562,0.03052456875002314,0.027247770488169024,0.02512473234061013,0.02561524863753111
18.391820710714885,97155244,0.0295273239120206,0.008633149107505504,0.02970873670713808,0.02906071221312608,0.026823737120885264,0.02866119357897518
18.39335582563316,97304503,0.0315493294985136,0.008459847446641022,0.02886036103691804,0.030895530377699914,0.02951923757293845,0.033123111957502546
18.394890927153543,97453990,0.0360905993844622,0.008294491382680761,0.027984988942251092,0.03266941926687393,0.033560618788299156,0.03374892638488451
18.396426042464928,97603708,0.0303021267826191,0.008137389354633595,0.027088260056983185,0.034291570476324765,0.03837425599139354,0.03279178873510593
18.397961147435055,97753655,0.0381631690631879,0.007988839677378578,0.02617591314341074,0.035668617413403304,0.042308609644986436,0.039554780545533436
18.39949625893043,97903833,0.0476997873011729,0.007849120403852846,0.02525368162358027,0.03671133690102904,0.04353440153213073,0.04700257818830483
18.401031363113347,98054241,0.0435797888483981,0.007718495873070975,0.024327286067875018,0.037341750392211596,0.041580176551318605,0.04424925550023831
18.402566466590983,98204880,0.0382530565452949,0.0075972114132139175,0.023402355812391584,0.03750027828556242,0.037871446765390046,0.03914136509457103
18.40410157592453,98355751,0.0330789011360471,0.007485494928723025,0.022484395847145195,0.03715205039984503,0.03459766856608979,0.034011952141921126
18.405636687477823,98506854,0.0334873394007776,0.0073835571196440505,0.02157875041967063,0.036291686614627505,0.03324166894358619,0.03087401744268911
18.4071717976314,98658189,0.0345025488953115,0.007291590180927859,0.020690557479951806,0.034945784632949825,0.03400816312972662,0.034985887654769045
18.40870690278241,98809756,0.0370413601068917,0.007209767436965717,0.01982471294453381,0.033172539725216554,0.035798461577631856,0.03801888936922822
18.41024200944955,98961556,0.0347648489317209,0.007138242575772236,0.018985833493476968,0.031058209713480618,0.036443402186414196,0.03407696094297435
18.411777114016616,99113589,0.0345593792468589,0.0070771504388361176,0.018178240502693507,0.028710595022395678,0.03393772349510618,0.03326775866497069
18.41331222295799,99265856,0.0319727841747236,0.0070266058267490165,0.017405925883003166,0.026249996454332646,0.028304997584098848,0.030616512957787813
18.41484733264432,99418357,0.0217755200326641,0.006986704086081747,0.016672543938403252,0.023798719215941483,0.02186639043094209,0.021274465720317652
18.41638243946291,99571092,0.0182976570221107,0.006957520422524923,0.015981391317751642,0.021470278662908918,0.017136507962738887,0.01683242216952779
18.417917549845377,99724062,0.0149123981872503,0.006939109673374082,0.015335392936786148,0.01935972691836933,0.014841936217167263,0.016135036881199882
18.41945266016608,99877267,0.0154400306011566,0.006931506586015014,0.014737105389325433,0.017536402968521977,0.014284261826355647,0.014286944698904784
